{
	"id": "1002689",
	"name": "돼지고기 고추장 불고기",
	"thumbnail": "https://recipe1.ezmember.co.kr/cache/recipe/2015/09/15/42b5867aaa46e4b7d2403de2fc1b5d70.jpg",
	"url": "https://www.10000recipe.com/recipe/1002689",
	"ingredient_ids": [
		3,
		9,
		505,
		846,
		473,
		379,
		477,
		592,
		224,
		660,
		526
	],
	"time": "2이상",
	"ingre_list": [
		{
			"ingre_name": "돼지고기앞다리살",
			"ingre_count": "500",
			"ingre_unit": "g"
		},
		{
			"ingre_name": "양파",
			"ingre_count": "1/2",
			"ingre_unit": "개"
		},
		{
			"ingre_name": "당근",
			"ingre_count": "1/2",
			"ingre_unit": "개"
		},
		{
			"ingre_name": "청피망",
			"ingre_count": "1",
			"ingre_unit": "개"
		},
		{
			"ingre_name": "실파",
			"ingre_count": "",
			"ingre_unit": "조금"
		},
		{
			"ingre_name": "청주",
			"ingre_count": "2",
			"ingre_unit": "큰술"
		},
		{
			"ingre_name": "고추장",
			"ingre_count": "4",
			"ingre_unit": "큰술"
		},
		{
			"ingre_name": "간장",
			"ingre_count": "1",
			"ingre_unit": "큰술"
		},
		{
			"ingre_name": "두반장소스",
			"ingre_count": "1",
			"ingre_unit": "큰술"
		},
		{
			"ingre_name": "굴소스",
			"ingre_count": "1",
			"ingre_unit": "큰술"
		},
		{
			"ingre_name": "마늘4알(다지기)",
			"ingre_count": "4알(다지기)",
			"ingre_unit": "알(다지기)"
		},
		{
			"ingre_name": "양파즙",
			"ingre_count": "2",
			"ingre_unit": "큰술"
		},
		{
			"ingre_name": "고춧가루",
			"ingre_count": "1",
			"ingre_unit": "큰술"
		},
		{
			"ingre_name": "참기름",
			"ingre_count": "1",
			"ingre_unit": "큰술"
		},
		{
			"ingre_name": "황설탕",
			"ingre_count": "2",
			"ingre_unit": "큰술"
		}
	],
	"recipe": [
		"1. 시골돼지 앞다리살은 살짝 얼린상태에서 얇게 썰어준뒤 청주를 넣고 밑간을 해두세요.",
		"2. 분량의 재료대로 양념장을 만들어서 미리 밑간을 해서 재워두었던 앞다리살에다 넣고 버무려주세요. 양념이 잘 베이게 버무려주뒤 밀폐용기에 담아 냉장고로 쌩~ 고추장불고기의 양념이 조금 많아보이지만 나중에 볶을때 야채들을 넣을꺼라 괜찮답니다.",
		"3. 양파+당근+청피망은 먹기좋게 썰어서 준비해주세요. 실파는 약 4cm정도 썰어주세요. 달구어진 팬에 오일을 조금 두른뒤 야채들+재워두었던 앞다리살을 넣고 섞어주면서 볶아주세요. 고추장불고기가 맛있게 볶아지면 마지막에 실파를 넣고 살짝이 섞어주면서 볶아주세요.",
		"4. 맛있게 볶아진 돼지고기 고추장 불고기. 미리 저녁에 재워두었다가 아침에 야채들만 준비해서 후다닥. 저희집은 아침에 요렇게 고기반찬이 올라오면 기본이 밥 두공기랍니다."
	],
	"recipe_img": [
		"https://recipe1.ezmember.co.kr/cache/recipe/2015/09/15/a7cecf4b0928a368aee934d0a776846d1.jpg",
		"https://recipe1.ezmember.co.kr/cache/recipe/2015/09/15/ba89eaa0187d163cf649b9988ad99e051.jpg",
		"https://recipe1.ezmember.co.kr/cache/recipe/2015/09/15/b7ccbda66230dfa03dccf6aeb025f64b1.jpg",
		"https://recipe1.ezmember.co.kr/cache/recipe/2015/09/15/6862fa54fb8fdd749d9f45af386073461.jpg"
	]
}