{
	"id": "1005940",
	"name": "소리까지 맛있는 해물 누룽지탕",
	"thumbnail": "https://recipe1.ezmember.co.kr/cache/recipe/2015/09/15/418c622b1044a5249cdcc3cdf8f58e91.jpg",
	"url": "https://www.10000recipe.com/recipe/1005940",
	"ingredient_ids": [
		3,
		13,
		6,
		53,
		29,
		504,
		489,
		477,
		379,
		226,
		846,
		660,
		497,
		995
	],
	"time": "30",
	"ingre_list": [
		{
			"ingre_name": "해산물모둠",
			"ingre_count": "400",
			"ingre_unit": "g"
		},
		{
			"ingre_name": "양파",
			"ingre_count": "1",
			"ingre_unit": "개"
		},
		{
			"ingre_name": "청경채",
			"ingre_count": "1",
			"ingre_unit": "줌"
		},
		{
			"ingre_name": "파프리카",
			"ingre_count": "1/2",
			"ingre_unit": "개"
		},
		{
			"ingre_name": "표고버섯",
			"ingre_count": "3",
			"ingre_unit": "개"
		},
		{
			"ingre_name": "마늘",
			"ingre_count": "3",
			"ingre_unit": "쪽"
		},
		{
			"ingre_name": "식용유",
			"ingre_count": "3",
			"ingre_unit": "큰술"
		},
		{
			"ingre_name": "두반장",
			"ingre_count": "1",
			"ingre_unit": "큰술"
		},
		{
			"ingre_name": "굴소스",
			"ingre_count": "1",
			"ingre_unit": "큰술"
		},
		{
			"ingre_name": "간장",
			"ingre_count": "1/2",
			"ingre_unit": "큰술"
		},
		{
			"ingre_name": "설탕",
			"ingre_count": "1",
			"ingre_unit": "큰술"
		},
		{
			"ingre_name": "청주",
			"ingre_count": "1",
			"ingre_unit": "큰술"
		},
		{
			"ingre_name": "육수2+1/2컵",
			"ingre_count": "2+1/2",
			"ingre_unit": "컵"
		},
		{
			"ingre_name": "참기름",
			"ingre_count": "1/2",
			"ingre_unit": "큰술"
		},
		{
			"ingre_name": "소금",
			"ingre_count": "",
			"ingre_unit": "조금"
		},
		{
			"ingre_name": "녹말가루1+1/2큰술",
			"ingre_count": "1+1/2",
			"ingre_unit": "큰술"
		},
		{
			"ingre_name": "물",
			"ingre_count": "3",
			"ingre_unit": "큰술"
		}
	],
	"recipe": [
		"1. 해물은 냉동 해물모둠을 사용했어요. 오징어, 새우, 조개, 홍합이 들어있어서 다른재료를 넣지 않았답니다. 누룽지는 중화요리 재료로 사용되는 누룽지로 만들어 먹고 있어요. 수입요리재료 사이트나 남대문시장에서 구입 가능합니다. 양파 채썰고 마른표고는 불려서 물기를 꼭 짜주고 홍고추가 없어서 파프리카를 넣고 만들었어요.",
		"2. 물에 소금을 1/2티스푼을 넣고 끓이다 해물을 넣고 살짝 데쳐서 체에 건져 물기를 제거해 줍니다. 해물삶은 물을 버리지않고 육수로 사용해도 되지만 저는 물에 키친스톡을 1/3개분량을 넣어 육수로 쓰고 있어요. 중국요리 레시피를 보면 치킨파우더로 육수를 사용하더라구요.",
		"3. 달군 팬에 식용유를 뿌리고 마늘을 넣고 볶아서 향을 우러내고",
		"4. 양파-버섯-청경채 순으로 넣어 볶아주세요.",
		"5. 육수를 넣어 두반장, 굴소스등 소스재료를 넣어 간을 해줍니다.",
		"6. 해물을 넣고 끓여줍니다. 해물은 오래 끓이면 질겨서 맛이 없어요.",
		"7. 국물이 끓어오르면 국물맛을 보고 부족한 간은 소금으로 해주세요. 풀어준 녹말가루를 조금식 넣어 탕수육소스 정도로 걸죽한 소스를 만들어 준후 마지막에 참기름을 넣고 휘리릭 섞어서 소스를 완성해 줍니다.",
		"8. 중화 누룽지는 앞 뒤로 한번씩 뜨거운 기름에 넣었다 꺼내기만 해도 금방 튀겨집니다. 잠깐 방심하면 타버리니 주의 하세요. 튀겨준 누룽지는 기름을 뺀후 뜨겁게 달군 뚝배기에 넣어 줍니다.",
		"9. 뜨거운 소스를 부워주면 치익 챠르륵 하는 맛있는 소리가 난답니다.",
		"10. 저희가족은 국물이 많은걸 좋아해서 소스를 충분히 만들어 조금씩 뿌려가며 먹는답니다. 소리까지 맛있는 해물 누룽지탕 완성입니다."
	],
	"recipe_img": [
		"https://recipe1.ezmember.co.kr/cache/recipe/2015/09/15/9af73b5ac0657d86f27d4fc6fed179e41.jpg",
		"https://recipe1.ezmember.co.kr/cache/recipe/2015/09/15/038bb536c1b6748086ba6c39b7b1bca61.jpg",
		"https://recipe1.ezmember.co.kr/cache/recipe/2015/09/15/8f69fa9295148a7321cd5aaf57b4f4461.jpg",
		"https://recipe1.ezmember.co.kr/cache/recipe/2015/09/15/e5b77468356b0d83df7cd8e06941e1651.jpg",
		"https://recipe1.ezmember.co.kr/cache/recipe/2015/09/15/a280345222481c893bf74de5a7519c151.jpg",
		"https://recipe1.ezmember.co.kr/cache/recipe/2015/09/15/2e2eecf6d628845757399b802d737b4e1.jpg",
		"https://recipe1.ezmember.co.kr/cache/recipe/2015/09/15/6fc7bed922de0d65ee3e6b1a9bfc43d91.jpg",
		"https://recipe1.ezmember.co.kr/cache/recipe/2015/09/15/ac29284329a21b64921a17da4f39728d1.jpg",
		"https://recipe1.ezmember.co.kr/cache/recipe/2015/09/15/bd086f4f25aaead97f420f07e106a35c1.jpg",
		"https://recipe1.ezmember.co.kr/cache/recipe/2015/09/15/e73427fba912eeab3c9993bce634d46e1.jpg"
	]
}