{
	"id": "1016739",
	"name": "냉장고 짜투리 재료로 만드는 칼칼한 짜투리 부대찌개",
	"thumbnail": "https://recipe1.ezmember.co.kr/cache/recipe/2015/09/28/f2c9c330df04527a0bb7b83bd0ea268b.jpg",
	"url": "https://www.10000recipe.com/recipe/1016739",
	"ingredient_ids": [
		628,
		3,
		7,
		323,
		953,
		56,
		295,
		995,
		432,
		497,
		473,
		224,
		233,
		379,
		390,
		292,
		497,
		225
	],
	"time": "30",
	"ingre_list": [
		{
			"ingre_name": "돼지고기1줌(200g)",
			"ingre_count": "1줌(200g)",
			"ingre_unit": "줌(g)"
		},
		{
			"ingre_name": "햄",
			"ingre_count": "1/2",
			"ingre_unit": "캔"
		},
		{
			"ingre_name": "양파",
			"ingre_count": "1/2",
			"ingre_unit": "개"
		},
		{
			"ingre_name": "애호박",
			"ingre_count": "1/4",
			"ingre_unit": "개"
		},
		{
			"ingre_name": "두부",
			"ingre_count": "1/4",
			"ingre_unit": "모"
		},
		{
			"ingre_name": "김치",
			"ingre_count": "1/2",
			"ingre_unit": "줌"
		},
		{
			"ingre_name": "느타리버섯",
			"ingre_count": "1",
			"ingre_unit": "줌"
		},
		{
			"ingre_name": "청양고추",
			"ingre_count": "1",
			"ingre_unit": "개"
		},
		{
			"ingre_name": "붉은고추",
			"ingre_count": "1",
			"ingre_unit": "개"
		},
		{
			"ingre_name": "국물용멸치",
			"ingre_count": "5",
			"ingre_unit": "마리"
		},
		{
			"ingre_name": "다시마(10*5cm)",
			"ingre_count": "1",
			"ingre_unit": "장"
		},
		{
			"ingre_name": "물",
			"ingre_count": "4",
			"ingre_unit": "컵"
		},
		{
			"ingre_name": "포도씨유",
			"ingre_count": "2",
			"ingre_unit": "T"
		},
		{
			"ingre_name": "소금",
			"ingre_count": "",
			"ingre_unit": "약간"
		},
		{
			"ingre_name": "고추장",
			"ingre_count": "0.",
			"ingre_unit": ".T"
		},
		{
			"ingre_name": "고춧가루",
			"ingre_count": "1",
			"ingre_unit": "T"
		},
		{
			"ingre_name": "다진마늘",
			"ingre_count": "0.",
			"ingre_unit": ".T"
		},
		{
			"ingre_name": "간장",
			"ingre_count": "0.",
			"ingre_unit": ".T"
		},
		{
			"ingre_name": "새우젓",
			"ingre_count": "0.",
			"ingre_unit": ".T"
		},
		{
			"ingre_name": "맛술",
			"ingre_count": "1",
			"ingre_unit": "T"
		},
		{
			"ingre_name": "소금",
			"ingre_count": "",
			"ingre_unit": "약간"
		},
		{
			"ingre_name": "후춧가루",
			"ingre_count": "",
			"ingre_unit": "약간"
		}
	],
	"recipe": [
		"1. 먼저 먹고 남은 짜투리 돼지고기은 먹기좋게 썰어 양념장에 섞어둡니다.",
		"2. 그리고 먹고 남은 햄, 두부, 애호박, 김치는 먹기좋게 썰고, 느타리버섯은 손으로 찢고, 청양고추, 붉은고추는 어슷썰어 준비합니다.",
		"3. 그리고 육수는 멸치 다시마 육수로 준비하세요. 냄비에 물 4컵과 국물용 멸치 5마리, 다시마 10x5 1장을 넣고 끓으면 다시마는 건지고 5분정도 더 끓인 후 멸치도 건져 육수를 만들어 주세요. 그럼 멸치 다시마 육수.. 3컵정도가 나올겁니다.",
		"4. 이제 달군 냄비에 포도씨유를 두르고 양념한 돼지고기를 넣어 겉이 살짝 익을정도로 1분정도 볶아요.",
		"5. 멸치 다시마 육수 3컵를 부어 센불로 올려 끓입니다.",
		"6. 물이 끓으면 느타리버섯, 고추를 제외한 모든 재료를 넣어 3분간 끓이고 어느정도 재료가 익으면 느타리버섯을 넣어 살짝 끓입니다.",
		"7. 마지막으로 청양고추, 붉은고추를 넣고 살짝 끓인 후 마무리합니다. 모자란 간은 소금이나 새우젓으로 해주세요."
	],
	"recipe_img": [
		"https://recipe1.ezmember.co.kr/cache/recipe/2015/09/30/f1f391a91e3cdc21883550ab95a1a1e31.jpg",
		"https://recipe1.ezmember.co.kr/cache/recipe/2015/09/30/1968af81eb428ddb4aa254c71825ce751.jpg",
		"https://recipe1.ezmember.co.kr/cache/recipe/2015/09/30/caf64b05d7701d066e95ae59b807f1db1.jpg",
		"https://recipe1.ezmember.co.kr/cache/recipe/2015/09/30/6ca21fcf35cf33c95ec7b61aba938ebc1.jpg",
		"https://recipe1.ezmember.co.kr/cache/recipe/2015/09/30/634f37d0bada7a4601b6f96885286ce81.jpg",
		"https://recipe1.ezmember.co.kr/cache/recipe/2015/09/30/d567b741da74c3fc7ae3837d26d8a7ba1.jpg",
		"https://recipe1.ezmember.co.kr/cache/recipe/2015/09/30/e8d5664510a4332e1134ad8c4aac96bb1.jpg"
	]
}