{
	"id": "1023523",
	"name": "닭가슴살 동그랑땡",
	"thumbnail": "https://recipe1.ezmember.co.kr/cache/recipe/2015/09/25/032ffe9e0c8b8a93e74654e1d6b942eb.jpg",
	"url": "https://www.10000recipe.com/recipe/1023523",
	"ingredient_ids": [
		300,
		219,
		574,
		30,
		3,
		846,
		233,
		660,
		225,
		379,
		226,
		497
	],
	"time": "60",
	"ingre_list": [
		{
			"ingre_name": "닭가슴살",
			"ingre_count": "300",
			"ingre_unit": "g"
		},
		{
			"ingre_name": "달걀",
			"ingre_count": "2",
			"ingre_unit": "개"
		},
		{
			"ingre_name": "올리브유",
			"ingre_count": "",
			"ingre_unit": "적당량"
		},
		{
			"ingre_name": "두부1모(소)",
			"ingre_count": "1모(소)",
			"ingre_unit": "모(소)"
		},
		{
			"ingre_name": "부추",
			"ingre_count": "50",
			"ingre_unit": "g"
		},
		{
			"ingre_name": "홍고추",
			"ingre_count": "1",
			"ingre_unit": "개"
		},
		{
			"ingre_name": "청고추",
			"ingre_count": "1",
			"ingre_unit": "개"
		},
		{
			"ingre_name": "양파",
			"ingre_count": "1/2",
			"ingre_unit": "개"
		},
		{
			"ingre_name": "청주",
			"ingre_count": "1",
			"ingre_unit": "큰술"
		},
		{
			"ingre_name": "다진마늘",
			"ingre_count": "2",
			"ingre_unit": "큰술"
		},
		{
			"ingre_name": "참기름",
			"ingre_count": "1/2",
			"ingre_unit": "큰술"
		},
		{
			"ingre_name": "후춧가루",
			"ingre_count": "",
			"ingre_unit": "약간"
		},
		{
			"ingre_name": "간장",
			"ingre_count": "1",
			"ingre_unit": "큰술"
		},
		{
			"ingre_name": "설탕",
			"ingre_count": "1/2",
			"ingre_unit": "작은술"
		},
		{
			"ingre_name": "달걀노른자",
			"ingre_count": "1",
			"ingre_unit": "개"
		},
		{
			"ingre_name": "소금",
			"ingre_count": "1",
			"ingre_unit": "작은술"
		}
	],
	"recipe": [
		"1. 먼저 모닝빵의 가온데를 파주세요.",
		"2. 버터를 모닝빵1개당 1t씩 발라줍니다.",
		"3. 그위에 치즈 한개를 4조각으로 자른뒤 모닝빵위에 하나당2조각씩 올립니다.",
		"4. 그위에 계란을 올립니다. (계란을 깐후 손씻으세요!)",
		"5. 이쑤시개로 계란노른자를 찌릅니다.(안그러면터져요!)"
	],
	"recipe_img": [
		"https://recipe1.ezmember.co.kr/cache/recipe/2015/09/30/58cbf173ede48d990882bea69c218e961.jpg",
		"https://recipe1.ezmember.co.kr/cache/recipe/2015/09/30/23dccd0a1a3ceacd4b3e0fa7176e7b1a1.jpg",
		"https://recipe1.ezmember.co.kr/cache/recipe/2015/09/30/9268984c43dbf727cb89847a439458361.jpg",
		"https://recipe1.ezmember.co.kr/cache/recipe/2015/09/30/3dd66c3f89171af4a7e768c07c4feefa1.jpg",
		"https://recipe1.ezmember.co.kr/cache/recipe/2015/09/30/f49648e97e31cee80a4b4ce85bb6f64a1.jpg"
	]
}