{
	"id": "1025320",
	"name": "구운양파 샌드위치",
	"thumbnail": "https://recipe1.ezmember.co.kr/cache/recipe/2015/06/09/41c8a7cde5a3c8f97b74f0d4d1e48cb5.jpg",
	"url": "https://www.10000recipe.com/recipe/1025320",
	"ingredient_ids": [
		503,
		3,
		519,
		497
	],
	"time": "30",
	"ingre_list": [
		{
			"ingre_name": "식빵",
			"ingre_count": "3",
			"ingre_unit": "조각"
		},
		{
			"ingre_name": "딸기쨈",
			"ingre_count": "",
			"ingre_unit": ""
		},
		{
			"ingre_name": "계란",
			"ingre_count": "2",
			"ingre_unit": "개"
		},
		{
			"ingre_name": "양파",
			"ingre_count": "",
			"ingre_unit": "조금"
		},
		{
			"ingre_name": "허니머스터드",
			"ingre_count": "",
			"ingre_unit": "소스"
		},
		{
			"ingre_name": "후추",
			"ingre_count": "",
			"ingre_unit": "약간"
		},
		{
			"ingre_name": "소금",
			"ingre_count": "",
			"ingre_unit": "약간"
		}
	],
	"recipe": [
		"1. 식빵테두리는 깨끗이 정리해준다.",
		"2. 계란2는 멍울이 잘 풀리게 열심히 저어준후 소금으로 살짝 간해준다 코팅 잘된 후라이팬위에 기름 넉넉히 붓고 약한불 유지한채 . 계란을 팬위에 부어준다. 젓가락을 들고 빙글빙글 돌려가며 계란이 흩어지게 작은 덩어리가 되게 열심히 저으며 익혀준다.",
		"3. 원형 그대로 썰어둔 양파는 팬위에 올려 중간불 유지한채 노릇하게 구워준다.",
		"4. 식빵 윗면에 딸기잼 발라준다. 그 위에 계란 듬뿍 올려준다 계란 위에는 구운 양파 겹쳐서 올려준다",
		"5. 그위에 식빵 한장 올려준다. 식빵 한장 올린 그 윗부분엔 허니머스터드 소스 듬뿍 발라준다.",
		"6. 머스터드 위에 바로 계란 또 올려준다. 그위에 역시 구운양파 듬뿍올려준다. 남은 식빵 한장엔 딸기잼 적당히 발라준 후 덮어준다"
	],
	"recipe_img": [
		"https://recipe1.ezmember.co.kr/cache/recipe/2015/07/29/32bb47a8d8721841f1b8ec33b21bbff81.jpg",
		"https://recipe1.ezmember.co.kr/cache/recipe/2015/07/29/d57e572dacfdfef1db1e2f63d7fc6e351.jpg",
		"https://recipe1.ezmember.co.kr/cache/recipe/2015/07/29/55c61842341824715b11526e58e6da1c1.jpg",
		"https://recipe1.ezmember.co.kr/cache/recipe/2015/07/29/ac21576cec42d52dad5bcb906e50cc4a1.jpg",
		"https://recipe1.ezmember.co.kr/cache/recipe/2015/07/29/ca4636b8b42bff670e3c953e7a6b43ef1.jpg",
		"https://recipe1.ezmember.co.kr/cache/recipe/2015/07/29/6719e83dd5bd179211f762926614ee0d1.jpg"
	]
}