{
	"id": "1030675",
	"name": "떡을 이용한 겨울방학 간식~~떡맛탕~~",
	"thumbnail": "https://recipe1.ezmember.co.kr/cache/recipe/2015/06/09/0a37a9f705781e44d360c227e9d69363.jpg",
	"url": "https://www.10000recipe.com/recipe/1030675",
	"ingredient_ids": [
		432,
		132,
		184,
		476,
		497
	],
	"time": "30",
	"ingre_list": [
		{
			"ingre_name": "떡볶이떡이나가래떡2줌(약200g)",
			"ingre_count": "2줌(약 200g)",
			"ingre_unit": "줌(약 g)"
		},
		{
			"ingre_name": "포도씨유",
			"ingre_count": "2",
			"ingre_unit": "스푼"
		},
		{
			"ingre_name": "대추",
			"ingre_count": "2",
			"ingre_unit": "개"
		},
		{
			"ingre_name": "땅콩",
			"ingre_count": "2",
			"ingre_unit": "스푼"
		},
		{
			"ingre_name": "흑임자",
			"ingre_count": "0.",
			"ingre_unit": ".스푼"
		},
		{
			"ingre_name": "꿀이나물엿",
			"ingre_count": "4",
			"ingre_unit": "스푼"
		},
		{
			"ingre_name": "소금",
			"ingre_count": "",
			"ingre_unit": "약간"
		}
	],
	"recipe": [
		"1. 떡(200g)은 말랑한 것은 그냥 사용하고, 딱딱한 것은 끓는 물에 넣고 말랑하게 데쳐 물기를 빼서 준비하고....",
		"2. 물기가 바짝 마른 떡은 달군 팬에 기름(2)을 두르고, 떡이 쫀뜩하고 겉이 노르스름하게 될 때까지 굽고.....",
		"3. 떡이 노릇하게 구워지는 동안 떡맛탕에 같이 들어갈 대추 씨를 발라서 채 썰어 넣고, 땅콩은 먹기 좋게 부숴주고, 흑임자도 같이 준비하고....",
		"4. 구워진 떡은 따로 그릇에 잠시 담아서 한켠에 두고, 다시 그 팬에 꿀이나 물엿(4), 소금(약간)을 넣어 바글바글 끓이다다....",
		"5. 이어서 미리 구워준 떡을 같이 넣고.....",
		"6. 떡에 골고루 꿀이나 물엿이 묻혀지면, 대추와 땅콩, 흑임자를 넣고 한번 더 바짝 조려주면 끝......^^"
	],
	"recipe_img": [
		"https://recipe1.ezmember.co.kr/cache/recipe/2016/08/12/a63661b04f42cb44687ff50f31f1d9191.jpg"
	]
}