{
	"id": "1034604",
	"name": "마파두부",
	"thumbnail": "https://recipe1.ezmember.co.kr/cache/recipe/2015/09/18/a425f8c728e5b27682c8022b72be67b5.jpg",
	"url": "https://www.10000recipe.com/recipe/1034604",
	"ingredient_ids": [
		323,
		643,
		30,
		3,
		27,
		497,
		458,
		504,
		224,
		233,
		226,
		225,
		660,
		497
	],
	"time": "30",
	"ingre_list": [
		{
			"ingre_name": "돼지고기다짐육1줌(170g)",
			"ingre_count": "1줌(170g)",
			"ingre_unit": "줌(g)"
		},
		{
			"ingre_name": "두부",
			"ingre_count": "1/2",
			"ingre_unit": "모"
		},
		{
			"ingre_name": "풋고추",
			"ingre_count": "2",
			"ingre_unit": "개"
		},
		{
			"ingre_name": "부추",
			"ingre_count": "",
			"ingre_unit": "약간"
		},
		{
			"ingre_name": "양파",
			"ingre_count": "1",
			"ingre_unit": "개"
		},
		{
			"ingre_name": "대파",
			"ingre_count": "1/4",
			"ingre_unit": "대"
		},
		{
			"ingre_name": "멸치육수1컵(200ml)",
			"ingre_count": "1컵(200ml)",
			"ingre_unit": "컵(ml)"
		},
		{
			"ingre_name": "멸치육수",
			"ingre_count": "1",
			"ingre_unit": "컵"
		},
		{
			"ingre_name": "녹말가루",
			"ingre_count": "2",
			"ingre_unit": "큰술"
		},
		{
			"ingre_name": "소금",
			"ingre_count": "",
			"ingre_unit": "약간"
		},
		{
			"ingre_name": "후추",
			"ingre_count": "",
			"ingre_unit": "약간"
		},
		{
			"ingre_name": "생강즙",
			"ingre_count": "",
			"ingre_unit": "약간"
		},
		{
			"ingre_name": "식용유",
			"ingre_count": "2",
			"ingre_unit": "큰술"
		},
		{
			"ingre_name": "고춧가루",
			"ingre_count": "1",
			"ingre_unit": "큰술"
		},
		{
			"ingre_name": "두반장1큰술듬뿍",
			"ingre_count": "1",
			"ingre_unit": "큰술 듬뿍"
		},
		{
			"ingre_name": "다진마늘",
			"ingre_count": "0.",
			"ingre_unit": ".큰술"
		},
		{
			"ingre_name": "설탕",
			"ingre_count": "0.",
			"ingre_unit": ".작은술"
		},
		{
			"ingre_name": "후춧가루",
			"ingre_count": "",
			"ingre_unit": "약간"
		},
		{
			"ingre_name": "참기름",
			"ingre_count": "0.",
			"ingre_unit": ".큰술"
		},
		{
			"ingre_name": "소금",
			"ingre_count": "",
			"ingre_unit": "약간"
		}
	],
	"recipe": [
		"1. 돼지고기 다짐육은 소금,후춧가루, 생강즙을 약간씩 넣어 조물조물 밑간해두고, 멸치다시물은 육수를 내어 준비하고 야채는 씻어서 다듬어놓아요.",
		"2. 두부는 깍둑썰기 해놓고 양파와 대파, 풋고추는 잘게 다져놓고 부추는 잘게 썰어놓습니다.",
		"3. 깍둑 썬 두부는 끓는 소금물에 넣어 잠시 데쳐줍니다. 이렇게 데쳐야 두부가 단단해서 부서지지 않아요.",
		"4. 팬에 식용유 2큰술을 두르고 고춧가루 1큰술을 넣어 약한 불에서 달달 볶아 고추기름을 내준 후 대파와 다진 마늘을 넣어 기름에 향을 내줍니다. 이렇게 해야 돼지고기에서 누린내가 나지 않아요.",
		"5. 밑간한 돼지고기를 넣어 달달 볶다가 어느 정도 익으면 잘게 썬 풋고추와 양파를 넣어 함께 볶아요.",
		"6. 멸치육수를 붓고 두반장을 한 큰술 듬뿍 넣어줍니다. 두반장이 짜기 때문에 이것으로도 간이 충분하지만 맛을 보고 싱거우면 소금간을 추가합니다.",
		"7. 데쳐놓은 두부를 넣고 잠시 끓이다가",
		"8. 가스 불을 올려 팔팔 끓는 상태에서 멸치육수에 풀어놓은 녹말물을 넣어 잘 저어줍니다.",
		"9. 마지막에 후춧가루, 잘게 썬 부추, 참기름으로 마무리합니다. 부추를 넣은 후에는 금방 불을 꺼주어야 부추향이 살아있어요.",
		"10. 밥에 얹어 슥슥 비벼 먹었는데 매콤하니 정말 꿀맛이었어요. 두반장의 독특한 맛이 입맛을 돋궈 줍니다."
	],
	"recipe_img": [
		"https://recipe1.ezmember.co.kr/cache/recipe/2015/09/18/7b7f86ced8eeda5f364dc1baa545a5bf1.jpg",
		"https://recipe1.ezmember.co.kr/cache/recipe/2015/09/18/dd01c2161281514da586cc4a0668fc141.jpg",
		"https://recipe1.ezmember.co.kr/cache/recipe/2015/09/18/aa1b0fafb5330d9021cc4b41a92d576e1.jpg",
		"https://recipe1.ezmember.co.kr/cache/recipe/2015/09/18/32b556b0d472dadf3d10b162f401ae901.jpg",
		"https://recipe1.ezmember.co.kr/cache/recipe/2015/09/18/5e9df8be67617a9b2a19466a50452af61.jpg",
		"https://recipe1.ezmember.co.kr/cache/recipe/2015/09/18/132f5563e141aa77ad925843783291cc1.jpg",
		"https://recipe1.ezmember.co.kr/cache/recipe/2015/09/18/56cd918739bc47c049f520ac4f58eeb81.jpg",
		"https://recipe1.ezmember.co.kr/cache/recipe/2015/09/18/63644b8772d576bbe73f8c80acb303231.jpg",
		"https://recipe1.ezmember.co.kr/cache/recipe/2015/09/18/dc916f3555fd96ac697829af60b750571.jpg",
		"https://recipe1.ezmember.co.kr/cache/recipe/2015/09/18/ba3e66b7b295b3f8ed49dd34af4239a31.jpg"
	]
}