{
	"id": "1036065",
	"name": " 타우린이 듬뿍~영양만점 밥반찬",
	"thumbnail": "https://recipe1.ezmember.co.kr/cache/recipe/2015/06/09/d343937abdb487f5dc3bf0f905fa179a.jpg",
	"url": "https://www.10000recipe.com/recipe/1036065",
	"ingredient_ids": [
		38,
		876,
		282,
		505,
		543,
		575,
		231,
		227,
		971,
		276,
		233,
		292,
		458,
		660
	],
	"time": "90",
	"ingre_list": [
		{
			"ingre_name": "도라지",
			"ingre_count": "200",
			"ingre_unit": "g"
		},
		{
			"ingre_name": "미삼",
			"ingre_count": "50",
			"ingre_unit": "g"
		},
		{
			"ingre_name": "쌀뜨물",
			"ingre_count": "2",
			"ingre_unit": "컵"
		},
		{
			"ingre_name": "굵은소금",
			"ingre_count": "1",
			"ingre_unit": "큰술"
		},
		{
			"ingre_name": "실파",
			"ingre_count": "2",
			"ingre_unit": "줄기"
		},
		{
			"ingre_name": "통깨",
			"ingre_count": "1",
			"ingre_unit": "작은술"
		},
		{
			"ingre_name": "올리고당",
			"ingre_count": "3",
			"ingre_unit": "큰술"
		},
		{
			"ingre_name": "식초",
			"ingre_count": "4",
			"ingre_unit": "큰술"
		},
		{
			"ingre_name": "볶음소금",
			"ingre_count": "1",
			"ingre_unit": "작은술"
		},
		{
			"ingre_name": "꿀",
			"ingre_count": "1",
			"ingre_unit": "작은술"
		},
		{
			"ingre_name": "",
			"ingre_count": "",
			"ingre_unit": ""
		},
		{
			"ingre_name": "고운고춧가루",
			"ingre_count": "2",
			"ingre_unit": "큰술"
		},
		{
			"ingre_name": "다진마늘",
			"ingre_count": "1",
			"ingre_unit": "큰술"
		},
		{
			"ingre_name": "맛술",
			"ingre_count": "1",
			"ingre_unit": "큰술"
		},
		{
			"ingre_name": "생강즙",
			"ingre_count": "1/4",
			"ingre_unit": "작은술"
		},
		{
			"ingre_name": "참기름",
			"ingre_count": "1",
			"ingre_unit": "작은술"
		}
	],
	"recipe": [
		"1. 통도라지는 껍질을 벗기고 먹기 좋은 크기로 잘라주어 쌀뜨물에 담구어 아린맛을 우려낸뒤 굵은소금을 넣고 바락바락 문질러 씻어줍니다. 부드러워진 도라지에 절임물을 넣어 1시간정도 절여줍니다.",
		"2. 미삼은 살짝 비벼 흙을 씻어 준비합니다.",
		"3. 도라지가 숨이 죽으면 건져 키친페이퍼에 올려 물기를 빼 주고 미삼과 함께 볼에 담고 무침양념을 분량대로 넣어 고루 섞어 조물조물 무쳐줍니다. 마지막에 통깨 뿌려 섞어주세요.",
		"4. 접시에 담고 송송 썬 실파을 올려 상에냅니다.."
	],
	"recipe_img": [
		"https://recipe1.ezmember.co.kr/cache/recipe/2016/08/12/6bf7bbdf74ac738fc502752ada4753001.jpg",
		"https://recipe1.ezmember.co.kr/cache/recipe/2016/08/12/c80e5520f3cf3546460d9eb6a581abb91.jpg"
	]
}