{
	"id": "1046527",
	"name": "매콤하고 시원한 돼지고기 김치찌개",
	"thumbnail": "https://recipe1.ezmember.co.kr/cache/recipe/2015/06/09/c85ca77b40e73f15885e1336d5bf39de.jpg",
	"url": "https://www.10000recipe.com/recipe/1046527",
	"ingredient_ids": [
		923,
		487,
		3,
		27,
		995,
		302,
		432,
		224,
		349,
		233,
		292,
		497
	],
	"time": "30",
	"ingre_list": [
		{
			"ingre_name": "묵은지",
			"ingre_count": "1/4",
			"ingre_unit": "포기"
		},
		{
			"ingre_name": "돼지고기",
			"ingre_count": "200",
			"ingre_unit": "g"
		},
		{
			"ingre_name": "양파",
			"ingre_count": "1/2",
			"ingre_unit": "개"
		},
		{
			"ingre_name": "대파",
			"ingre_count": "1/4",
			"ingre_unit": "대"
		},
		{
			"ingre_name": "물",
			"ingre_count": "3",
			"ingre_unit": "컵"
		},
		{
			"ingre_name": "당면",
			"ingre_count": "1",
			"ingre_unit": "줌"
		},
		{
			"ingre_name": "포도씨유",
			"ingre_count": "2",
			"ingre_unit": "큰술"
		},
		{
			"ingre_name": "고춧가루",
			"ingre_count": "1",
			"ingre_unit": "큰술"
		},
		{
			"ingre_name": "국간장",
			"ingre_count": "1/2",
			"ingre_unit": "큰술"
		},
		{
			"ingre_name": "다진마늘",
			"ingre_count": "1/2",
			"ingre_unit": "큰술"
		},
		{
			"ingre_name": "맛술",
			"ingre_count": "1",
			"ingre_unit": "큰술"
		},
		{
			"ingre_name": "소금",
			"ingre_count": "",
			"ingre_unit": "약간"
		},
		{
			"ingre_name": "후추",
			"ingre_count": "",
			"ingre_unit": "약간"
		},
		{
			"ingre_name": "라면스프",
			"ingre_count": "",
			"ingre_unit": "약간"
		}
	],
	"recipe": [
		"1. (앞다리살 혹은 삼겹살) 돼지고기에 포도씨유를 제외한 양념재료를 넣고 조물조물해줍니다.",
		"2. 달군 냄비에 포도씨유를 넣고 돼지고기를 센불에 1~2분정도 볶아줍니다.",
		"3. 볶다가 적당히 썬 묵은지를 넣고 같이 5분정도 볶아줍니다.",
		"4. 물 3컵을 넣고 센불로 올려줍니다.",
		"5. 물이 끓기 시작하면 채썬 양파를 넣고 약불에 20~30분 정도 김치가 푹 익도록 끓여줍니다.",
		"6. 김치가 푹익으면 송송 썬 대파를 넣어 살짝 끓이다가 간이 모자르면 소금간을 살짝 해줍니다. 건강에는 별로 안좋을지 모르지만 소금 간 대신 라면스프를 이용해도 좋아요. 진짜 맛있음.",
		"7. 비록 꼼수를 써서만들었지만 맛있게 잘먹었답니다. 김치가 더 익었으면 김치대로 맛이 있었을 텐데 말이죠."
	],
	"recipe_img": [
		"https://recipe1.ezmember.co.kr/cache/recipe/2015/09/22/fa46a1d5c9aa0dac46a01fd900e143441.jpg",
		"https://recipe1.ezmember.co.kr/cache/recipe/2015/09/22/d70cf6f9643e9632c6227a09d9a331c81.jpg",
		"https://recipe1.ezmember.co.kr/cache/recipe/2015/09/22/e52450524e72f227f58ad031b1354f301.jpg",
		"https://recipe1.ezmember.co.kr/cache/recipe/2015/09/22/718f0f360b5a7e6119df08e97b6b53d71.jpg",
		"https://recipe1.ezmember.co.kr/cache/recipe/2015/09/22/a75d219b3496f4e9a46e47b009a710d31.jpg",
		"https://recipe1.ezmember.co.kr/cache/recipe/2015/09/22/515e6ba8a556d5cc5bb6e44e97fbba461.jpg",
		"https://recipe1.ezmember.co.kr/cache/recipe/2015/09/22/04eee2e9af2898ae3df5813a310cb4ce1.jpg"
	]
}