{
	"id": "1046160",
	"name": "생연어 그릴구이",
	"thumbnail": "https://recipe1.ezmember.co.kr/cache/recipe/2015/09/21/06fbe3a3f1ac2330f81f9609380b3079.jpg",
	"url": "https://www.10000recipe.com/recipe/1046160",
	"ingredient_ids": [
		134
	],
	"time": "30",
	"ingre_list": [
		{
			"ingre_name": "생연어",
			"ingre_count": "1",
			"ingre_unit": "토막"
		},
		{
			"ingre_name": "레몬",
			"ingre_count": "",
			"ingre_unit": "약간"
		}
	],
	"recipe": [
		"1. 생연어는 너무 두꺼우면 익을 때 오래 걸려서 적당한 두께로 저며가며 토막을 낸답니다.",
		"2. 소금, 후추 뿌리고 올리브오일 넉넉히 뿌려 20분이상 재워둡니다.",
		"3. 함께 곁들이는 양파와 양송이 버섯도 큼직하게 썰어 소금, 후추, 올리브오일에 재워둡니다.",
		"4. 그릴팬을 달구어 재워 둔 연어와 야채를 굽는답니다.",
		"5. 앞뒤로 노릇하게 구워주세요. 빨간 살색이 모두 하얗게 변하면 익은 것이랍니다 알맞게 익혀야 부드럽지 많이 익히면 퍽퍽해 진답니다.",
		"6. 넓은 접시에 레몬을 곁들여 구워진 연어와 야채를 담아내고, 먹기전에 레몬을 짜서 즙을 뿌려주세요. 우리 집에서 가장 자주 해 먹는 간단한 방법의 연어구이랍니다. 연어가 워낙 싱싱해서인지 구워도 맛이 좋아요."
	],
	"recipe_img": [
		"https://recipe1.ezmember.co.kr/cache/recipe/2015/09/22/7bdd0da033d40cc7c25112625d1f03251.jpg",
		"https://recipe1.ezmember.co.kr/cache/recipe/2015/09/22/42d6f1e1500d7faa7dee9bc3dd9a91181.jpg",
		"https://recipe1.ezmember.co.kr/cache/recipe/2015/09/22/6917ceaef4188e08105b8e924ddff59c1.jpg",
		"https://recipe1.ezmember.co.kr/cache/recipe/2015/09/22/03901984ee8cd4b4a9bec41a5e111eea1.jpg",
		"https://recipe1.ezmember.co.kr/cache/recipe/2015/09/22/7d208032b6c6d3eec20dee17ad790ac61.jpg",
		"https://recipe1.ezmember.co.kr/cache/recipe/2015/09/22/5418d1f7927734601986dbbc790b13711.jpg"
	]
}