{
	"id": "1053623",
	"name": "겨울에 먹으면 더 맛있는 시금치 무침",
	"thumbnail": "https://recipe1.ezmember.co.kr/cache/recipe/2015/10/27/8159bcb2f536dce12b910a9654b8e531.jpg",
	"url": "https://www.10000recipe.com/recipe/1053623",
	"ingredient_ids": [
		9,
		282,
		736,
		233,
		341,
		497,
		543,
		660,
		225
	],
	"time": "30",
	"ingre_list": [
		{
			"ingre_name": "시금치다듬은것",
			"ingre_count": "350",
			"ingre_unit": "g"
		},
		{
			"ingre_name": "당근",
			"ingre_count": "1/4",
			"ingre_unit": "개"
		},
		{
			"ingre_name": "굵은소금",
			"ingre_count": "1",
			"ingre_unit": "큰술"
		},
		{
			"ingre_name": "조선간장",
			"ingre_count": "1",
			"ingre_unit": "큰술"
		},
		{
			"ingre_name": "다진마늘",
			"ingre_count": "1",
			"ingre_unit": "큰술"
		},
		{
			"ingre_name": "다진파",
			"ingre_count": "2",
			"ingre_unit": "큰술"
		},
		{
			"ingre_name": "물엿",
			"ingre_count": "",
			"ingre_unit": "약간"
		},
		{
			"ingre_name": "소금",
			"ingre_count": "0.",
			"ingre_unit": ".큰술"
		},
		{
			"ingre_name": "통깨",
			"ingre_count": "0.",
			"ingre_unit": ".큰술"
		},
		{
			"ingre_name": "참기름",
			"ingre_count": "2",
			"ingre_unit": "큰술"
		},
		{
			"ingre_name": "후춧가루",
			"ingre_count": "",
			"ingre_unit": "적당량"
		}
	],
	"recipe": [
		"1. 시금치 종류를 다듬을 때는 우선 흙이 있는 상태에서 씻지 말고, 뿌리쪽을 살짝 칼로 잘라내고, 위쪽에 뿌리쪽을 중심으로 해서 먹기 좋게 쪽수를 나눠 주세요. 뿌리쪽이 마음에 들지 않는다고 마구 댕강 다 잘라버리시는데 사실 뿌리쪽의 맛이 더욱 달고 맛이 좋거든요. 살짝 삐져 나온 뿌리쪽만 씻어 주시고 대충 흙만 씻어내는 정도만 두어 차례 헹궈 줍니다. 나중에 데치고 나서 찬 물에 헹궈낼 거거든요.",
		"2. 저희 친정 엄마표 시금치 무침에는 꼭 이 당근이 같이 들어가요. 그래서 저도 언제부터인가 꼭 시금치 무침에는 당근을 같이 넣어줍니다. 당근 4분의 1개는 먹기 좋게 채 썰어줍니다.",
		"3. 넓은 냄비에 물을 넣고 굵은 소금 1을 넣고 팔팔 끓이다가 물이 바글바글 마구 끓을 때 체에 채썬 당근을 넣고 당근이 살짝 익는 정도만 한 10초 정도 데쳐서 건져냅니다. 건져낸 당근은 그냥 찬물에 헹구지 말고 남은 열로 익도록 펼쳐서 식혀줍니다.",
		"4. 이어서 끓는 물에 미리 다듬어 놓은 섬초를 넣고 넣은 상태에서 약 2,3초만 있다가 바로 시금치를 뒤집어서 다시 2,3초 정도 시금치는 아주 살짝만 데쳐낸다 생각하고 데쳐주셔야 맛있어요. 마냥 다른 채소를 데치는 것처럼 오래 시간 데치면 시금치는 맛이 떨어지고 나중에 무쳐 놓아도 누렇게 뜨고 잎도 흐물거린답니다.",
		"5. 데친 시금치는 얼른 체에 밭쳐 뜨거운 물을 버리고, 찬 물에 담가서 2,3차례 헹궈내서 더러운 이물질 등을 제거하고 잎이 파릇파릇 살아나게 씻어줍니다. 그리고 물기를 꼭 짜줍니다.",
		"6. 물기를 꼭 짠 섬초와 당근 데친 것을 볼에 넣고 양념재료 중 조선간장 1, 다진 마늘 1, 다진 파 2, 물엿 약간, 소금 0.3을 넣고 손으로 조물딱조물딱 먼저 무쳐줍니다. 시금치 무침의 간은 조선간장으로 하고, 나머지 간은 소금으로 하는 것이 깔끔하게 맛있어요. 다른 시금치와 달리 섬초는 자체적으로 가진 단 맛 때문에 설탕이니 물엿을 넣지 않아도 되긴 하지만, 약간만 취향에 따라서 넣어 주셔도 좋답니다. 저는 일부러 윤기도 더해주려고 물엿을 살짝만 넣어주었어요.",
		"7. 마늘과 간이 배어있는 시금치무침에 마지막으로 통깨 0.5, 참기름 2, 후춧가루 적당량를 넣고서 한번 더 조물조물 무쳐내면 끝."
	],
	"recipe_img": [
		"https://recipe1.ezmember.co.kr/cache/recipe/2015/10/29/59da2dfe908ab118d34b3b1820dd68721.jpg",
		"https://recipe1.ezmember.co.kr/cache/recipe/2015/10/29/315a4378558581af1377e82bf9b0d49e1.jpg",
		"https://recipe1.ezmember.co.kr/cache/recipe/2015/10/29/8923a7cc92ffe0a99e39322a6edba75f1.jpg",
		"https://recipe1.ezmember.co.kr/cache/recipe/2015/10/29/06c4505b4f40b4fe9cb3804687f71e891.jpg",
		"https://recipe1.ezmember.co.kr/cache/recipe/2015/10/29/17d91c21d1301c0567273157d72977481.jpg",
		"https://recipe1.ezmember.co.kr/cache/recipe/2015/10/29/1a25504466af8b11c84fea7144516bd61.jpg",
		"https://recipe1.ezmember.co.kr/cache/recipe/2015/10/29/7abd3437226eecb8cda209dacd39ead61.jpg"
	]
}