{
	"id": "1062081",
	"name": "비오는 날 더 맛있는 얼큰한 짬뽕",
	"thumbnail": "https://recipe1.ezmember.co.kr/cache/recipe/2015/09/25/6c6327bd22c492db8db3f7674faf296b.jpg",
	"url": "https://www.10000recipe.com/recipe/1062081",
	"ingredient_ids": [
		79,
		65,
		88,
		21,
		3,
		9,
		57,
		2,
		27,
		643,
		504,
		224,
		233,
		292,
		224,
		349,
		497,
		225
	],
	"time": "60",
	"ingre_list": [
		{
			"ingre_name": "멸치육수",
			"ingre_count": "6",
			"ingre_unit": "컵"
		},
		{
			"ingre_name": "새우",
			"ingre_count": "70",
			"ingre_unit": "g"
		},
		{
			"ingre_name": "오징어",
			"ingre_count": "100",
			"ingre_unit": "g"
		},
		{
			"ingre_name": "홍합",
			"ingre_count": "100",
			"ingre_unit": "g"
		},
		{
			"ingre_name": "양배추",
			"ingre_count": "80",
			"ingre_unit": "g"
		},
		{
			"ingre_name": "양파",
			"ingre_count": "50",
			"ingre_unit": "g"
		},
		{
			"ingre_name": "당근",
			"ingre_count": "30",
			"ingre_unit": "g"
		},
		{
			"ingre_name": "목이버섯",
			"ingre_count": "50",
			"ingre_unit": "g"
		},
		{
			"ingre_name": "시금치",
			"ingre_count": "1/2",
			"ingre_unit": "줌"
		},
		{
			"ingre_name": "대파",
			"ingre_count": "1/2",
			"ingre_unit": "대"
		},
		{
			"ingre_name": "풋고추",
			"ingre_count": "1",
			"ingre_unit": "개"
		},
		{
			"ingre_name": "붉은고추",
			"ingre_count": "1",
			"ingre_unit": "개"
		},
		{
			"ingre_name": "식용유",
			"ingre_count": "3",
			"ingre_unit": "큰술"
		},
		{
			"ingre_name": "고춧가루",
			"ingre_count": "2",
			"ingre_unit": "큰술"
		},
		{
			"ingre_name": "다진마늘",
			"ingre_count": "0.",
			"ingre_unit": ".큰술"
		},
		{
			"ingre_name": "맛술",
			"ingre_count": "2",
			"ingre_unit": "큰술"
		},
		{
			"ingre_name": "고춧가루",
			"ingre_count": "3",
			"ingre_unit": "큰술"
		},
		{
			"ingre_name": "국간장",
			"ingre_count": "4",
			"ingre_unit": "큰술"
		},
		{
			"ingre_name": "소금",
			"ingre_count": "0.",
			"ingre_unit": ".큰술"
		},
		{
			"ingre_name": "후춧가루",
			"ingre_count": "",
			"ingre_unit": "약간"
		}
	],
	"recipe": [
		"1. 오징어는 칼집을 내서 살짝 데쳐놓고 홍합과 새우살은 씻어 놓고 야채도 적당한 크기로 썰어놓아요. 멸치육수는 멸치를 듬뿍 넣고 진하게 우려낸 거에요.",
		"2. 팬에 식용유를 두르고 고춧가루를 넣어 고추기름을 낸 후 다진 마늘을 넣어 기름에 마늘향을 내줍니다. 약한 불에서 해주세요.",
		"3. 멸치육수를 붓고 양파와 양배추, 당근 등 단단한 야채를 먼저 넣어 5분 정도 끓입니다.",
		"4. 시금치와 목이버섯, 해물을 넣고 살짝만 더 끓여주면 됩니다.",
		"5. 분량의 양념으로 국물맛을 내주고 나중에 국수를 넣어 함께 먹기 때문에 간이 조금 세야 나중에 딱 맞아요.짬뽕은 싱거운 것보다는 약간 짭짤하게 먹어야 더 맛있답니다.",
		"6. 마지막에 대파를 어슷 썰어넣으면 완성.",
		"7. 생소면을 쫄깃하게 삶아줍니다. 살짝 덜 익은 듯 할 때 꺼내야 쫄깃한 짬뽕국수를 먹을 수 있어요.",
		"8. 국수를 체에 걸러 찬 물에 살짝 헹군 후 그릇에 담고 끓여놓은 짬뽕국물을 부어내면 되지요."
	],
	"recipe_img": [
		"https://recipe1.ezmember.co.kr/cache/recipe/2015/09/30/91a54346cf43ceb472e223faa65bfd781.jpg",
		"https://recipe1.ezmember.co.kr/cache/recipe/2015/09/30/06ceeb2ccaf869e88e435b6a77f1b1681.jpg",
		"https://recipe1.ezmember.co.kr/cache/recipe/2015/09/30/19af176d2c3f19632152d712ddb9798c1.jpg",
		"https://recipe1.ezmember.co.kr/cache/recipe/2015/09/30/35a0db8b26d073fddf1d65ceb74c7b941.jpg",
		"https://recipe1.ezmember.co.kr/cache/recipe/2015/09/30/f059ddbd65a6c2238454950dded6a2d61.jpg",
		"https://recipe1.ezmember.co.kr/cache/recipe/2015/09/30/3acb055e584accfecbb7f44d39f738c21.jpg",
		"https://recipe1.ezmember.co.kr/cache/recipe/2015/09/30/99bbf6567a84b666e1d1a3a99ba643bb1.jpg",
		"https://recipe1.ezmember.co.kr/cache/recipe/2015/09/30/83191b20358345036e5c12fd8413200a1.jpg"
	]
}