{
	"id": "1068659",
	"name": "부들부들한 간장닭찜",
	"thumbnail": "https://recipe1.ezmember.co.kr/cache/recipe/2015/09/11/4cd81b9fcca826de667b76ac5ff3cf1a.jpg",
	"url": "https://www.10000recipe.com/recipe/1068659",
	"ingredient_ids": [
		9,
		5,
		27,
		497,
		225,
		292,
		233,
		292,
		458,
		478,
		225,
		660,
		19,
		142,
		3
	],
	"time": "60",
	"ingre_list": [
		{
			"ingre_name": "닭(1kg)",
			"ingre_count": "1",
			"ingre_unit": "마리"
		},
		{
			"ingre_name": "당근",
			"ingre_count": "1",
			"ingre_unit": "개"
		},
		{
			"ingre_name": "감자",
			"ingre_count": "2",
			"ingre_unit": "개"
		},
		{
			"ingre_name": "홍고추",
			"ingre_count": "1",
			"ingre_unit": "개"
		},
		{
			"ingre_name": "청고추",
			"ingre_count": "1",
			"ingre_unit": "개"
		},
		{
			"ingre_name": "대파",
			"ingre_count": "1/2",
			"ingre_unit": "대"
		},
		{
			"ingre_name": "소금",
			"ingre_count": "0.",
			"ingre_unit": ".작은술"
		},
		{
			"ingre_name": "후춧가루",
			"ingre_count": "",
			"ingre_unit": "약간"
		},
		{
			"ingre_name": "맛술",
			"ingre_count": "3",
			"ingre_unit": "큰술"
		},
		{
			"ingre_name": "진간장",
			"ingre_count": "7",
			"ingre_unit": "큰술"
		},
		{
			"ingre_name": "다진마늘",
			"ingre_count": "1",
			"ingre_unit": "큰술"
		},
		{
			"ingre_name": "맛술",
			"ingre_count": "2",
			"ingre_unit": "큰술"
		},
		{
			"ingre_name": "생강즙",
			"ingre_count": "1",
			"ingre_unit": "작은술"
		},
		{
			"ingre_name": "흑설탕",
			"ingre_count": "2",
			"ingre_unit": "큰술"
		},
		{
			"ingre_name": "후춧가루",
			"ingre_count": "",
			"ingre_unit": "약간"
		},
		{
			"ingre_name": "참기름",
			"ingre_count": "1",
			"ingre_unit": "큰술"
		},
		{
			"ingre_name": "무양파즙",
			"ingre_count": "2",
			"ingre_unit": "컵"
		},
		{
			"ingre_name": "무",
			"ingre_count": "1",
			"ingre_unit": "줌"
		},
		{
			"ingre_name": "배",
			"ingre_count": "1/4",
			"ingre_unit": "조각"
		},
		{
			"ingre_name": "양파",
			"ingre_count": "1",
			"ingre_unit": "개"
		}
	],
	"recipe": [
		"1. 닭은 기름기를 대충 제거하고 깨끗히 씻어놓아요. 감자와 당근은 한입 크기로 썰어놓고요.",
		"2. 닭은 밑간양념에 잠시 재워놓았다가 약한 불에서 끓이기 시작합니다.",
		"3. 물 한방울 넣지 않아도 닭에서 기름이 흘러나와 흥건해질 거에요. 센 불에서 하면 닭이 타니까 약한 불에서 끓기 시작하면서 3분 정도 끓인 후 건져내면 기름기가 쪽~ 빠질거에요.",
		"4. 그동안 무배양파즙을 준비하는데요. 분량의 재료를 갈아서 즙을 짜면 종이컵으로 2컵이 나온답니다.",
		"5. 그릇에 양념재료를 넣어 잘 섞어줍니다. 무배양파즙이 없으시면 그냥 생수넣으셔도 괜찮아요.",
		"6. 기름기를 뺀 닭을 웍에 담고 양념장을 붓고 센 불에서 끓이기 시작하다가 끓기 시작하면 불을 줄여 중불에서 10여분 끓여줍니다.",
		"7. 바글바글 끓으면서 닭이 잘 익어갈거에요. 뒤지개로 위 아래를 뒤적뒤적 한번 섞어 색이 골고루 들게 합니다.",
		"8. 닭이 어느 정도 익었으면 당근과 감자를 넣고 잘 섞은 후 뚜껑을 닫고 7분 정도 더 졸여주면 됩니다.",
		"9. 역시 위 아래로 한번 뒤적거려 색이 골고루 들게하고요. 감자를 넣고 너무 오래 졸이면 감자가 다 부스러져서 죽이 되어버립니다. 감자를 넣고나면 감자가 익을 정도로만 끓여주면 된답니다.",
		"10. 마지막에 청홍고추와 어슷 썬 대파, 참기름과 후춧가루로 마무리합니다. 약 1분 정도만 더 끓여주면 끝~! 대파와 참기름, 후춧가루의 향이 살아있어요."
	],
	"recipe_img": [
		"https://recipe1.ezmember.co.kr/cache/recipe/2015/09/11/06a04ab0470915dc3e7e05f7160da77c1.jpg",
		"https://recipe1.ezmember.co.kr/cache/recipe/2015/09/11/aac77aebb6b1268f1fa2a1c695b58e661.jpg",
		"https://recipe1.ezmember.co.kr/cache/recipe/2015/09/11/c6e3799e37b115c0890e3211681c11b01.jpg",
		"https://recipe1.ezmember.co.kr/cache/recipe/2015/09/11/7a7b13fc634d370832b862e530e401341.jpg",
		"https://recipe1.ezmember.co.kr/cache/recipe/2015/09/11/fe70f51f6a3dd6e904b7971c4f3965881.jpg",
		"https://recipe1.ezmember.co.kr/cache/recipe/2015/09/11/7e1a44f09ca1991cbb59fc51994dc0911.jpg",
		"https://recipe1.ezmember.co.kr/cache/recipe/2015/09/11/fd2042e44e988319543b9eadd52553011.jpg",
		"https://recipe1.ezmember.co.kr/cache/recipe/2015/09/11/508fbc32efaba34913817e36fc1776d81.jpg",
		"https://recipe1.ezmember.co.kr/cache/recipe/2015/09/11/ca1d9730c9a8553df09a9092ec7a32671.jpg",
		"https://recipe1.ezmember.co.kr/cache/recipe/2015/09/11/3dda4cff14ee42ac280276c42d31c4341.jpg"
	]
}