{
	"id": "1071680",
	"name": "고소하게 씹히는 맛이 좋은 새우볶음밥",
	"thumbnail": "https://recipe1.ezmember.co.kr/cache/recipe/2015/06/09/bb9abd9cc91ff9224bda4ab55847ba4a.jpg",
	"url": "https://www.10000recipe.com/recipe/1071680",
	"ingredient_ids": [
		79,
		3,
		34,
		233,
		477
	],
	"time": "30",
	"ingre_list": [
		{
			"ingre_name": "새우",
			"ingre_count": "1",
			"ingre_unit": "줌"
		},
		{
			"ingre_name": "밥",
			"ingre_count": "2",
			"ingre_unit": "공기"
		},
		{
			"ingre_name": "양파",
			"ingre_count": "1/2",
			"ingre_unit": "개"
		},
		{
			"ingre_name": "고추",
			"ingre_count": "2",
			"ingre_unit": "개"
		},
		{
			"ingre_name": "파",
			"ingre_count": "",
			"ingre_unit": "약간"
		},
		{
			"ingre_name": "다진마늘",
			"ingre_count": "",
			"ingre_unit": "약간"
		},
		{
			"ingre_name": "굴소스",
			"ingre_count": "1",
			"ingre_unit": "큰술"
		}
	],
	"recipe": [
		"1. 기름 두른 팬에 다진마늘을 넣고 향이 나도록 볶아줍니다.",
		"2. 잘씻어 손질한 새우, 잘게 썬 양파, 고추, 파를 넣고 잘 볶아줍니다.",
		"3. 따뜻한 밥과 굴소스를 넣고 잘 볶아냅니다."
	],
	"recipe_img": [
		"https://recipe1.ezmember.co.kr/cache/recipe/2015/08/31/8865a7dd71b28f5b675af3b9b180cb2a1.jpg",
		"https://recipe1.ezmember.co.kr/cache/recipe/2015/08/31/617228e3a50a782f97d4487baac2311a1.jpg",
		"https://recipe1.ezmember.co.kr/cache/recipe/2015/08/31/5871cac4300231a4abf0e5c810af54501.jpg"
	]
}