{
	"id": "1071072",
	"name": "저렴하고 맛좋은 미역줄기볶음",
	"thumbnail": "https://recipe1.ezmember.co.kr/cache/recipe/2015/09/11/2e5cb94c4ea3f223ad5e3e277420b105.jpg",
	"url": "https://www.10000recipe.com/recipe/1071072",
	"ingredient_ids": [
		376,
		3,
		22,
		27,
		504,
		233,
		349,
		226,
		224,
		660,
		350,
		225
	],
	"time": "90",
	"ingre_list": [
		{
			"ingre_name": "미역줄기",
			"ingre_count": "1",
			"ingre_unit": "줌"
		},
		{
			"ingre_name": "양파",
			"ingre_count": "1/2",
			"ingre_unit": "개"
		},
		{
			"ingre_name": "피망",
			"ingre_count": "",
			"ingre_unit": "약간"
		},
		{
			"ingre_name": "대파",
			"ingre_count": "1/4",
			"ingre_unit": "대"
		},
		{
			"ingre_name": "식용유",
			"ingre_count": "1",
			"ingre_unit": "큰술"
		},
		{
			"ingre_name": "다진마늘",
			"ingre_count": "0.",
			"ingre_unit": ".큰술"
		},
		{
			"ingre_name": "국간장",
			"ingre_count": "2",
			"ingre_unit": "큰술"
		},
		{
			"ingre_name": "설탕",
			"ingre_count": "0.",
			"ingre_unit": ".큰술"
		},
		{
			"ingre_name": "고춧가루",
			"ingre_count": "1",
			"ingre_unit": "큰술"
		},
		{
			"ingre_name": "참기름",
			"ingre_count": "1",
			"ingre_unit": "큰술"
		},
		{
			"ingre_name": "깨소금",
			"ingre_count": "",
			"ingre_unit": "약간"
		},
		{
			"ingre_name": "후춧가루",
			"ingre_count": "",
			"ingre_unit": "약간"
		}
	],
	"recipe": [
		"1. 염장미역줄기는 소금이 하나 가득 묻어있어요. 몇 번 씻은 후 찬 물에 1시간 정도 담궈놓으면 짠기가 빠질거에요. 양파와 피망, 대파는 채썰어 놓아요.",
		"2. 팬을 살짝 달궈 식용유를 두르고 다진 마늘을 먼저 볶아 기름에 마늘향을 내준 다음 양파와 미역줄기를 넣고 중불에서 달달 볶아요.",
		"3. 여기에 고춧가루, 국간장, 고춧가루, 깨소금과 후춧가루를 넣어 양념하고 채 썬 피망도 넣고 센 불에서 휘리릭~ 볶아줍니다. 국물이 질척하면 맛이 별로에요. 양파와 미역줄기에서 나온 국물을 날려주세요.",
		"4. 미역줄기에서 소금기를 뺀 정도가 각각 다르니 간은 먹어보고 소금을 추가해서 간을 맞추면 됩니다.",
		"5. 마지막에 대파와 참기름을 넣고 마무리~!"
	],
	"recipe_img": [
		"https://recipe1.ezmember.co.kr/cache/recipe/2015/09/11/910a721a48c6510449b7bf7fe441795a1.jpg",
		"https://recipe1.ezmember.co.kr/cache/recipe/2015/09/11/20adb2d64970be117c4f82a74af3da201.jpg",
		"https://recipe1.ezmember.co.kr/cache/recipe/2015/09/11/fe4114a73f557033c28b723b2ca131551.jpg",
		"https://recipe1.ezmember.co.kr/cache/recipe/2015/09/11/5e3c48be71a55643793ac0f35bcbeae31.jpg",
		"https://recipe1.ezmember.co.kr/cache/recipe/2015/09/11/b40ba9c837d372ffa497bf95d70f46311.jpg"
	]
}