{
	"id": "1073814",
	"name": "얼큰한 고추장찌개",
	"thumbnail": "https://recipe1.ezmember.co.kr/cache/recipe/2015/09/11/7d8afc6973f24051460beb76a47f8bb5.jpg",
	"url": "https://www.10000recipe.com/recipe/1073814",
	"ingredient_ids": [
		7,
		3,
		323,
		643,
		27,
		473,
		233,
		224,
		349,
		497,
		225
	],
	"time": "30",
	"ingre_list": [
		{
			"ingre_name": "돼지고기찌개용",
			"ingre_count": "150",
			"ingre_unit": "g"
		},
		{
			"ingre_name": "애호박",
			"ingre_count": "1/2",
			"ingre_unit": "개"
		},
		{
			"ingre_name": "양파",
			"ingre_count": "1/2",
			"ingre_unit": "개"
		},
		{
			"ingre_name": "두부",
			"ingre_count": "1",
			"ingre_unit": "모"
		},
		{
			"ingre_name": "풋고추",
			"ingre_count": "1",
			"ingre_unit": "개"
		},
		{
			"ingre_name": "붉은고추",
			"ingre_count": "1",
			"ingre_unit": "개"
		},
		{
			"ingre_name": "대파",
			"ingre_count": "1/4",
			"ingre_unit": "대"
		},
		{
			"ingre_name": "멸치육수",
			"ingre_count": "6",
			"ingre_unit": "컵"
		},
		{
			"ingre_name": "고추장",
			"ingre_count": "3",
			"ingre_unit": "큰술"
		},
		{
			"ingre_name": "다진마늘",
			"ingre_count": "0.",
			"ingre_unit": ".큰술"
		},
		{
			"ingre_name": "고춧가루",
			"ingre_count": "0.",
			"ingre_unit": ".큰술"
		},
		{
			"ingre_name": "국간장",
			"ingre_count": "1",
			"ingre_unit": "큰술"
		},
		{
			"ingre_name": "소금",
			"ingre_count": "0.",
			"ingre_unit": ".큰술"
		},
		{
			"ingre_name": "후춧가루",
			"ingre_count": "",
			"ingre_unit": "약간"
		}
	],
	"recipe": [
		"1. 모든 재료를 준비해 놓고 돼지고기는 소금, 후춧가루, 맛술을 약간씩 넣어 밑간해놓아요. 밑간하는 이유는 돼지고기 냄새를 잡기 위해서랍니다.",
		"2. 뚝배기에 멸치다시물을 붓고 돼지고기를 넣어 잠시 끓이다가 감자와 애호박, 양파를 넣고 5~7분간 끓여줍니다. 여기에 고추장, 고춧가루, 다진 마늘을 넣고 국간장, 소금으로 간하세요.",
		"3. 두부를 썰어넣고 잠시만 끓여주면 완성~! 두부를 넣고 너무 오래 끓이면 두부가 퉁퉁 불어난답니다. 그리고 감자도 뭉개져서 국물이 텁텁해져요.",
		"4. 마지막에 청홍고추 어슷 썬 것과 대파, 후춧가루 넣고 금방 불을 꺼주세요. 대파는 언제나 살짝만 익혀야 향이 살아있어 감칠맛이 나지요."
	],
	"recipe_img": [
		"https://recipe1.ezmember.co.kr/cache/recipe/2015/09/11/b835b000b2fc7be6b463e15f415c68a61.jpg",
		"https://recipe1.ezmember.co.kr/cache/recipe/2015/09/11/e841adf913c9a282620df1c55d43d51c1.jpg",
		"https://recipe1.ezmember.co.kr/cache/recipe/2015/09/11/cc0be554fd71f96787bd2e9740611cc41.jpg",
		"https://recipe1.ezmember.co.kr/cache/recipe/2015/09/11/d9190b9c3372ee5afc5d3be9b63c048a1.jpg"
	]
}