{
	"id": "1080001",
	"name": "삼겹살김치찌개 ",
	"thumbnail": "https://recipe1.ezmember.co.kr/cache/recipe/2015/09/23/990d877bb3caf4f25ec416609ab7cc7f.jpg",
	"url": "https://www.10000recipe.com/recipe/1080001",
	"ingredient_ids": [
		3,
		323,
		27,
		665,
		592,
		665,
		224,
		455,
		225,
		846
	],
	"time": "30",
	"ingre_list": [
		{
			"ingre_name": "삼겹살",
			"ingre_count": "250",
			"ingre_unit": "g"
		},
		{
			"ingre_name": "신김치",
			"ingre_count": "250",
			"ingre_unit": "g"
		},
		{
			"ingre_name": "양파",
			"ingre_count": "1/2",
			"ingre_unit": "개"
		},
		{
			"ingre_name": "두부",
			"ingre_count": "1/2",
			"ingre_unit": "모"
		},
		{
			"ingre_name": "청고추",
			"ingre_count": "1",
			"ingre_unit": "개"
		},
		{
			"ingre_name": "홍고추",
			"ingre_count": "1",
			"ingre_unit": "개"
		},
		{
			"ingre_name": "멸치다시마육수",
			"ingre_count": "5",
			"ingre_unit": "컵"
		},
		{
			"ingre_name": "대파",
			"ingre_count": "1",
			"ingre_unit": "대"
		},
		{
			"ingre_name": "참치액",
			"ingre_count": "",
			"ingre_unit": "적당량"
		},
		{
			"ingre_name": "오일",
			"ingre_count": "",
			"ingre_unit": "조금"
		},
		{
			"ingre_name": "양파즙",
			"ingre_count": "3",
			"ingre_unit": "TS"
		},
		{
			"ingre_name": "참치액",
			"ingre_count": "1",
			"ingre_unit": "TS"
		},
		{
			"ingre_name": "고춧가루",
			"ingre_count": "1",
			"ingre_unit": "TS"
		},
		{
			"ingre_name": "마늘(다지기)",
			"ingre_count": "2",
			"ingre_unit": "알"
		},
		{
			"ingre_name": "생강가루",
			"ingre_count": "1/4",
			"ingre_unit": "ts"
		},
		{
			"ingre_name": "후춧가루",
			"ingre_count": "",
			"ingre_unit": "조금"
		},
		{
			"ingre_name": "청주",
			"ingre_count": "1",
			"ingre_unit": "ts"
		}
	],
	"recipe": [
		"1. 분량이 재료들을 삼겹살에 넣고 조물조물해준뒤 미리 밑간을 해두세요. 양파즙이 그냥 먹기에도 좋지만 요렇게 요리에도 사용할수가 있답니다. 특히, 고기가 들어가는 요리에 좋은것 같아요.",
		"2. 두부와 야채들을 죠렇게 잘라주심 되구요. 대파가 빠졌는데 대파는 어슷썰어주세요.",
		"3. 달구어진 팬에 포도씨유를 두르고 미리 밑간을 해둔 삼겹살을 달달 볶아주세요. 동량의 신김치를 넣고 볶아주세요. 멸치다시마육수 5컵을 넣고 끓여주세요. 신김치가 물렁해질때까지 끓여주심되는데 요건 취향껏.",
		"4. 두부와 양파를 넣고 참치액으로 간을 맞춰주세요. (간을 맞추시면서 신김치의 국물이 있다면 넣으셔도 되요.) 삼겹살 김치찌개가 맛있게 되어갈때쯤 마지막에 청홍고추+대파를 넣고 한소끔 끓여주심 된답니다.",
		"5. 삼겹살김치찌개 완성입니다."
	],
	"recipe_img": [
		"https://recipe1.ezmember.co.kr/cache/recipe/2015/09/24/af919cbc9cb4ffd74c47a8b286eef9c41.jpg",
		"https://recipe1.ezmember.co.kr/cache/recipe/2015/09/24/1d08585b04a4f8b896ca5d1358ebd8831.jpg",
		"https://recipe1.ezmember.co.kr/cache/recipe/2015/09/24/d3ef3dea340e401a303d59dc45e5fe5c1.jpg",
		"https://recipe1.ezmember.co.kr/cache/recipe/2015/09/24/69e000dcd96dd347556b029040e1233b1.jpg",
		"https://recipe1.ezmember.co.kr/cache/recipe/2015/09/24/b497dafb3bf08057fdfe424f52781a6b1.jpg"
	]
}