{
	"id": "1080734",
	"name": "칠리 갈릭 해물 파스타",
	"thumbnail": "https://recipe1.ezmember.co.kr/cache/recipe/2015/06/09/654b4d2f2aa0ad7650ef5bb2725b4323.jpg",
	"url": "https://www.10000recipe.com/recipe/1080734",
	"ingredient_ids": [
		735,
		79,
		65,
		88,
		563,
		3,
		419,
		29,
		574,
		367,
		551,
		497,
		657
	],
	"time": "30",
	"ingre_list": [
		{
			"ingre_name": "스파게티면",
			"ingre_count": "200",
			"ingre_unit": "그램"
		},
		{
			"ingre_name": "각종해산물",
			"ingre_count": "1",
			"ingre_unit": "접시"
		},
		{
			"ingre_name": "새우",
			"ingre_count": "",
			"ingre_unit": ""
		},
		{
			"ingre_name": "오징어",
			"ingre_count": "",
			"ingre_unit": ""
		},
		{
			"ingre_name": "홍합",
			"ingre_count": "",
			"ingre_unit": ""
		},
		{
			"ingre_name": "그린홍합",
			"ingre_count": "",
			"ingre_unit": ""
		},
		{
			"ingre_name": "칵테일새우",
			"ingre_count": "",
			"ingre_unit": ""
		},
		{
			"ingre_name": "양파",
			"ingre_count": "1/2",
			"ingre_unit": "개"
		},
		{
			"ingre_name": "홍파프리카",
			"ingre_count": "1/2",
			"ingre_unit": "개"
		},
		{
			"ingre_name": "청파프리카",
			"ingre_count": "1/2",
			"ingre_unit": "개"
		},
		{
			"ingre_name": "백후추",
			"ingre_count": "1",
			"ingre_unit": "작은술"
		},
		{
			"ingre_name": "마늘",
			"ingre_count": "5",
			"ingre_unit": "톨"
		},
		{
			"ingre_name": "올리브유",
			"ingre_count": "1",
			"ingre_unit": "큰술"
		},
		{
			"ingre_name": "바질",
			"ingre_count": "2",
			"ingre_unit": "작은술"
		},
		{
			"ingre_name": "오레가노",
			"ingre_count": "2",
			"ingre_unit": "작은술"
		},
		{
			"ingre_name": "소금",
			"ingre_count": "2",
			"ingre_unit": "작은술"
		},
		{
			"ingre_name": "엑소틱푸드칠리오일",
			"ingre_count": "2",
			"ingre_unit": "큰술"
		},
		{
			"ingre_name": "엑소틱푸드스리라차칠리갈릭소스",
			"ingre_count": "50",
			"ingre_unit": "ml"
		},
		{
			"ingre_name": "토마토페이스트",
			"ingre_count": "3",
			"ingre_unit": "큰술"
		},
		{
			"ingre_name": "찬물1컵(240ml)",
			"ingre_count": "1컵(240ml)",
			"ingre_unit": "컵(ml)"
		}
	],
	"recipe": [
		"1. 마늘은 편을 썰어 준비하고 채소들은 적당한 크기로 썰어 준비 하세요. 소금 약간을 넣은 끓는물에 스파게티 면을 7~10분 사이로 삶아 줍니다. 스파게티가 삶아지면 물기를 빼고 올리브오일에 버무려 준비해 두세요.",
		"2. 달권팬에 올리브오일을 넣고 마늘편을 넣어 마늘이 노릇해 지도록 볶아 마늘향을 내 줍니다. 여기에 칠리오일을 넣고 준비한 해산물을 넣고 소금과 백후추분을 뿌려가며 센불에 볶아 줍니다.",
		"3. 홍합이 입을 벌릴 정도로 해산물이 익으면 준비한 토마토페이스트와 찬물을 넣고 섞어 줍니다.",
		"4. 여기에 오레가노와 바질을 넣고 향이 나도록 잠시 끓여 줍니다. 향이 소스에 배어들면 스리라차 칠리 갈릭소스를 넣고 중불로 소스가 어우러 지도록 바글바글 끓여 줍니다.",
		"5. 소스가 어느정도 걸쭉해지면 준비한 채소와 스파게티면을 넣고 소스와 잘 섞이도록 버무려준후 접시에 담아 냅니다."
	],
	"recipe_img": [
		"https://recipe1.ezmember.co.kr/cache/recipe/2015/07/28/1374b049528c30692f06f93053846cd71.jpg",
		"https://recipe1.ezmember.co.kr/cache/recipe/2015/07/28/1b136f1b12d47c51f5f4c8459105ea4d1.jpg",
		"https://recipe1.ezmember.co.kr/cache/recipe/2015/07/28/9105ab71df02bc737076964f8a7ae0df1.jpg",
		"https://recipe1.ezmember.co.kr/cache/recipe/2015/07/28/1e6b1c2c7e211384f43e63c08e1e07121.jpg",
		"https://recipe1.ezmember.co.kr/cache/recipe/2015/07/28/39d84da889a72722c82b7c0227b9a6241.jpg"
	]
}