{
	"id": "1083529",
	"name": "쇠고기같은 돼지고기 간장제육볶음 ",
	"thumbnail": "https://recipe1.ezmember.co.kr/cache/recipe/2015/06/09/52226fa7c95ad2845bccbaaed04c3fbf.jpg",
	"url": "https://www.10000recipe.com/recipe/1083529",
	"ingredient_ids": [
		487,
		55,
		846,
		292,
		478,
		341,
		233,
		225,
		477,
		379,
		660,
		543
	],
	"time": "30",
	"ingre_list": [
		{
			"ingre_name": "돼지고기",
			"ingre_count": "400",
			"ingre_unit": "g"
		},
		{
			"ingre_name": "팽이버섯",
			"ingre_count": "2",
			"ingre_unit": "봉지"
		},
		{
			"ingre_name": "쪽파나대파",
			"ingre_count": "1/3",
			"ingre_unit": "대"
		},
		{
			"ingre_name": "청주",
			"ingre_count": "3",
			"ingre_unit": "큰술"
		},
		{
			"ingre_name": "맛술",
			"ingre_count": "1",
			"ingre_unit": "큰"
		},
		{
			"ingre_name": "흑설탕",
			"ingre_count": "1",
			"ingre_unit": "큰술"
		},
		{
			"ingre_name": "물엿",
			"ingre_count": "1",
			"ingre_unit": "큰술"
		},
		{
			"ingre_name": "다진마늘",
			"ingre_count": "1",
			"ingre_unit": "큰술"
		},
		{
			"ingre_name": "다진파",
			"ingre_count": "3",
			"ingre_unit": "큰술"
		},
		{
			"ingre_name": "생강즙이나가루",
			"ingre_count": "0.",
			"ingre_unit": ".큰술"
		},
		{
			"ingre_name": "후춧가루",
			"ingre_count": "0.",
			"ingre_unit": ".큰술"
		},
		{
			"ingre_name": "굴소스",
			"ingre_count": "1",
			"ingre_unit": "큰술"
		},
		{
			"ingre_name": "간장",
			"ingre_count": "3",
			"ingre_unit": "큰술"
		},
		{
			"ingre_name": "참기름",
			"ingre_count": "1",
			"ingre_unit": "큰술"
		},
		{
			"ingre_name": "통깨",
			"ingre_count": "1",
			"ingre_unit": "큰술"
		}
	],
	"recipe": [
		"1. 우선 돼지고기는 불고기를 할깨 목살이나 앞다리, 뒷다리살을 구입하고 돼지고기는 혹시라도 있는 핏물은 키친타월로 톡톡 두들겨 주면 좋고 양념재료 중, 청주 3, 맛술 1을 먼저 넣고 조물조물 고기의 잡내를 없애고 물엿 1, 다진 마늘 1, 다진 파 3, 생강즙이나 가루 0.3, 후춧가루 0.3을 넣고 고기에 고루 섞어줍니다.",
		"2. 굴 소스 1, 간장 3, 참기름 1, 통깨 1도 넣고 고기 양념을 주물럭주물럭 해줍니다.",
		"3. 양념을 한 돼지불고기는 그냥 바로 먹는것 보다는 잘 재워두었다가 냉장고에 보관하고 나중에 볶아서 먹으면 더욱 맛있지요.",
		"4. 달군 팬에 기름을 살짝 두르고, 양념한 고기를 넣고 볶다가 팽이버섯을 적당히 넣고, 쪽파나 대파도 적당히 더 추가 모든 재료가 어우러져서 잘 볶아지면 맛을 보아 참기름이나 통깨를 더 취향껏 넣어 맛을 더해주면 끝. 국물 자작한 제육볶음이 드시고 싶다면 멸치다시마 육수를 붓고 바글바글 끓여 드시고 당면이나 떡을 넣어서 드셔도 맛있어요. 촉촉하게 해서 밥을 비벼 먹어도 좋아요."
	],
	"recipe_img": [
		"https://recipe1.ezmember.co.kr/cache/recipe/2015/10/29/3b24bcad9dae5bcbc7e847673a205d031.jpg",
		"https://recipe1.ezmember.co.kr/cache/recipe/2015/10/29/c904c4bc3ecc667a44ccfe3fc0473b3a1.jpg",
		"https://recipe1.ezmember.co.kr/cache/recipe/2015/10/29/445be90835f8ee6c40092505f373ea381.jpg",
		"https://recipe1.ezmember.co.kr/cache/recipe/2015/10/29/3162906421ccb04897207531243a86fa1.jpg"
	]
}