{
	"id": "1095389",
	"name": "고등어무조림",
	"thumbnail": "https://recipe1.ezmember.co.kr/cache/recipe/2015/09/14/79c00d8ea467a0ba4e5330993579da18.jpg",
	"url": "https://www.10000recipe.com/recipe/1095389",
	"ingredient_ids": [
		59,
		19,
		3,
		27,
		224,
		379,
		846,
		660,
		848,
		233,
		457,
		225,
		497
	],
	"time": "30",
	"ingre_list": [
		{
			"ingre_name": "고등어",
			"ingre_count": "1",
			"ingre_unit": "마리"
		},
		{
			"ingre_name": "무",
			"ingre_count": "",
			"ingre_unit": ""
		},
		{
			"ingre_name": "양파",
			"ingre_count": "1/2",
			"ingre_unit": "개"
		},
		{
			"ingre_name": "청고추",
			"ingre_count": "1",
			"ingre_unit": "개"
		},
		{
			"ingre_name": "홍고추",
			"ingre_count": "1",
			"ingre_unit": "개"
		},
		{
			"ingre_name": "대파",
			"ingre_count": "1/2",
			"ingre_unit": "대"
		},
		{
			"ingre_name": "멸치다시마물",
			"ingre_count": "400",
			"ingre_unit": "ml"
		},
		{
			"ingre_name": "고춧가루",
			"ingre_count": "2",
			"ingre_unit": "큰술"
		},
		{
			"ingre_name": "간장",
			"ingre_count": "3",
			"ingre_unit": "큰술"
		},
		{
			"ingre_name": "청주",
			"ingre_count": "1",
			"ingre_unit": "큰술"
		},
		{
			"ingre_name": "참기름",
			"ingre_count": "1",
			"ingre_unit": "작은술"
		},
		{
			"ingre_name": "된장",
			"ingre_count": "1",
			"ingre_unit": "큰술"
		},
		{
			"ingre_name": "다진마늘",
			"ingre_count": "2",
			"ingre_unit": "알"
		},
		{
			"ingre_name": "다진생강",
			"ingre_count": "1",
			"ingre_unit": "톨"
		},
		{
			"ingre_name": "후춧가루",
			"ingre_count": "",
			"ingre_unit": ""
		},
		{
			"ingre_name": "소금",
			"ingre_count": "",
			"ingre_unit": ""
		}
	],
	"recipe": [
		"1. 고등어는 쌀뜨물에 담궈 비린내를 제거해주세요.",
		"2. 야채들은 죠렇게 적당하게 취향껏 썰어주세요.",
		"3. 냄비에 무를 깔고 비린내를 제거한 고등어를 먹기좋게 잘라 올려주세요. 양파도 올리세요.",
		"4. 미리 만들어둔 양념을 넣고 멸치&다시마국물을 넣고 끓여주세요.",
		"5. 랑 고등어가 적당하게 익어가면 청홍고추와 대파를 넣고 좀더 끓여주세요."
	],
	"recipe_img": [
		"https://recipe1.ezmember.co.kr/cache/recipe/2015/09/14/6a79be0e60b625cf125eb546e8d80bc91.jpg",
		"https://recipe1.ezmember.co.kr/cache/recipe/2015/09/14/6eaf83c4707c945f239afd441dd91a1a1.jpg",
		"https://recipe1.ezmember.co.kr/cache/recipe/2015/09/14/4918a83cd99b3472a3829fedfabe83691.jpg",
		"https://recipe1.ezmember.co.kr/cache/recipe/2015/09/14/eb497f78af9e8e05c1fc212bd93a952d1.jpg",
		"https://recipe1.ezmember.co.kr/cache/recipe/2015/09/14/c95bdb175d8e14d5f2583f28d901ea201.jpg"
	]
}