{
	"id": "1098039",
	"name": "매콤한 양념이 쏘옥 밥도둑 황태포 구이",
	"thumbnail": "https://recipe1.ezmember.co.kr/cache/recipe/2015/10/25/1c8fcf0a27c156b227e23977d93e5a4d.jpg",
	"url": "https://www.10000recipe.com/recipe/1098039",
	"ingredient_ids": [
		422,
		27,
		233,
		379,
		995,
		224,
		341,
		543,
		473,
		497,
		327
	],
	"time": "60",
	"ingre_list": [
		{
			"ingre_name": "북어",
			"ingre_count": "7",
			"ingre_unit": "마리"
		},
		{
			"ingre_name": "대파",
			"ingre_count": "2",
			"ingre_unit": "뿌리"
		},
		{
			"ingre_name": "다진마늘",
			"ingre_count": "3",
			"ingre_unit": "큰술"
		},
		{
			"ingre_name": "간장",
			"ingre_count": "1/2",
			"ingre_unit": "컵"
		},
		{
			"ingre_name": "물",
			"ingre_count": "1/2",
			"ingre_unit": "컵"
		},
		{
			"ingre_name": "고춧가루",
			"ingre_count": "3",
			"ingre_unit": "큰술"
		},
		{
			"ingre_name": "물엿",
			"ingre_count": "3",
			"ingre_unit": "큰술"
		},
		{
			"ingre_name": "통깨",
			"ingre_count": "1",
			"ingre_unit": "큰술"
		},
		{
			"ingre_name": "고추장",
			"ingre_count": "1",
			"ingre_unit": "큰술"
		},
		{
			"ingre_name": "소금",
			"ingre_count": "1/2",
			"ingre_unit": "큰술"
		},
		{
			"ingre_name": "들기름",
			"ingre_count": "3",
			"ingre_unit": "큰술"
		},
		{
			"ingre_name": "엄마표조미료",
			"ingre_count": "1",
			"ingre_unit": "작은술"
		}
	],
	"recipe": [
		"1. 황태포가 수분을 머금을 수 있도록 물에 푹 담궜다가 바로 건져주세요. 오래담궈두면 맛이 떨어지니 입수시켰다가 바로 건져주셔야 해요.",
		"2. 분량에 맞추어 양념장을 만들어주세요. 7마리를 양념하려니 양념양이 많지요. 고춧가루가 우러나오도록 양념장을 30분정도 실온에 두었답니다.",
		"3. 체반에 받쳐 물기를 뺀 황태포에 양념장을 골고루 발라주세요.",
		"4. 잠시 양념이 베이로록 두고 구울 준비를 시작해주었어요.",
		"5. 제가 사용하고 있는 필립스그릴에 생선굽는 모드가 있어서 한번 이용해 봤어요. 고추장과 고춧가루 양념이 있으면 쉽게 타기 때문에 모드에 표시된 온도보다 낮게 구워주는게 좋더라구요. 그릴에 기름을 먼저 둘러주고 구워주셔야해요",
		"6. 구워지면서 오그라 지기 때문에 누르개로 눌러서 골고루 구워질 수 있도록 해주면 노릇하게 잘 구워진답니다."
	],
	"recipe_img": [
		"https://recipe1.ezmember.co.kr/cache/recipe/2015/10/29/20919be552d46c42d6073e5b7922eaa51.jpg",
		"https://recipe1.ezmember.co.kr/cache/recipe/2015/10/29/1591b065f3430f055f59228345834d711.jpg",
		"https://recipe1.ezmember.co.kr/cache/recipe/2015/10/29/845033e4afad4b5e6dc1b5414513e1811.jpg",
		"https://recipe1.ezmember.co.kr/cache/recipe/2015/10/29/f12b8f5575304e41495459ddab6baf5d1.jpg",
		"https://recipe1.ezmember.co.kr/cache/recipe/2015/10/29/4a9cd8eac7992bcad1b46bb82fd1ee591.jpg",
		"https://recipe1.ezmember.co.kr/cache/recipe/2015/10/29/3f5a9ec331e147772cdb830a31b819c31.jpg"
	]
}