{
	"id": "1099932",
	"name": "실속만점 밑반찬 버섯소고기장조림 ",
	"thumbnail": "https://recipe1.ezmember.co.kr/cache/recipe/2015/10/29/b4cb02ba8dce2fd7a48c89abfc3eb4e9.jpg",
	"url": "https://www.10000recipe.com/recipe/1099932",
	"ingredient_ids": [
		58,
		293,
		29,
		995,
		295,
		29,
		28,
		3,
		857,
		847,
		379
	],
	"time": "120",
	"ingre_list": [
		{
			"ingre_name": "소고기장조림거리",
			"ingre_count": "600",
			"ingre_unit": "g"
		},
		{
			"ingre_name": "새송이버섯",
			"ingre_count": "300",
			"ingre_unit": "g"
		},
		{
			"ingre_name": "꽈리고추",
			"ingre_count": "150",
			"ingre_unit": "g"
		},
		{
			"ingre_name": "마늘",
			"ingre_count": "100",
			"ingre_unit": "g"
		},
		{
			"ingre_name": "물",
			"ingre_count": "8",
			"ingre_unit": "컵"
		},
		{
			"ingre_name": "청양고추",
			"ingre_count": "2",
			"ingre_unit": "개"
		},
		{
			"ingre_name": "마늘",
			"ingre_count": "30",
			"ingre_unit": "g"
		},
		{
			"ingre_name": "생강",
			"ingre_count": "10",
			"ingre_unit": "g"
		},
		{
			"ingre_name": "양파",
			"ingre_count": "1/2",
			"ingre_unit": "개"
		},
		{
			"ingre_name": "통후추",
			"ingre_count": "1",
			"ingre_unit": "작은술"
		},
		{
			"ingre_name": "고기육수",
			"ingre_count": "6",
			"ingre_unit": "컵"
		},
		{
			"ingre_name": "배즙",
			"ingre_count": "1",
			"ingre_unit": "컵"
		},
		{
			"ingre_name": "간장",
			"ingre_count": "1",
			"ingre_unit": "컵"
		},
		{
			"ingre_name": "생강술or청주or맛술",
			"ingre_count": "3",
			"ingre_unit": "숟갈"
		}
	],
	"recipe": [
		"1. 소고기는 찬물에 1시간 정도 담구어 핏물을 빼주세요.",
		"2. 냄비를 물을 담아 팔팔 끓인후 소고기를 넣고 한번 살짝 데쳐 건져냅니다. 처음부터 간장물에 조리지않고 이렇게 한번 데쳐내는 이유는 고기가 훨씬 부드럽고 양념도 짜지않게 베어들기 때문이에요.",
		"3. 다시 냄비에 물 8컵을 담아 고기삶는 육수 재료들을 모두 넣고 끓으면 데쳐낸 소고기를 넣고 중약불에서 고기가 완전히 익도록 삶아줍니다. 40분정도 삶아주었는데 고기의 두께에 따라 시간은 조절하세요. 삶아진 소고기는 건져내어 식히고.. 면보에 육수를 부어 맑은 육수만 받아냅니다.",
		"4. 식혀둔 소고기는 결대로 쭉쭉 찢어주거나 먹기좋은 크기로 썰어주세요.",
		"5. 소고기만 넣고 장조림을 만들어도 맛있지만 오랜만에 맘먹고 만드는 장조림이니 이것저것 집에있는 재료들 넣어봤어요. 통마늘 준비하고 꽈리고추는 꼭지따서 양념이 잘 베어들도록 포크로 구멍을 콕콕 내어주고 새송이버섯은 큼직하게 손으로 뜯어 준비했어요.",
		"6. 오늘 장조림장에는 설탕과 물엿을 넣지 않을거에요. 냉장고에 배가 한개 굴러댕겨서 즙으로 갈아줬어요.",
		"7. 냄비에 소고기육수 6컵과 배즙 1컵, 간장 1컵을 넣고 찢어놓은 소고기를 모두 넣고 센불에서 졸이다가 끓으면 중불로 줄여 조려주세요. 오늘 장조림은 국물을 짤박하게 조리는 장조림이 아니라 심심하게 국물을 넉넉히 만들어 국물을 떠먹거나 밥에 비벼먹을수 있도록 만들거에요. 장조림 만들때 가장 중요한게 바로 간장과 육수의 비율이에요. 요 비율만 잘 맞추면 짜지않고 맛있는 장조림을 만드실수 있을거에요. 비율은 육수 2컵에 간장 1/3컵입니다. 저는 육수를 6컵 넣었기 때문에 간장을 1컵 넣어줬어요.",
		"8. 중불로 국물이 절반 정도로 줄어들면 마늘과 꽈리고추를 넣어 살짝 더 조려준후 마지막에 새송이버섯을 넣고 한소끔만 더 졸여줍니다.",
		"9. 취향껏 장조림국물의 양을 봐가면서 조려주세요. 저는 이렇게 국물을 넉넉하게 만들었어요. 고추나 버섯을 넣고 넘 오래 조리면 푹 퍼져서 모양도 망가지고 맛도 떨어지니 부재료들은 거의 마지막에 넣고 살짝만 조려낸후 불을 꺼주셔야해요."
	],
	"recipe_img": [
		"https://recipe1.ezmember.co.kr/cache/recipe/2015/10/29/5066d923a1d42a1016765f96544752a31.jpg",
		"https://recipe1.ezmember.co.kr/cache/recipe/2015/10/29/b61d49a6fa75c82ac33cd5a1683bb23f1.jpg",
		"https://recipe1.ezmember.co.kr/cache/recipe/2015/10/29/e08c63aab74d1f77e0584fdf5e7e6a741.jpg",
		"https://recipe1.ezmember.co.kr/cache/recipe/2015/10/29/394bfc4754bd49a1ba1ff9e81d24636f1.jpg",
		"https://recipe1.ezmember.co.kr/cache/recipe/2015/10/29/ab0011bc8b93a22aecb6e8eeb46bafc91.jpg",
		"https://recipe1.ezmember.co.kr/cache/recipe/2015/10/29/c1e1a0fff1ed5ecb10e794bcf42cf96c1.jpg",
		"https://recipe1.ezmember.co.kr/cache/recipe/2015/10/29/cf6fb9fa20b938819ec970bdc15884f21.jpg",
		"https://recipe1.ezmember.co.kr/cache/recipe/2015/10/29/d2694287fcf9e3950f9145fcdde490331.jpg",
		"https://recipe1.ezmember.co.kr/cache/recipe/2015/10/29/9aacfbcc676743dc56be16d4582657001.jpg"
	]
}