{
	"id": "1111620",
	"name": "♪ 새콤달콤 아삭이 고추 짱아치, 밥 도둑 이예요 ",
	"thumbnail": "https://recipe1.ezmember.co.kr/cache/recipe/2015/06/09/b3083af5e8fa01bbff42fb20fcb841f9.jpg",
	"url": "https://www.10000recipe.com/recipe/1111620",
	"ingredient_ids": [
		834,
		379,
		575,
		846
	],
	"time": "30",
	"ingre_list": [
		{
			"ingre_name": "아삭이고추",
			"ingre_count": "25",
			"ingre_unit": "개"
		},
		{
			"ingre_name": "양파작은것",
			"ingre_count": "2",
			"ingre_unit": "개"
		},
		{
			"ingre_name": "생강편",
			"ingre_count": "",
			"ingre_unit": "적당량"
		},
		{
			"ingre_name": "간장",
			"ingre_count": "1",
			"ingre_unit": "컵"
		},
		{
			"ingre_name": "레몬식초",
			"ingre_count": "3/4",
			"ingre_unit": "컵"
		},
		{
			"ingre_name": "올리고당",
			"ingre_count": "1/2",
			"ingre_unit": "컵"
		},
		{
			"ingre_name": "청주",
			"ingre_count": "1/4",
			"ingre_unit": "컵"
		}
	],
	"recipe": [
		"1. 고추와 양파는 한 입에 쏙 들어갈 정도의 크기로 먹기 좋게 잘라 밀폐용기나 병에  꼭꼭 눌러 담는다.",
		"2. 위에 양념간장의 청주를 재료를 한꺼번에 넣고 끓여서  양념간장이 뜨거울 때 아삭이 고추를 담은 병에 부어준다.",
		"3. 이렇게 간단하니.,. 바로 완성입니다."
	],
	"recipe_img": [
		"https://recipe1.ezmember.co.kr/cache/recipe/2019/02/11/5cd2935755d5899915a44c9917c2836d1.jpg",
		"https://recipe1.ezmember.co.kr/cache/recipe/2019/02/11/e6ca1e8e1f719768185dd93227042aec1.jpg",
		"https://recipe1.ezmember.co.kr/cache/recipe/2019/02/11/9c51cdd5044f4ad704e4683ca0ac374c1.jpg"
	]
}