{
	"id": "1111355",
	"name": "돼지고기 두루치기",
	"thumbnail": "https://recipe1.ezmember.co.kr/cache/recipe/2015/09/14/64f3b4084e39e2f6c4264cc344bc9a46.jpg",
	"url": "https://www.10000recipe.com/recipe/1111355",
	"ingredient_ids": [
		21,
		3,
		9,
		5,
		643,
		27,
		473,
		233,
		292,
		458,
		350,
		224,
		226,
		660,
		225
	],
	"time": "30",
	"ingre_list": [
		{
			"ingre_name": "돼지고기목살",
			"ingre_count": "200",
			"ingre_unit": "g"
		},
		{
			"ingre_name": "양배추",
			"ingre_count": "1",
			"ingre_unit": "줌"
		},
		{
			"ingre_name": "양파",
			"ingre_count": "1",
			"ingre_unit": "개"
		},
		{
			"ingre_name": "당근",
			"ingre_count": "1/4",
			"ingre_unit": "개"
		},
		{
			"ingre_name": "감자",
			"ingre_count": "1",
			"ingre_unit": "개"
		},
		{
			"ingre_name": "풋고추",
			"ingre_count": "1",
			"ingre_unit": "개"
		},
		{
			"ingre_name": "대파",
			"ingre_count": "1/2",
			"ingre_unit": "대"
		},
		{
			"ingre_name": "멸치육수",
			"ingre_count": "1",
			"ingre_unit": "컵"
		},
		{
			"ingre_name": "고추장",
			"ingre_count": "2",
			"ingre_unit": "큰술"
		},
		{
			"ingre_name": "진간장",
			"ingre_count": "2",
			"ingre_unit": "큰술"
		},
		{
			"ingre_name": "다진마늘",
			"ingre_count": "0.",
			"ingre_unit": ".큰술"
		},
		{
			"ingre_name": "맛술",
			"ingre_count": "2",
			"ingre_unit": "큰술"
		},
		{
			"ingre_name": "생강즙",
			"ingre_count": "1",
			"ingre_unit": "작은술"
		},
		{
			"ingre_name": "깨소금",
			"ingre_count": "1",
			"ingre_unit": "큰술"
		},
		{
			"ingre_name": "고춧가루",
			"ingre_count": "1",
			"ingre_unit": "큰술"
		},
		{
			"ingre_name": "설탕",
			"ingre_count": "1",
			"ingre_unit": "큰술"
		},
		{
			"ingre_name": "참기름",
			"ingre_count": "1",
			"ingre_unit": "큰술"
		},
		{
			"ingre_name": "후춧가루",
			"ingre_count": "",
			"ingre_unit": "약간"
		}
	],
	"recipe": [
		"1. 채소들은 모두 썰어놓아요.",
		"2. 돼지고기에 참기름과 후춧가루를 제외한 양념을 넣어서~",
		"3. 조물조물 양념을 해놓습니다.",
		"4. 먼저 돼지고기를 달달 볶아요~",
		"5. 반쯤 익어가면 여기에 썰어둔 채소 중에서 파와 풋고추를 제외하고 모두 다 넣습니다. 멸치육수도 한 컵 부어주고요~",
		"6. 뒤적뒤적 양념을 잘 섞이도록 섞은 후 뚜껑을 닫고 중불에서 5~7분 정도 끓여주세요. 그러면 감자도 익어가고 야채에서 물이 나와 흥건해질거에요.",
		"7. 가스불의 세기를 올리고 풋고추를 넣은 후 잠시 끓이다가 이어서 대파와 참기름, 후춧가루로 마무리합니다. 감자를 넣고나서 감자가 뭉개지지 않도록 10분 안에 조리를 끝내야 합니다."
	],
	"recipe_img": [
		"https://recipe1.ezmember.co.kr/cache/recipe/2015/09/14/b27b19dcc735f92e69b9b3c3787e97071.jpg",
		"https://recipe1.ezmember.co.kr/cache/recipe/2015/09/14/e8066d7bd7a51866c5fb9a187e87c6631.jpg",
		"https://recipe1.ezmember.co.kr/cache/recipe/2015/09/14/fdaa7dc52a9dbc788be69c481e3d24381.jpg",
		"https://recipe1.ezmember.co.kr/cache/recipe/2015/09/14/2873fa9a548fc72eb7aebdea7d05b7bf1.jpg",
		"https://recipe1.ezmember.co.kr/cache/recipe/2015/09/14/3a71491187e45934d4980a55b17e8bc81.jpg",
		"https://recipe1.ezmember.co.kr/cache/recipe/2015/09/14/7e2785f10894762ed345c7fc69ca5e5d1.jpg",
		"https://recipe1.ezmember.co.kr/cache/recipe/2015/09/14/cf5c953b9923e6301ac96bbf13bdd16c1.jpg"
	]
}