{
	"id": "1113860",
	"name": "고소한맛이 강한 참치미역국 ",
	"thumbnail": "https://recipe1.ezmember.co.kr/cache/recipe/2015/10/29/9aca941f2bd41dcd5e668ba5d51b7960.jpg",
	"url": "https://www.10000recipe.com/recipe/1113860",
	"ingredient_ids": [
		3,
		995,
		349,
		660,
		497
	],
	"time": "30",
	"ingre_list": [
		{
			"ingre_name": "참치캔1개(150g)",
			"ingre_count": "1개(150g)",
			"ingre_unit": "개(g)"
		},
		{
			"ingre_name": "불린미역",
			"ingre_count": "3",
			"ingre_unit": "컵"
		},
		{
			"ingre_name": "양파",
			"ingre_count": "3/4",
			"ingre_unit": "개"
		},
		{
			"ingre_name": "멸치육수",
			"ingre_count": "9",
			"ingre_unit": "컵"
		},
		{
			"ingre_name": "물",
			"ingre_count": "10",
			"ingre_unit": "컵"
		},
		{
			"ingre_name": "다시멸치",
			"ingre_count": "1",
			"ingre_unit": "줌"
		},
		{
			"ingre_name": "건다시마10x10센티",
			"ingre_count": "1",
			"ingre_unit": "장"
		},
		{
			"ingre_name": "마늘(통)",
			"ingre_count": "10",
			"ingre_unit": "개"
		},
		{
			"ingre_name": "국간장",
			"ingre_count": "2",
			"ingre_unit": "숟갈"
		},
		{
			"ingre_name": "초피액젓or멸치액젓",
			"ingre_count": "2",
			"ingre_unit": "숟갈"
		},
		{
			"ingre_name": "참기름",
			"ingre_count": "4",
			"ingre_unit": "숟갈"
		},
		{
			"ingre_name": "소금",
			"ingre_count": "",
			"ingre_unit": ""
		},
		{
			"ingre_name": "후추",
			"ingre_count": "",
			"ingre_unit": ""
		}
	],
	"recipe": [
		"1. 먼저 마른미역은 찬물에 불려주세요.",
		"2. 참치캔은 체에받쳐 기름을 제거해주시구요. 참치기름을 사용하셔도 괜찮으니까 취향껏 참기름대신 넣고 미역을 볶아주셔도 됩니다.",
		"3. 냄비에 멸치육수 재료를 모두 담아 팔팔 끓여 멸치육수를 만든후 건더기는 건져 버리고 맑은 육수만 남겨두세요.",
		"4. 불린미역은 물기를 꼭짠후 한입크기로 썰어주고 양파도 가늘게 채썰어 준비해주세요.",
		"5. 냄비에 참기름을 둘러준후 미역과 양파를 넣고 달달 볶아주는데 이때 후추도 약간 넣어주세요. 취향껏 다진마늘도 약간 넣으셔도 좋아요. 저는 국물이 지저분해지는게 싫어서 육수 우려낼때 통마늘 넣어서 같이 우려내어주고, 다진마늘은 따로 넣지 않았어요.",
		"6. 미역이 볶아져 색이 변하면 우려낸 멸치육수를 넣고 뚜껑닫아 한소끔 끓여내줍니다.",
		"7. 한소끔 끓었으면 기름기 뺀 참치를 넣어 한소끔 더 끓여주시고 마지막에 국간장과 액젓, 소금으로 입맛에 맞게 간을 해주시면 완성이에요. 미역국 끓일때 국간장만으로 간을 맞춰주면 국물색이 시꺼매져서 별로 좋지않아요. 국간장은 색을 약간 내주는 정도로 넣어주시고 나머지간은 액젓이랑 소금으로 맞춰주심 훨씬 깔끔하고 맛있답니다."
	],
	"recipe_img": [
		"https://recipe1.ezmember.co.kr/cache/recipe/2015/10/29/663c879ca8eddd1294fd84d83fee38e91.jpg",
		"https://recipe1.ezmember.co.kr/cache/recipe/2015/10/29/c85581ebc5615a7ee733739036057be51.jpg",
		"https://recipe1.ezmember.co.kr/cache/recipe/2015/10/29/54a77de8f9f59dfa3e7f6da0e04994f81.jpg",
		"https://recipe1.ezmember.co.kr/cache/recipe/2015/10/29/e9f33cdcbaa752ec7750566d71815d771.jpg",
		"https://recipe1.ezmember.co.kr/cache/recipe/2015/10/29/ae7a50d758c8dce2e9b562c4d4753d721.jpg",
		"https://recipe1.ezmember.co.kr/cache/recipe/2015/10/29/ded7dc72d63601455f37b784a66abd3d1.jpg",
		"https://recipe1.ezmember.co.kr/cache/recipe/2015/10/29/f4720f88c09abbbb6e6384423ca31c791.jpg"
	]
}