{
	"id": "1135209",
	"name": "<호두비스킷> 재료가 딱 4가지~~너무 쉬운 베이킹~~^^",
	"thumbnail": "https://recipe1.ezmember.co.kr/cache/recipe/2015/06/09/ea5b81efaa11cf79bff6497f959f4e4e.jpg",
	"url": "https://www.10000recipe.com/recipe/1135209",
	"ingredient_ids": [
		194,
		226,
		234
	],
	"time": "60",
	"ingre_list": [
		{
			"ingre_name": "호두",
			"ingre_count": "70",
			"ingre_unit": "g"
		},
		{
			"ingre_name": "달걀흰자",
			"ingre_count": "1",
			"ingre_unit": "개"
		},
		{
			"ingre_name": "설탕",
			"ingre_count": "40",
			"ingre_unit": "g"
		},
		{
			"ingre_name": "밀가루",
			"ingre_count": "1",
			"ingre_unit": "큰술"
		}
	],
	"recipe": [
		"1. 먼저 호두(70g)는 칼로 잘게 다지고..... 다소 시간을 많이 잡아 먹는 부분이죠...ㅋㅋ 호두를 칼로 잘게 다지는 시간이 생각보다 많이 걸릴 수 있어요... 블랜더로 기름기가 나오지 않는 선(?)까지 보슬보슬하게 갈아 주셔도 좋아요....",
		"2. 달걀흰자(1개분)에 설탕(40g)을 넣고.....",
		"3. 거품기를 이용해서 저어주기....... 살짝만 저어주면 금세 이렇게 설탕이 녹으면서 뿌옇게 변해요~~",
		"4. 호두 다진것과 밀가루(1큰술)을 넣고......",
		"5. 그냥 섞어주기만 하면 이런 상태가 되지요....",
		"6. 반죽을 숟가락을 이용해서 둥글넙적하게 펴주고.... 이때 주의할 건... 아무리 오븐 팬이 좋다고 하더라도~~ 이 얇고 바삭한 비스킷을 구울 때는 그냥 오븐팬 바닥에 굽지 말고.. 반드시 테프론 시트(실리콘 페이퍼)나 종이호일 같은 것을 깔고 구우시라는 거.....",
		"7. 170도로 미리 예열한 오븐에 넣고 15~18분 정도 구워주면 끝.....오븐"
	],
	"recipe_img": [
		"https://recipe1.ezmember.co.kr/cache/recipe/2016/08/12/400ca9261bce0e226fe939ffef0e07db1.jpg",
		"https://recipe1.ezmember.co.kr/cache/recipe/2016/08/12/2a613a84e95f7b05763be59e9343aabc1.jpg",
		"https://recipe1.ezmember.co.kr/cache/recipe/2016/08/12/fc10767feb457a8b92203b95705761931.jpg",
		"https://recipe1.ezmember.co.kr/cache/recipe/2016/08/12/4211cf0825b5ba2741273ac643122d5e1.jpg",
		"https://recipe1.ezmember.co.kr/cache/recipe/2016/08/12/fe97d9883c6a69a1bfb1d09ef0d9a4a11.jpg",
		"https://recipe1.ezmember.co.kr/cache/recipe/2016/08/12/1f5b3a5be5be2ec0a6e803e0158a4a0b1.jpg",
		"https://recipe1.ezmember.co.kr/cache/recipe/2016/08/12/0fd57ee13a8650d2df7b141f6b5d30cc1.jpg"
	]
}