{
	"id": "1138156",
	"name": "닭간장조림 만드는 법",
	"thumbnail": "https://recipe1.ezmember.co.kr/cache/recipe/2015/09/14/be634524d32908336acee4840cb9db7c.jpg",
	"url": "https://www.10000recipe.com/recipe/1138156",
	"ingredient_ids": [
		514,
		846,
		458,
		660,
		526,
		225
	],
	"time": "60",
	"ingre_list": [
		{
			"ingre_name": "토막낸닭",
			"ingre_count": "480",
			"ingre_unit": "g"
		},
		{
			"ingre_name": "우유",
			"ingre_count": "",
			"ingre_unit": "조금"
		},
		{
			"ingre_name": "진간장",
			"ingre_count": "5",
			"ingre_unit": "큰술"
		},
		{
			"ingre_name": "핫소스",
			"ingre_count": "2",
			"ingre_unit": "큰술"
		},
		{
			"ingre_name": "마늘5알(다지기)",
			"ingre_count": "5알(다지기)",
			"ingre_unit": "알(다지기)"
		},
		{
			"ingre_name": "청주",
			"ingre_count": "1",
			"ingre_unit": "큰술"
		},
		{
			"ingre_name": "생강즙",
			"ingre_count": "1/2",
			"ingre_unit": "작은술"
		},
		{
			"ingre_name": "참기름",
			"ingre_count": "1",
			"ingre_unit": "작은술"
		},
		{
			"ingre_name": "황설탕",
			"ingre_count": "1",
			"ingre_unit": "큰술"
		},
		{
			"ingre_name": "후춧가루",
			"ingre_count": "",
			"ingre_unit": "조금"
		},
		{
			"ingre_name": "다시마물",
			"ingre_count": "200",
			"ingre_unit": "ml"
		}
	],
	"recipe": [
		"1. 닭은 우유에 후춧가루를 조금 넣고 담궈주세요. 우유에 담궈두면 닭냄새를 없애고 닭고기를 부드럽게 한답니다. 우유에 담궈던 닭을 찬물에 한번 헹궈 물기를 제거하고 끓는물에 청주 1큰술과 통후추를 넣은뒤 데쳐주세요.",
		"2. 팬에 미리 만들어둔 조림장을 넣고 바글바글 끓으면 데친 닭을 넣고 졸여주세요. 중간중간 조림장을 숟가락으로 떠서 뿌려주시거나 닭을 한번씩 뒤집어주면 조림장이 맛나게 베이겠죠??",
		"3. 마지막으로 통깨를 뿌려주면 끝~~"
	],
	"recipe_img": [
		"https://recipe1.ezmember.co.kr/cache/recipe/2015/09/14/4ae8fdbd2b76b0471d88d83cadcbcb681.jpg",
		"https://recipe1.ezmember.co.kr/cache/recipe/2015/09/14/fba014042576516736fb500f9be3218f1.jpg",
		"https://recipe1.ezmember.co.kr/cache/recipe/2015/09/14/72a643dc0e595e1665a84a5d7571199f1.jpg"
	]
}