{
	"id": "1138149",
	"name": "가자미조림 만들기",
	"thumbnail": "https://recipe1.ezmember.co.kr/cache/recipe/2015/09/14/512d31f2e3a7b26a2435eb9e51aa9b6d.jpg",
	"url": "https://www.10000recipe.com/recipe/1138149",
	"ingredient_ids": [
		19,
		27,
		995,
		224,
		292,
		526,
		575,
		455,
		225
	],
	"time": "30",
	"ingre_list": [
		{
			"ingre_name": "손질된가자미1마리(大)",
			"ingre_count": "1마리(大)",
			"ingre_unit": "마리(大)"
		},
		{
			"ingre_name": "무",
			"ingre_count": "2",
			"ingre_unit": "줌"
		},
		{
			"ingre_name": "양파1개(작은것)",
			"ingre_count": "1개(작은것)",
			"ingre_unit": "개(작은것)"
		},
		{
			"ingre_name": "대파",
			"ingre_count": "1",
			"ingre_unit": "대"
		},
		{
			"ingre_name": "청고추",
			"ingre_count": "2",
			"ingre_unit": "개"
		},
		{
			"ingre_name": "홍고추",
			"ingre_count": "2",
			"ingre_unit": "개"
		},
		{
			"ingre_name": "물",
			"ingre_count": "4",
			"ingre_unit": "컵"
		},
		{
			"ingre_name": "진간장",
			"ingre_count": "5",
			"ingre_unit": "큰술"
		},
		{
			"ingre_name": "고춧가루",
			"ingre_count": "3",
			"ingre_unit": "큰술"
		},
		{
			"ingre_name": "맛술",
			"ingre_count": "2",
			"ingre_unit": "큰술"
		},
		{
			"ingre_name": "황설탕",
			"ingre_count": "1",
			"ingre_unit": "큰술"
		},
		{
			"ingre_name": "올리고당",
			"ingre_count": "1",
			"ingre_unit": "큰술"
		},
		{
			"ingre_name": "마늘3알(다지기)",
			"ingre_count": "3알(다지기)",
			"ingre_unit": "알(다지기)"
		},
		{
			"ingre_name": "생강가루",
			"ingre_count": "1/2",
			"ingre_unit": "작은술"
		},
		{
			"ingre_name": "후춧가루",
			"ingre_count": "1/2",
			"ingre_unit": "작은술"
		}
	],
	"recipe": [
		"1. 깔끔하게 손질이 잘 된 가자미예요. 무를 포함한 야채들은 죠렇게 썰어주세요.",
		"2. 물 4컵에 무를 넣고 끓여주세요.",
		"3. 무가 반정도 익었다면 가자미와 양파를 넣고 미리 만들어둔 양념장을 넣고 끓여주세요.",
		"4. 가자미가 거의 익어가면 대파와 청홍고추를 넣어주세요."
	],
	"recipe_img": [
		"https://recipe1.ezmember.co.kr/cache/recipe/2015/09/14/cb1dadefeb172f37c94e0cb41295d2d11.jpg",
		"https://recipe1.ezmember.co.kr/cache/recipe/2015/09/14/c7a2d99d6eedcfc34ecb3b889a5ae9621.jpg",
		"https://recipe1.ezmember.co.kr/cache/recipe/2015/09/14/a0f95f53ebdb86ac1b3d6b013dea417a1.jpg",
		"https://recipe1.ezmember.co.kr/cache/recipe/2015/09/14/06949f359f9c38ff44dd96aac04f4e601.jpg"
	]
}