{
	"id": "1152528",
	"name": "황사에 좋은 소고기 육회 ",
	"thumbnail": "https://recipe1.ezmember.co.kr/cache/recipe/2015/06/09/1e72a2a9d6f39d6f43cadecfc2251648.jpg",
	"url": "https://www.10000recipe.com/recipe/1152528",
	"ingredient_ids": [
		142,
		226,
		995,
		8,
		188,
		379,
		226,
		660,
		233,
		350
	],
	"time": "30",
	"ingre_list": [
		{
			"ingre_name": "육회용쇠고기",
			"ingre_count": "200",
			"ingre_unit": "g"
		},
		{
			"ingre_name": "배",
			"ingre_count": "1/2",
			"ingre_unit": "개"
		},
		{
			"ingre_name": "설탕",
			"ingre_count": "1",
			"ingre_unit": "숟갈"
		},
		{
			"ingre_name": "물",
			"ingre_count": "2",
			"ingre_unit": "컵"
		},
		{
			"ingre_name": "오이",
			"ingre_count": "1/2",
			"ingre_unit": "개"
		},
		{
			"ingre_name": "잣",
			"ingre_count": "1",
			"ingre_unit": "숟갈"
		},
		{
			"ingre_name": "간장",
			"ingre_count": "3",
			"ingre_unit": "숟갈"
		},
		{
			"ingre_name": "설탕",
			"ingre_count": "1",
			"ingre_unit": "숟갈"
		},
		{
			"ingre_name": "참기름",
			"ingre_count": "1",
			"ingre_unit": "숟갈"
		},
		{
			"ingre_name": "다진마늘",
			"ingre_count": "1",
			"ingre_unit": "숟갈"
		},
		{
			"ingre_name": "깨소금",
			"ingre_count": "1",
			"ingre_unit": "숟갈"
		},
		{
			"ingre_name": "후추",
			"ingre_count": "",
			"ingre_unit": "약간"
		}
	],
	"recipe": [
		"1. 먼저 싱싱한 생고기는 키친타올위에 올려 핏물을 제거해줍니다. 육회용 고기는 기름기가 없는 살코기가 식감이 좋답니다.",
		"2. 배랑 오이는 양을 취향껏 준비해준다음 배는 껍질을 깍은후 얇게 채썰어 설탕 1숟갈, 물 2컵에 10분쯤 담가둔 다음 깨끗한 마른행주로 물기를 제거해줍니다.",
		"3. 오이는 굵은소금으로 껍질을 문질러 깨끗이 씻은후 돌려깍은 다음 배와 비슷한 두께로 얇게 채썰어 준비해둡니다.",
		"4. 고명으로 올릴 잣가루도 미리 준비해두면 편해요. 잣은 기름종이 위에 올려 기름종이를 반으로 접어 잣을 덮은후 칼손잡이를 세워 살살 눌러 다져줍니다. 이렇게 하면 잣이 튀지도 않고 잣의 기름이 기름종이에 베어들어 깔끔하게 잣가루를 만들수 있어요.",
		"5. 양념장 재료는 모두 넣어 잘 섞어 양념장을 만들어주세요~",
		"6. 모든 재료를 다 준비해둔 후 먹기 직전에 볼에 핏기뺀 소고기를 담고 양념장을 넣어 살살 버무려줍니다.",
		"7. 접시에 오이와 배를 섞어 한쪽에 담고 양념한 소고기는 공모양으로 둥글려 뭉친다음 한쪽에 담아 소고기위에 잣가루를 솔솔 뿌려내면 완성이에요~"
	],
	"recipe_img": [
		"https://recipe1.ezmember.co.kr/cache/recipe/2015/09/14/68d3bf4359f64a90d657106c9215f8be1.jpg",
		"https://recipe1.ezmember.co.kr/cache/recipe/2015/09/14/241e00fbb3109348eea3d277a6d111641.jpg",
		"https://recipe1.ezmember.co.kr/cache/recipe/2015/09/14/c8a025f9c3eeef5a6c9be37a0a36ec581.jpg",
		"https://recipe1.ezmember.co.kr/cache/recipe/2015/09/14/58f0380fc70189eecdff519dd8ce8a201.jpg",
		"https://recipe1.ezmember.co.kr/cache/recipe/2015/09/14/2972d588c077d2dada53cc7974baa5891.jpg",
		"https://recipe1.ezmember.co.kr/cache/recipe/2015/09/14/90331e43f6e8fd4bb6435adb5e19b65c1.jpg",
		"https://recipe1.ezmember.co.kr/cache/recipe/2015/09/14/f2ebe8cdee94bc86b34f4cfc2e8127db.jpg"
	]
}