{
	"id": "1157578",
	"name": "봄나들이 김밥 김치소고기김밥 ",
	"thumbnail": "https://recipe1.ezmember.co.kr/cache/recipe/2015/10/30/f6d419a7603d5ff01d77106a428054e8.jpg",
	"url": "https://www.10000recipe.com/recipe/1157578",
	"ingredient_ids": [
		95,
		852,
		953,
		3,
		15,
		379,
		660,
		233,
		225,
		660,
		350,
		497,
		226,
		224
	],
	"time": "30",
	"ingre_list": [
		{
			"ingre_name": "밥",
			"ingre_count": "2",
			"ingre_unit": "공기"
		},
		{
			"ingre_name": "김",
			"ingre_count": "3",
			"ingre_unit": "장"
		},
		{
			"ingre_name": "소고기다짐육",
			"ingre_count": "150",
			"ingre_unit": "g"
		},
		{
			"ingre_name": "김치",
			"ingre_count": "200",
			"ingre_unit": "g"
		},
		{
			"ingre_name": "양파",
			"ingre_count": "1/2",
			"ingre_unit": "개"
		},
		{
			"ingre_name": "깻잎",
			"ingre_count": "6",
			"ingre_unit": "장"
		},
		{
			"ingre_name": "간장",
			"ingre_count": "2",
			"ingre_unit": "숟갈"
		},
		{
			"ingre_name": "생강술or청주or맛술",
			"ingre_count": "1",
			"ingre_unit": "숟갈"
		},
		{
			"ingre_name": "참기름",
			"ingre_count": "1",
			"ingre_unit": "숟갈"
		},
		{
			"ingre_name": "다진마늘",
			"ingre_count": "1/2",
			"ingre_unit": "숟갈"
		},
		{
			"ingre_name": "후춧가루",
			"ingre_count": "",
			"ingre_unit": ""
		},
		{
			"ingre_name": "소고기(볶은것)",
			"ingre_count": "2",
			"ingre_unit": "숟갈"
		},
		{
			"ingre_name": "참기름",
			"ingre_count": "1",
			"ingre_unit": "숟갈"
		},
		{
			"ingre_name": "깨소금",
			"ingre_count": "1",
			"ingre_unit": "숟갈"
		},
		{
			"ingre_name": "소금",
			"ingre_count": "",
			"ingre_unit": ""
		},
		{
			"ingre_name": "설탕",
			"ingre_count": "",
			"ingre_unit": ""
		},
		{
			"ingre_name": "고춧가루",
			"ingre_count": "1",
			"ingre_unit": "숟갈"
		}
	],
	"recipe": [
		"1. 먼저 소고기는 다진걸로 준비해서 키친타올에 올려 핏물을 제거해줍니다.",
		"2. 다진소고기는 고기 양념을 해준다음 간이 베어들도록 조물조물 주물러 주세요.",
		"3. 배추김치는 잘게 송송 썰어 설탕 1숟갈을 넣어주었어요.",
		"4. 양파는 굵게 썰어주고 깻잎은 씻어서 물기빼줍니다. 이렇게 재료준비는 모두 마쳤어요.",
		"5. 달군팬에 오일 약간을 둘러준후 양념한 소고기부터 넣고 달달달 볶다가 고기가 익었으면 숟가락으로 두숟갈을 덜어내어 주세요. 덜어낸 소고기는 밥에다 넣어줄거에요.",
		"6. 배추김치랑 양파를 넣고 볶아줍니다. 김치가 어느정도 익어가면 고추가루 한숟갈을 넣고 살짝 더 볶다가 불을 꺼주세요~ .",
		"7. 볼에 밥을 두공기 담은후 볶은소고기랑 밥양념을 넣고 양념을 해주세요. 김밥을 만들때는 밥에다가도 양념을 따로 해줘야 더 멋있어요.",
		"8. 김에다 밥을 3/4정도 편후 깻잎을 두장 펼쳐 올리고 볶은 김치를 가지런히 올려 돌돌 말아주면 된답니다.",
		"9. 김밥을 썰때는 항상 제일 먼저 말은 김밥부터 썰어주세요. 김이 밥에 착 달라붙어서 모양도 이쁘게 터지지않고 잘 썰린답니다. 속재료에 김치가 들어가는 김밥은 썰때 번거롭더라도 칼을 깨끗한 행주나 키친타올에 닦아가며 썰어주셔야 김밥 단면이 지저분하지않고 깨끗하답니다."
	],
	"recipe_img": [
		"https://recipe1.ezmember.co.kr/cache/recipe/2015/10/30/a7ea9dbc2d6188872a0c3642b44bda181.jpg",
		"https://recipe1.ezmember.co.kr/cache/recipe/2015/10/30/27175842d0f8270328c3ac42d58dd1251.jpg",
		"https://recipe1.ezmember.co.kr/cache/recipe/2015/10/30/6d327fd14c28e72133b91fec97be3e1a1.jpg",
		"https://recipe1.ezmember.co.kr/cache/recipe/2015/10/30/a36a6b07b24b1ca93e8dde128b4af3401.jpg",
		"https://recipe1.ezmember.co.kr/cache/recipe/2015/10/30/be0accc2e5d925be41b551f5b181990f1.jpg",
		"https://recipe1.ezmember.co.kr/cache/recipe/2015/10/30/412197c4b01207f703e0c76f9716e4791.jpg",
		"https://recipe1.ezmember.co.kr/cache/recipe/2015/10/30/35ff3b020790ad4a8779679de20898df1.jpg",
		"https://recipe1.ezmember.co.kr/cache/recipe/2015/10/30/4045a04f8ff13c3fc608d4cd02076af21.jpg",
		"https://recipe1.ezmember.co.kr/cache/recipe/2015/10/30/8d1ae8c9e51278fb203ee6eef5ab21141.jpg"
	]
}