{
	"id": "1170614",
	"name": "부드러운 육회",
	"thumbnail": "https://recipe1.ezmember.co.kr/cache/recipe/2015/10/27/0c0e96fb45e56216ea6cbd591fc6ba84.jpg",
	"url": "https://www.10000recipe.com/recipe/1170614",
	"ingredient_ids": [
		188,
		543,
		226,
		233,
		350,
		543,
		660,
		225,
		497
	],
	"time": "15",
	"ingre_list": [
		{
			"ingre_name": "한우소고기육회용",
			"ingre_count": "300",
			"ingre_unit": "g"
		},
		{
			"ingre_name": "배중간크기",
			"ingre_count": "1/2",
			"ingre_unit": "개"
		},
		{
			"ingre_name": "계란노른자",
			"ingre_count": "1",
			"ingre_unit": "개"
		},
		{
			"ingre_name": "잣",
			"ingre_count": "",
			"ingre_unit": ""
		},
		{
			"ingre_name": "통깨",
			"ingre_count": "",
			"ingre_unit": ""
		},
		{
			"ingre_name": "진간장2+1/2큰술",
			"ingre_count": "2+1/2",
			"ingre_unit": "큰술"
		},
		{
			"ingre_name": "설탕",
			"ingre_count": "1",
			"ingre_unit": "큰술"
		},
		{
			"ingre_name": "다진실파",
			"ingre_count": "1",
			"ingre_unit": "대"
		},
		{
			"ingre_name": "다진마늘",
			"ingre_count": "3",
			"ingre_unit": "알"
		},
		{
			"ingre_name": "깨소금",
			"ingre_count": "1",
			"ingre_unit": "작은술"
		},
		{
			"ingre_name": "통깨",
			"ingre_count": "1",
			"ingre_unit": "작은술"
		},
		{
			"ingre_name": "참기름",
			"ingre_count": "2",
			"ingre_unit": "큰술"
		},
		{
			"ingre_name": "후춧가루",
			"ingre_count": "1/4",
			"ingre_unit": "작은술"
		},
		{
			"ingre_name": "잣가루",
			"ingre_count": "1",
			"ingre_unit": "작은술"
		},
		{
			"ingre_name": "소금",
			"ingre_count": "1/2",
			"ingre_unit": "작은술"
		}
	],
	"recipe": [
		"1. 한우는 육회용을 준비합니다. 신선도가 좋은것으로 준비합니다.",
		"2. 분량의 양념을 넣고 섞어 소고기에 넣고 조물조물 무쳐줍니다.",
		"3. 접시에 배를 채썰어 담고 한쪽에는 육회를 그 육회위에는 계란노른자를 올리고 통깨도 뿌려 마무리합니다."
	],
	"recipe_img": [
		"https://recipe1.ezmember.co.kr/cache/recipe/2015/10/27/09cd79c6d88be863e536bc37f475af041.jpg",
		"https://recipe1.ezmember.co.kr/cache/recipe/2015/10/27/ded7e130576ee86a4a5ea73c16e49ae01.jpg",
		"https://recipe1.ezmember.co.kr/cache/recipe/2015/10/27/0d7c187ccede1a7cb90116a7706df6271.jpg"
	]
}