{
	"id": "1181895",
	"name": "♬ 알록달록 집어먹기 좋은 오므라이스 ",
	"thumbnail": "https://recipe1.ezmember.co.kr/cache/recipe/2015/06/09/ac36829d905e41831ddfdd312bfe9f7d.jpg",
	"url": "https://www.10000recipe.com/recipe/1181895",
	"ingredient_ids": [
		219,
		5,
		3,
		9,
		6,
		8,
		432,
		497
	],
	"time": "30",
	"ingre_list": [
		{
			"ingre_name": "달걀",
			"ingre_count": "4~5개",
			"ingre_unit": "~개"
		},
		{
			"ingre_name": "밥1+1/2공기",
			"ingre_count": "1+1/2",
			"ingre_unit": "공기"
		},
		{
			"ingre_name": "감자",
			"ingre_count": "1",
			"ingre_unit": "개"
		},
		{
			"ingre_name": "양파",
			"ingre_count": "1/2",
			"ingre_unit": "개"
		},
		{
			"ingre_name": "옥수수캔",
			"ingre_count": "3",
			"ingre_unit": "숟가락"
		},
		{
			"ingre_name": "당근",
			"ingre_count": "",
			"ingre_unit": "조금"
		},
		{
			"ingre_name": "파프리카",
			"ingre_count": "",
			"ingre_unit": "조금"
		},
		{
			"ingre_name": "오이",
			"ingre_count": "",
			"ingre_unit": "조금"
		},
		{
			"ingre_name": "포도씨유",
			"ingre_count": "",
			"ingre_unit": "적당량"
		},
		{
			"ingre_name": "소금",
			"ingre_count": "",
			"ingre_unit": "약간"
		},
		{
			"ingre_name": "후추",
			"ingre_count": "",
			"ingre_unit": "약간"
		}
	],
	"recipe": [
		"1. 팬에 기름을 두루고 감자를 볶다가 어느정도 익으면 나머지를 넣고 소금, 후추가루를 뿌리고  감자가 익으면 따로 담아 두고 팬에 밥을 볶다가 야채를 넣어 잘 섞고 소금으로 간을 한다.",
		"2. 볶음밥을 작은 그릇(지단의 4분의1정도의 크기에 그릇)에 꼭꼭 눌러 담고,",
		"3. 달걀을 풀어  체에 거른 뒤에 녹말물과 소금을 넣어잘 섞어주고 약한불에서팬에 기름을 거의 두루지  않은채로 달걀물을 부어 지단을 만들어 준다.",
		"4. 지단이 익으면볶음밥을 엎어주고 지단을 접어서 볶음밥에 부쳐준다.",
		"5. 모양은 개인의 기호에 맞게! 오므라이스 모양이 완성이 되면 접시를 엎어 팬을 뒤집어 담아준다."
	],
	"recipe_img": [
		"https://recipe1.ezmember.co.kr/cache/recipe/2019/02/08/12e8129301a6cc8aa36378c482bba3591.jpg",
		"https://recipe1.ezmember.co.kr/cache/recipe/2019/02/08/006f41f8d66fa6d77432cb8d2318a7d51.jpg"
	]
}