{
	"id": "1214866",
	"name": "브로콜리 달걀찜",
	"thumbnail": "https://recipe1.ezmember.co.kr/cache/recipe/2015/09/09/2bbd12ae729345f0cedc9a88d1e5215f.jpg",
	"url": "https://www.10000recipe.com/recipe/1214866",
	"ingredient_ids": [
		219,
		497,
		225
	],
	"time": "30",
	"ingre_list": [
		{
			"ingre_name": "달걀",
			"ingre_count": "3",
			"ingre_unit": "개"
		},
		{
			"ingre_name": "데친브로콜리",
			"ingre_count": "1",
			"ingre_unit": "줌"
		},
		{
			"ingre_name": "다진양파",
			"ingre_count": "3",
			"ingre_unit": "스푼"
		},
		{
			"ingre_name": "크레미맛살(큰것)",
			"ingre_count": "1",
			"ingre_unit": "줄"
		},
		{
			"ingre_name": "우유",
			"ingre_count": "3",
			"ingre_unit": "스푼"
		},
		{
			"ingre_name": "소금",
			"ingre_count": "0.",
			"ingre_unit": ".스푼"
		},
		{
			"ingre_name": "후춧가루",
			"ingre_count": "",
			"ingre_unit": "적당량"
		}
	],
	"recipe": [
		"1. 먼저 브로콜리는 데쳐서 작게 한입에 먹을 수 있는 크기고 작게 썰어 놓고, 양파는 다지고, 크래미맛살도 먹기 좋게 찢어서 준비하세요.",
		"2. 달걀 푼 것에 우유와 양념재료인 소금과, 후춧가루를 넣고 잘 풀어 주세요.",
		"3. 풀어 놓은 달걀에 브로콜리와 맛살, 양파를 넣어 골고루 섞어주세요. 용기를 따로 바꿔서 달걀찜을 해줘도 좋아요. 만약에 새로운 용기를 이용하게 될 경우 달걀찜을 완성할 그릇에 참기름을 발라 놓고 하면, 나중에 떼어내기 쉽답니다. 속이 깊은 그릇보다 낮은 그릇을 이용하면 시간을 절약할 수 있어요.",
		"4. 필립스 찜기 안에 브로콜리 달걀찜을 넣고 위에 찜기 뚜껑을 닫고, 약 15-20분간 쪄주면 끝."
	],
	"recipe_img": [
		"https://recipe1.ezmember.co.kr/cache/recipe/2015/09/09/69cf7b03e738a78c014f5f07ce55d3461.jpg",
		"https://recipe1.ezmember.co.kr/cache/recipe/2015/09/09/67f13a093d6250e417ffd836ada6accb1.jpg",
		"https://recipe1.ezmember.co.kr/cache/recipe/2015/09/09/9d41ecf5c4613d7ec44efe055ffcaa0b1.jpg",
		"https://recipe1.ezmember.co.kr/cache/recipe/2015/09/09/f9f1ebea25d323b596e2e8a5517c24ae1.jpg"
	]
}