{
	"id": "1219973",
	"name": "건강을 위해 튀기지 않은 모둠 깐풍기",
	"thumbnail": "https://recipe1.ezmember.co.kr/cache/recipe/2015/06/09/5d2a11862c954c80d984afecdee5d24c.jpg",
	"url": "https://www.10000recipe.com/recipe/1219973",
	"ingredient_ids": [
		300,
		972,
		53,
		497,
		292,
		379,
		226,
		292,
		226,
		231,
		292,
		660,
		3,
		27,
		237,
		233
	],
	"time": "60",
	"ingre_list": [
		{
			"ingre_name": "닭가슴살",
			"ingre_count": "2",
			"ingre_unit": "쪽"
		},
		{
			"ingre_name": "떡볶이떡",
			"ingre_count": "10",
			"ingre_unit": "개"
		},
		{
			"ingre_name": "양송이",
			"ingre_count": "3",
			"ingre_unit": "개"
		},
		{
			"ingre_name": "새송이",
			"ingre_count": "2",
			"ingre_unit": "개"
		},
		{
			"ingre_name": "표고버섯",
			"ingre_count": "1",
			"ingre_unit": "개"
		},
		{
			"ingre_name": "소금",
			"ingre_count": "",
			"ingre_unit": "약간"
		},
		{
			"ingre_name": "맛술",
			"ingre_count": "1",
			"ingre_unit": "큰술"
		},
		{
			"ingre_name": "녹말가루",
			"ingre_count": "3",
			"ingre_unit": "큰술"
		},
		{
			"ingre_name": "간장",
			"ingre_count": "2",
			"ingre_unit": "큰술"
		},
		{
			"ingre_name": "설탕",
			"ingre_count": "1",
			"ingre_unit": "큰술"
		},
		{
			"ingre_name": "맛술",
			"ingre_count": "1",
			"ingre_unit": "큰술"
		},
		{
			"ingre_name": "간장3+1/2큰술",
			"ingre_count": "3+1/2",
			"ingre_unit": "큰술"
		},
		{
			"ingre_name": "굴소스3+1/2큰술",
			"ingre_count": "3+1/2",
			"ingre_unit": "큰술"
		},
		{
			"ingre_name": "설탕",
			"ingre_count": "4",
			"ingre_unit": "큰술"
		},
		{
			"ingre_name": "식초",
			"ingre_count": "3",
			"ingre_unit": "큰술"
		},
		{
			"ingre_name": "맛술",
			"ingre_count": "2",
			"ingre_unit": "큰술"
		},
		{
			"ingre_name": "참기름",
			"ingre_count": "1",
			"ingre_unit": "큰술"
		},
		{
			"ingre_name": "후추",
			"ingre_count": "",
			"ingre_unit": "약간"
		},
		{
			"ingre_name": "양파",
			"ingre_count": "1/2",
			"ingre_unit": "개"
		},
		{
			"ingre_name": "대파",
			"ingre_count": "1/2",
			"ingre_unit": "개"
		},
		{
			"ingre_name": "청고추",
			"ingre_count": "2",
			"ingre_unit": "개"
		},
		{
			"ingre_name": "홍고추",
			"ingre_count": "2",
			"ingre_unit": "개"
		},
		{
			"ingre_name": "고추기름",
			"ingre_count": "4",
			"ingre_unit": "큰술"
		},
		{
			"ingre_name": "다진마늘",
			"ingre_count": "1",
			"ingre_unit": "큰술"
		}
	],
	"recipe": [
		"1. 버섯은 깨끗히 손질한 후 적당한 크기로 잘라서 데쳐 준비합니다. 익으면 작아지니깐 적당히 큼직하게 준비하세요. 삶아서 키친타올 등으로 닦아 수분을 제거해주세요. 버섯 삶은 물에 떡볶이 떡을 적당히 삶아줍니다. 버섯향도 나고 좋다고해요. 쫄깃할 정도로 삶아주세요.",
		"2. 밑간 양념은 미리 섞어 삶아서 물기 뺀 버섯과 삶은 떡, 적당한 크기로 썬 가슴살에 넣고 조물조물잘 버무려 10분정도 재워둡니다.",
		"3. 떡볶이를 제외한 나머지 (닭가슴살, 버섯)은 찜옷 재료를 비닐에 넣고 밑간된 애들이랑 같이 흔들어서 찜옷을 입혀줍니다. 찜옷을 흡수하도록 10분 정도 두세요.",
		"4. 떡볶이 떡을 제외하고 5~10분정도 쪄줍니다. 5분정도 찌다가 닭고기 하나 꺼내서 갈라보고 덜되었으면 더 찌세요. 닭고기만 다익으면 다된거랍니다. 면보는 괜히 받쳤어요. 면보 받치다가 일부 튀김옷이 벗겨져버렸답니다. 스테니아 타이머 기능을 이용하니깐 시간 되면 알려주고 꺼지니 넘 편리한거 같아요.",
		"5. 팬에 고추기름을 둘러 다진 마늘, 다진 파를 넣고 볶아줍니다.",
		"6. 양념 재료들을 잘게 다져 준비한다음 고추기름 둘러진 팬에 넣고양파가 투명해질 정도로 볶아줍니다.",
		"7. 미리 섞어둔 깐풍양념을 넣고 1분 정도 끓입니다.",
		"8. 찐 버섯, 닭가슴살과 밑간된 떡볶이 떡을 넣고 1분정도 더 볶아줍니다.",
		"9. 요고이 볶기 시작하면 집앞에서 부터 이 집 잔치하는가 보다 할정도로 맛난 향이 솔솔. 매콤강렬한맛과 쫀득한 떡, 부드러운 버섯과 가슴살이 너무나 잘어울린답니다. 비오는 날 술한잔 하시면서 드셔도 좋고 애들은 매콤하니깐 밥이랑 같이 먹어도 좋을꺼같네요. 튀기지 않았지만 전혀 그런느낌 못받겠드라고요. 물론 어떤 바삭한 식감은 없지만 소스랑 젖어들면 어차피 눅눅해지잖아요. 담번에 또 해먹어야것어요."
	],
	"recipe_img": [
		"https://recipe1.ezmember.co.kr/cache/recipe/2015/09/24/e6bbe6dadb87841690ceec26022beb591.jpg",
		"https://recipe1.ezmember.co.kr/cache/recipe/2015/09/24/6c06ac293b7b3ade14b2c36ca34eef781.jpg",
		"https://recipe1.ezmember.co.kr/cache/recipe/2015/09/24/88460ae23d11dd453434f8c78a12480f1.jpg",
		"https://recipe1.ezmember.co.kr/cache/recipe/2015/09/24/33d5f132b11a1442466e8c5a3e13efbe1.jpg",
		"https://recipe1.ezmember.co.kr/cache/recipe/2015/09/24/36c70244ec729fc1a686cf5f5646bb6b1.jpg",
		"https://recipe1.ezmember.co.kr/cache/recipe/2015/09/24/fd130794dd8c171695ef640033c1fbfd1.jpg",
		"https://recipe1.ezmember.co.kr/cache/recipe/2015/09/24/db4254c5903f3beba5c5d4c560b70b151.jpg",
		"https://recipe1.ezmember.co.kr/cache/recipe/2015/09/24/cbe9978f4feb2a6b5afa01ed793e6a131.jpg",
		"https://recipe1.ezmember.co.kr/cache/recipe/2015/09/24/49dcb28e8d3d5233632383059af6caed1.jpg"
	]
}