{
	"id": "1219877",
	"name": "촉촉한 오징어포 무침",
	"thumbnail": "https://recipe1.ezmember.co.kr/cache/recipe/2015/06/09/5e607f24e4cbf273b91a26d8d470a49a.jpg",
	"url": "https://www.10000recipe.com/recipe/1219877",
	"ingredient_ids": [
		343,
		224,
		226,
		341,
		228,
		29,
		295
	],
	"time": "15",
	"ingre_list": [
		{
			"ingre_name": "오징어채",
			"ingre_count": "100",
			"ingre_unit": "g"
		},
		{
			"ingre_name": "간장1+1/2스푼",
			"ingre_count": "1+1/2",
			"ingre_unit": "스푼"
		},
		{
			"ingre_name": "고추장1+1/2스푼",
			"ingre_count": "1+1/2",
			"ingre_unit": "스푼"
		},
		{
			"ingre_name": "미림",
			"ingre_count": "2",
			"ingre_unit": "스푼"
		},
		{
			"ingre_name": "고춧가루",
			"ingre_count": "1/2",
			"ingre_unit": "스푼"
		},
		{
			"ingre_name": "설탕",
			"ingre_count": "1",
			"ingre_unit": "스푼"
		},
		{
			"ingre_name": "물엿",
			"ingre_count": "2",
			"ingre_unit": "스푼"
		},
		{
			"ingre_name": "마요네즈",
			"ingre_count": "1/2",
			"ingre_unit": "스푼"
		},
		{
			"ingre_name": "마늘",
			"ingre_count": "3",
			"ingre_unit": "쪽"
		},
		{
			"ingre_name": "청양고추",
			"ingre_count": "1/2",
			"ingre_unit": "개"
		},
		{
			"ingre_name": "올리브오일",
			"ingre_count": "",
			"ingre_unit": "조금"
		}
	],
	"recipe": [
		"1. 오징어채는 먹기 쉽게 가위로 잘라 물에 살짝 불려 놓는다. 마늘은 편을 썰고, 청양고추도 썰어놓는다.",
		"2. 팬에 올리브오일을 두르고 고추장을 볶는다 .",
		"3. 간장을 넣고 볶다가 고춧가루, 설탕과 물엿, 미림을 넣고 계속 볶아준다. 아이들 반찬으로 하실땐 고추장과 고추가루양을 줄이면 매운맛을 줄일 수 있어요.",
		"4. 편을 썰어놓은 마늘을 넣고 볶다가 불을 끈다. 마늘을 편 썰어 넣으면 다져서 넣은것 보다 강하진 않지만 은은한 마늘향과 마늘이 양념에 졸여져서 쫀득쫀득한 맛을 느끼실 수 있어요 .",
		"5. 어느정도 식으면 오징어채를 넣고 양념이 잘 묻히도록 버무리다가 마지막으로 마요네즈와 청양고추를 넣고 버무린다. 마요네즈를 넣으면 촉촉해진다."
	],
	"recipe_img": [
		"https://recipe1.ezmember.co.kr/cache/recipe/2015/09/08/35efd10bea940bd434cc6ff59b85eb401.jpg",
		"https://recipe1.ezmember.co.kr/cache/recipe/2015/09/08/153a3dea8861a54cdcaf0aaed5adfcd11.jpg",
		"https://recipe1.ezmember.co.kr/cache/recipe/2015/09/08/3c1decf40ec8634097746840d5a786411.jpg",
		"https://recipe1.ezmember.co.kr/cache/recipe/2015/09/08/2e8790cca4801c5b60715d54ae4d9e2f1.jpg",
		"https://recipe1.ezmember.co.kr/cache/recipe/2015/09/08/d4e9d583380f6567d5bc8bc68de29d601.jpg"
	]
}