{
	"id": "1226325",
	"name": "행복한 도시락~ 쌈배추된장국, 닭살완자조림, 쌈배추어묵무침",
	"thumbnail": "https://recipe1.ezmember.co.kr/cache/recipe/2015/06/09/3b109d137e773eab36753e5dfbd43f5c.jpg",
	"url": "https://www.10000recipe.com/recipe/1226325",
	"ingredient_ids": [
		224,
		226,
		233,
		660,
		350,
		295,
		301,
		497,
		226,
		225,
		497
	],
	"time": "60",
	"ingre_list": [
		{
			"ingre_name": "진간장",
			"ingre_count": "2",
			"ingre_unit": "큰술"
		},
		{
			"ingre_name": "고춧가루",
			"ingre_count": "3",
			"ingre_unit": "큰술"
		},
		{
			"ingre_name": "설탕",
			"ingre_count": "1",
			"ingre_unit": "큰술"
		},
		{
			"ingre_name": "올리고당(물엿)",
			"ingre_count": "1",
			"ingre_unit": "큰술"
		},
		{
			"ingre_name": "다진마늘",
			"ingre_count": "0.",
			"ingre_unit": ".큰술"
		},
		{
			"ingre_name": "다진파",
			"ingre_count": "2",
			"ingre_unit": "큰술"
		},
		{
			"ingre_name": "참기름",
			"ingre_count": "1",
			"ingre_unit": "큰술"
		},
		{
			"ingre_name": "깨소금",
			"ingre_count": "1",
			"ingre_unit": "큰술"
		},
		{
			"ingre_name": "청양고추",
			"ingre_count": "1",
			"ingre_unit": "개"
		},
		{
			"ingre_name": "닭안심",
			"ingre_count": "1",
			"ingre_unit": "덩이"
		},
		{
			"ingre_name": "계란",
			"ingre_count": "1",
			"ingre_unit": "개"
		},
		{
			"ingre_name": "소금",
			"ingre_count": "",
			"ingre_unit": "약간"
		},
		{
			"ingre_name": "멸치육수or생수",
			"ingre_count": "1/2",
			"ingre_unit": "컵"
		},
		{
			"ingre_name": "녹말물",
			"ingre_count": "2",
			"ingre_unit": "큰술"
		},
		{
			"ingre_name": "진간장",
			"ingre_count": "1",
			"ingre_unit": "큰술"
		},
		{
			"ingre_name": "케첩",
			"ingre_count": "3",
			"ingre_unit": "큰술"
		},
		{
			"ingre_name": "설탕",
			"ingre_count": "2",
			"ingre_unit": "큰술"
		},
		{
			"ingre_name": "후춧가루",
			"ingre_count": "",
			"ingre_unit": "약간"
		},
		{
			"ingre_name": "소금",
			"ingre_count": "",
			"ingre_unit": "약간"
		}
	],
	"recipe": [
		"1. <쌈배추 된장국> 일부는 데쳐서 길게 죽죽 찢어... 멸치다시마육수에 넣고 끓이기 시작했어요. 잠시.. 끓이다가~",
		"2. 된장을 너무 짜지 않게.. 삼삼하게 풀어줍니다. 배추된장국은 된장의 농도가 미소 된장국처럼 맑아야 시원하니 맛있어요. 약간 싱거울 경우..천일염으로 간을 맞추고요. 청양고추를 한 개 썰어넣어줍니다. 매콤~하니..감칠맛이 나거든요.^^",
		"3. 마지막에 대파를 송송 썰어넣고 마무리해요. 국물이 달큰~~하면서도 얼마나 시원한지 몰라요.^^",
		"4. <쌈배추 어묵무침> 쌈배추 한 줌, 부드러운 부분은 잘게 썰고.. 어묵 3장은 채썰어서 뜨거운 물에 샤워시켜서 물기를 빼두었어요.",
		"5. 진간장 2큰술, 고춧가루 3큰술, 설탕 1큰술, 올리고당(물엿) 1큰술, 다진 마늘 0.5큰술, 다진 파 2큰술, 참기름 1큰술, 깨소금 1큰술, 소금간 이렇게 양념을 준비해서.. 양념끼리 먼저 잘 섞어둡니다.",
		"6. 여기에 어묵과 쌈배추 채썬 것을 넣어 조물조물 무쳐주면 완성~! 달큰하면서도..상큼하니 먹을만하더라구요. 어묵은 기름에 볶아도 맛있지만 이렇게 무쳐도 괜찮네요.^^",
		"7. <닭살완자조림> 냉동실에서 닭안심을 한 덩이 꺼냈어요. 약 250g 정도 되는데요. 여기에 당근과 양파, 풋고추, 대파를 넣어 푸드프로세서에서 갈았습니다. 닭안심에는 후춧가루와 생강술로 밑간했다가 갈았어요.",
		"8. 순식간에 곱게 잘 갈리더라구요..",
		"9. 여기에 계란 한 개를 넣고.. 소금은 아주 약간만 넣어줍니다. 나중에 소스에 버무릴거라.. 간을 세게 하면 짜서 안되요.",
		"10. 완자크기로 빚어서 오븐이나 전자렌지에서 익혀도 좋겠지만 양파와 파를 넣고 갈았더니 수분이 많아 이렇게 한 스픈씩 떠서 작은 크기의 완자로 지졌답니다.",
		"11. 뒤집어서 마저 익힌 후~",
		"12. 볶음팬에 식용유를 두르고.. 다진 마늘을 볶다가~~피망을 잘게 썰어넣고 달달 볶아주었답니다.",
		"13. 멸치육수나.. 없으면 생수를 1/2컵 붓고... 진간장 1큰술, 케첩 3큰술, 설탕 2큰술, 후춧가루 약간, 소금간을 한 다음.. 녹말물을 2큰술 넣어 걸쭉하게 끓여줍니다.",
		"14. 여기에 후라이팬에서 익힌 닭살완자와 파인애플을 넣어 소스에 휘리릭 섞어주면 완성됩니다.",
		"15. 파인애플이 들어가면.. 새콤달콤하고 향이 좋아집니다.. 아이들이 좋아할 반찬이지요.^^ 완자 속에 양파와 풋고추, 당근을 다져넣어 채소를 싫어하는 아이들에게 먹일 수 있는 방법이지요."
	],
	"recipe_img": [
		"https://recipe1.ezmember.co.kr/cache/recipe/2016/08/19/cbe03978c1d58c7dc105faa7075dfbc4.jpg",
		"https://recipe1.ezmember.co.kr/cache/recipe/2016/08/19/edc98ca09b2ba3bf441df3d530b0dee9.jpg",
		"https://recipe1.ezmember.co.kr/cache/recipe/2016/08/19/3764fb18dae68d4b26bb96267518303a.jpg",
		"https://recipe1.ezmember.co.kr/cache/recipe/2016/08/19/a8701a95703de8eb5ee225c799435ef0.jpg",
		"https://recipe1.ezmember.co.kr/cache/recipe/2016/08/19/a6b74bad856faedee427574ed7865518.jpg",
		"https://recipe1.ezmember.co.kr/cache/recipe/2016/08/19/e73a2b98086c6ca0c6c509cc691bc56f.jpg",
		"https://recipe1.ezmember.co.kr/cache/recipe/2016/08/19/68fc74518be2c02700552b0443554f1d.jpg",
		"https://recipe1.ezmember.co.kr/cache/recipe/2016/08/19/dbe7765f1bcd2aae671d296ab55ab1e6.jpg",
		"https://recipe1.ezmember.co.kr/cache/recipe/2016/08/19/a9cafa86131c829960db96105f42457d.jpg",
		"https://recipe1.ezmember.co.kr/cache/recipe/2016/08/19/257c93ca11ea55b4ac880b39b5442659.jpg",
		"https://recipe1.ezmember.co.kr/cache/recipe/2016/08/19/601c39eb0332db6ee54478b00fab1e2f.jpg",
		"https://recipe1.ezmember.co.kr/cache/recipe/2016/08/19/cebf597dbcf3d6be711dd1507aafb43f.jpg",
		"https://recipe1.ezmember.co.kr/cache/recipe/2016/08/19/f4c3e652aca9465c96d1d76cc42fb2d5.jpg",
		"https://recipe1.ezmember.co.kr/cache/recipe/2016/08/19/2b83ebccbce3b929c9be22ed72710f16.jpg",
		"https://recipe1.ezmember.co.kr/cache/recipe/2016/08/19/ae3ee044f6968491b2958a9da4d34540.jpg"
	]
}