{
	"id": "1259719",
	"name": "♪ 짭쪼롬한 밥도둑, 당당한 새우젓 무침",
	"thumbnail": "https://recipe1.ezmember.co.kr/cache/recipe/2015/06/08/bca7b52da84c09684423afd240481b06.jpg",
	"url": "https://www.10000recipe.com/recipe/1259719",
	"ingredient_ids": [
		390,
		295,
		3,
		233,
		231,
		660,
		543
	],
	"time": "30",
	"ingre_list": [
		{
			"ingre_name": "새우젓",
			"ingre_count": "1/2",
			"ingre_unit": "컵"
		},
		{
			"ingre_name": "청양고추",
			"ingre_count": "2",
			"ingre_unit": "개"
		},
		{
			"ingre_name": "홍고추",
			"ingre_count": "1",
			"ingre_unit": "개"
		},
		{
			"ingre_name": "양파",
			"ingre_count": "",
			"ingre_unit": ""
		},
		{
			"ingre_name": "다진마늘",
			"ingre_count": "1",
			"ingre_unit": "차스푼"
		},
		{
			"ingre_name": "다진파",
			"ingre_count": "1",
			"ingre_unit": "차스푼"
		},
		{
			"ingre_name": "식초",
			"ingre_count": "1",
			"ingre_unit": "숟가락"
		},
		{
			"ingre_name": "참기름",
			"ingre_count": "",
			"ingre_unit": ""
		},
		{
			"ingre_name": "통깨",
			"ingre_count": "",
			"ingre_unit": ""
		},
		{
			"ingre_name": "찬물",
			"ingre_count": "1",
			"ingre_unit": "컵"
		}
	],
	"recipe": [
		"1. 건지 새우젓은 차가운물에 20분정도 담구어 짠맛을 뺀뒤에 체에 건져서 물기를 빼주세요.",
		"2. 물기를 뺀 새우젓에 고추, 다진마늘,다진파,양파, 식초를 넣어 잘 무쳐줍니다. 다른 무침반찬과는 달리.. 새우에 충격이 가지 않도록 젓가락으로 저어가면 무친다.",
		"3. 참기름과 통깨를 넉넉히 넣어 마무리! 완성입니다.^^ 새우젓무침에는 통깨가 넉넉히 들어가야 더 맛있답니다."
	],
	"recipe_img": [
		"https://recipe1.ezmember.co.kr/cache/recipe/2017/09/14/44eefae97539bdf335f888f5aef4c0d81.jpg",
		"https://recipe1.ezmember.co.kr/cache/recipe/2017/09/14/dc6ab44968ece5dda3ee200a2c065d021.jpg",
		"https://recipe1.ezmember.co.kr/cache/recipe/2017/09/14/4924c9a5abc4610948f87e8cec5f2afd1.jpg"
	]
}