{
	"id": "128629",
	"name": "치치계란말이",
	"thumbnail": "https://recipe1.ezmember.co.kr/cache/recipe/2017/07/13/1d2ccc04da8b3e0c79d26de40a0dffad.jpg",
	"url": "https://www.10000recipe.com/recipe/128629",
	"ingredient_ids": [
		9,
		628,
		216,
		953
	],
	"time": "15",
	"ingre_list": [
		{
			"ingre_name": "계란",
			"ingre_count": "2",
			"ingre_unit": "개"
		},
		{
			"ingre_name": "당근",
			"ingre_count": "1/5",
			"ingre_unit": "개"
		},
		{
			"ingre_name": "파",
			"ingre_count": "1/2",
			"ingre_unit": "뿌리"
		},
		{
			"ingre_name": "청고추",
			"ingre_count": "1",
			"ingre_unit": "개"
		},
		{
			"ingre_name": "햄",
			"ingre_count": "2~3조각",
			"ingre_unit": "~조각"
		},
		{
			"ingre_name": "피자치즈",
			"ingre_count": "1",
			"ingre_unit": "줌"
		},
		{
			"ingre_name": "김치",
			"ingre_count": "",
			"ingre_unit": "적당량"
		}
	],
	"recipe": [],
	"recipe_img": []
}