{
	"id": "1297066",
	"name": "♪ 짭쪼롬, 꼬돌꼬돌한 '오이지 양념무침' ",
	"thumbnail": "https://recipe1.ezmember.co.kr/cache/recipe/2015/06/08/257373b3ffb30d62d042c659fef6357e.jpg",
	"url": "https://www.10000recipe.com/recipe/1297066",
	"ingredient_ids": [
		1010,
		233,
		341,
		660,
		290
	],
	"time": "10",
	"ingre_list": [
		{
			"ingre_name": "오이지",
			"ingre_count": "3",
			"ingre_unit": "개"
		},
		{
			"ingre_name": "고추가루",
			"ingre_count": "2/3",
			"ingre_unit": "숟가락"
		},
		{
			"ingre_name": "다진마늘",
			"ingre_count": "",
			"ingre_unit": ""
		},
		{
			"ingre_name": "파",
			"ingre_count": "",
			"ingre_unit": ""
		},
		{
			"ingre_name": "물엿",
			"ingre_count": "1",
			"ingre_unit": "숟가락"
		},
		{
			"ingre_name": "참기름",
			"ingre_count": "",
			"ingre_unit": ""
		},
		{
			"ingre_name": "깨",
			"ingre_count": "",
			"ingre_unit": ""
		}
	],
	"recipe": [
		"1. 오이지는 동그랗게 잘라 물에 담구어 짠 맛을 빼고, 보자기들에 싸서 물기를 짜준다.",
		"2. 양념을 넣어 조물조물..ㅎㅎ",
		"3. 찬밥을 물말아 오이지와 함게 먹어도 맛잇고, 드신밥과 함께 먹어도 좋아요."
	],
	"recipe_img": []
}