{
	"id": "1310952",
	"name": "쉽지만 맛있고 든든한 밑반찬 새송이장조림",
	"thumbnail": "https://recipe1.ezmember.co.kr/cache/recipe/2015/09/29/ffa3659622ea74f044bddcdd6081bed7.jpg",
	"url": "https://www.10000recipe.com/recipe/1310952",
	"ingredient_ids": [
		29,
		292,
		379,
		226,
		455,
		341,
		857
	],
	"time": "30",
	"ingre_list": [
		{
			"ingre_name": "새송이큰것",
			"ingre_count": "5~6개",
			"ingre_unit": "~개"
		},
		{
			"ingre_name": "양파작은것",
			"ingre_count": "1",
			"ingre_unit": "개"
		},
		{
			"ingre_name": "홍고추",
			"ingre_count": "1",
			"ingre_unit": "개"
		},
		{
			"ingre_name": "청고추",
			"ingre_count": "1",
			"ingre_unit": "개"
		},
		{
			"ingre_name": "마늘",
			"ingre_count": "10",
			"ingre_unit": "알"
		},
		{
			"ingre_name": "멸치다시마물",
			"ingre_count": "1.",
			"ingre_unit": ".컵"
		},
		{
			"ingre_name": "맛술",
			"ingre_count": "2",
			"ingre_unit": "큰술"
		},
		{
			"ingre_name": "간장",
			"ingre_count": "5",
			"ingre_unit": "큰술"
		},
		{
			"ingre_name": "설탕",
			"ingre_count": "1",
			"ingre_unit": "큰술"
		},
		{
			"ingre_name": "생강가루",
			"ingre_count": "0.",
			"ingre_unit": ".ts"
		},
		{
			"ingre_name": "물엿",
			"ingre_count": "1",
			"ingre_unit": "큰술"
		},
		{
			"ingre_name": "통후추",
			"ingre_count": "5~6알",
			"ingre_unit": "~알"
		}
	],
	"recipe": [
		"1. 멸치와 다시마를 넣어 멸치다시마물을 끓여주세요. 멸치다시마물을 끓이는 동안 새송이를 씻어서 물기를 뺀다음 길게 채 썰듯이 썰어주세요. 양파도 채썰어주시고 청홍고추는 어슷 썰어주세요. 반갈라서 채썰어주셔도 좋겠네요. 멸치 다시물이 끓으면 나머지 조림장 재료들을 넣고 한번더 보글보글 끓여주세요. 그 다음 새송이를 넣고 잠시 졸여주세요.",
		"2. 그 다음 양파와 마늘, 고추를 잠시 끓였다가 불을 끄시고 식혀주세요.",
		"3. 다들 생으로 먹을 수 있는 재료니까 너무 오래 졸이지 마세요. 양파나 고추는 아삭함을 느낄수 있을 정도로 졸여주세요."
	],
	"recipe_img": [
		"https://recipe1.ezmember.co.kr/cache/recipe/2015/09/30/2da8e1e3719a5f525bd4965e83062c3e1.jpg",
		"https://recipe1.ezmember.co.kr/cache/recipe/2015/09/30/7459630b8c3d71e59a28e7dece42d0931.jpg",
		"https://recipe1.ezmember.co.kr/cache/recipe/2015/09/30/db66f46ef2e8260de8c613e8c2d129bd1.jpg"
	]
}