{
	"id": "1312085",
	"name": "새콤달콤 양파 장아찌",
	"thumbnail": "https://recipe1.ezmember.co.kr/cache/recipe/2015/09/11/696b44a45275dd1ed9e774e88abd118e.jpg",
	"url": "https://www.10000recipe.com/recipe/1312085",
	"ingredient_ids": [
		226
	],
	"time": "15",
	"ingre_list": [
		{
			"ingre_name": "햇양파작은것",
			"ingre_count": "15",
			"ingre_unit": "개"
		},
		{
			"ingre_name": "마른고추",
			"ingre_count": "10",
			"ingre_unit": "개"
		},
		{
			"ingre_name": "간장3~3+1/2컵",
			"ingre_count": "3~3+1/2컵",
			"ingre_unit": "~컵"
		},
		{
			"ingre_name": "찬물",
			"ingre_count": "3",
			"ingre_unit": "컵"
		},
		{
			"ingre_name": "식초1+1/2컵",
			"ingre_count": "1+1/2",
			"ingre_unit": "컵"
		},
		{
			"ingre_name": "설탕",
			"ingre_count": "3/4컵~1컵",
			"ingre_unit": "컵~컵"
		}
	],
	"recipe": [
		"1. 깨끗하게 씻어서 준비한 유리병과 뚜껑은 물기를 완전히 제거해서 준비 하세요.",
		"2. 양파는 껍질을 벗겨서 깨끗하게 씻어서 준비 하시구요~",
		"3. 이렇게 4등분을 해서 담그셔도 되구요. 통채로 담그셔도 되구요. 전 반반 담았어요.",
		"4. 냄비에 분량의 설탕과 식초, 물, 간장을 붓고 끓여 주세요.",
		"5. 센불에 끓이다가 거품이 생기면 전부 걷어 내시구요.",
		"6. 유리병에 양파를 차곡차곡 담으시고 마른고추도 넣어주세요. 마른고추가 없으시면 청양고추를 사용 하셔도 되구요.",
		"7. 팔팔 끓인 간장을 뜨거울때 양파가 잠기도록 부어 주세요.",
		"8. 뚜껑을 닫고 실온에 보관 하시면 양파 장아찌 완성~ 이렇게 실온에 3일정도 두시구요~ 3일후엔 간장을 따라내고 다시 팔팔 끓인후 식혀서 부어 주시면 되요~ 조각을 낸 양파장아찌는 만드신지 3일이 지나면 드실수 있구요. 통채로 담으신건 일주일후에 드시면 되요~ 양파는 다른 장아찌에 비해서 쉽게 무를수도 있기 때문에 오래 보관 하시려면 3일후에 절임액을 끓여서 식힌후 붓고 냉장보관 하시면 좀 더 오래 드실수 있답니다.",
		"9. 만든지 이틀이 지난 양파 장아찌예요~"
	],
	"recipe_img": [
		"https://recipe1.ezmember.co.kr/cache/recipe/2015/09/11/4814cdaef7a452d5ce6e9bcadb6841a41.jpg",
		"https://recipe1.ezmember.co.kr/cache/recipe/2015/09/11/3a892bf52cc9c4987edd0cc79c50251e1.jpg",
		"https://recipe1.ezmember.co.kr/cache/recipe/2015/09/11/b19029dd2474c27e5b972bcca485e6611.jpg",
		"https://recipe1.ezmember.co.kr/cache/recipe/2015/09/11/c26edee8342ad36bb554b45bb2bb34a01.jpg",
		"https://recipe1.ezmember.co.kr/cache/recipe/2015/09/11/6773ae38a3e6a50187089759cc1ae2ba1.jpg",
		"https://recipe1.ezmember.co.kr/cache/recipe/2015/09/11/188f50c3ac3e5ced5f2b1cb79811a32a1.jpg",
		"https://recipe1.ezmember.co.kr/cache/recipe/2015/09/11/765eebb29a4d796a1b3554820ec87b171.jpg",
		"https://recipe1.ezmember.co.kr/cache/recipe/2015/09/11/4ee859e5f95211fb7a82dbfa257f39811.jpg",
		"https://recipe1.ezmember.co.kr/cache/recipe/2015/09/11/42aea31d149b1eba9dc9575ed728922d.jpg"
	]
}