{
	"id": "1313820",
	"name": "느타리버섯 어묵볶음",
	"thumbnail": "https://recipe1.ezmember.co.kr/cache/recipe/2015/09/11/050e317d5f5dbc70b4ecedff6a19e6ba.jpg",
	"url": "https://www.10000recipe.com/recipe/1313820",
	"ingredient_ids": [
		56,
		548,
		3,
		27,
		477,
		379,
		226,
		575,
		237,
		224,
		233,
		432,
		543
	],
	"time": "15",
	"ingre_list": [
		{
			"ingre_name": "느타리버섯",
			"ingre_count": "500",
			"ingre_unit": "g"
		},
		{
			"ingre_name": "어묵",
			"ingre_count": "400",
			"ingre_unit": "g"
		},
		{
			"ingre_name": "양파",
			"ingre_count": "1",
			"ingre_unit": "개"
		},
		{
			"ingre_name": "대파",
			"ingre_count": "1",
			"ingre_unit": "줄기"
		},
		{
			"ingre_name": "굴소스",
			"ingre_count": "1",
			"ingre_unit": "큰술"
		},
		{
			"ingre_name": "간장",
			"ingre_count": "5",
			"ingre_unit": "큰술"
		},
		{
			"ingre_name": "설탕",
			"ingre_count": "1",
			"ingre_unit": "큰술"
		},
		{
			"ingre_name": "올리고당",
			"ingre_count": "1",
			"ingre_unit": "큰술"
		},
		{
			"ingre_name": "고추기름",
			"ingre_count": "1",
			"ingre_unit": "큰술"
		},
		{
			"ingre_name": "고춧가루",
			"ingre_count": "1",
			"ingre_unit": "큰술"
		},
		{
			"ingre_name": "다진마늘",
			"ingre_count": "1/2",
			"ingre_unit": "큰술"
		},
		{
			"ingre_name": "후추가루",
			"ingre_count": "1",
			"ingre_unit": "작은술"
		},
		{
			"ingre_name": "포도씨유",
			"ingre_count": "1",
			"ingre_unit": "큰술"
		},
		{
			"ingre_name": "통깨",
			"ingre_count": "1",
			"ingre_unit": "큰술"
		}
	],
	"recipe": [
		"1. 느타리 버섯은 한가닥씩 찢어서 준비 합니다. 어묵은 먹기 좋은 크기로 잘라 끓는물에 살짝 데쳐 물기를 빼서 준비 합니다. 양파와 대파는 적당한 크기로 잘라서 준비 합니다.",
		"2. 분량의 양념장 재료를 모두 섞어 양념장을 만들어 줍니다. 달군팬에 기름을 두르고 버섯을 먼저 볶아 줍니다. 어묵을 섞고 버섯과 함께 센불에 볶아 줍니다.",
		"3. 버섯과 어묵이 섞이면 양파와 대파를 넣고 양념장을 넣어 줍니다. 양념장이 고루 섞이도록 센불에 재빨리 볶아 통깨를 뿌려 마무리 합니다."
	],
	"recipe_img": [
		"https://recipe1.ezmember.co.kr/cache/recipe/2015/09/11/84991e6beb463dee7a09fc56aea8a6891.jpg",
		"https://recipe1.ezmember.co.kr/cache/recipe/2015/09/11/2db94c1041aeae9126d0d3e958475d941.jpg",
		"https://recipe1.ezmember.co.kr/cache/recipe/2015/09/11/fc5a7505c0376b941c865657299d7cab1.jpg"
	]
}