{
	"id": "1357527",
	"name": "무쳐만 먹지 말고 볶아서도 먹는 콩나물볶음",
	"thumbnail": "https://recipe1.ezmember.co.kr/cache/recipe/2015/10/27/fc4a78cead1dfccd926e03568367f2ea.jpg",
	"url": "https://www.10000recipe.com/recipe/1357527",
	"ingredient_ids": [
		47,
		27,
		379,
		224,
		226,
		292,
		233,
		660,
		543,
		497,
		225
	],
	"time": "30",
	"ingre_list": [
		{
			"ingre_name": "콩나물",
			"ingre_count": "250",
			"ingre_unit": "g"
		},
		{
			"ingre_name": "대파",
			"ingre_count": "1/5",
			"ingre_unit": "대"
		},
		{
			"ingre_name": "홍고추",
			"ingre_count": "1/2",
			"ingre_unit": "개"
		},
		{
			"ingre_name": "간장",
			"ingre_count": "2",
			"ingre_unit": "큰술"
		},
		{
			"ingre_name": "고춧가루",
			"ingre_count": "1",
			"ingre_unit": "큰술"
		},
		{
			"ingre_name": "설탕",
			"ingre_count": "0.",
			"ingre_unit": ".큰술"
		},
		{
			"ingre_name": "맛술",
			"ingre_count": "2",
			"ingre_unit": "큰술"
		},
		{
			"ingre_name": "다진마늘",
			"ingre_count": "0.",
			"ingre_unit": ".큰술"
		},
		{
			"ingre_name": "참기름",
			"ingre_count": "1",
			"ingre_unit": "큰술"
		},
		{
			"ingre_name": "통깨",
			"ingre_count": "1",
			"ingre_unit": "큰술"
		},
		{
			"ingre_name": "소금",
			"ingre_count": "",
			"ingre_unit": "약간"
		},
		{
			"ingre_name": "후춧가루",
			"ingre_count": "",
			"ingre_unit": "약간"
		}
	],
	"recipe": [
		"1. 콩나물은 씻어서 물기를 빼줍니다.",
		"2. 간장 2, 고춧가루 1, 설탕 0.3, 맛술 2, 다진 마늘 0.5, 참기름 1을 한데 섞어 양념장을 만듭니다. 콩나물 비린내 때문에 맛술을 넣긴 했는데, 없으면 생략해도 좋고 대신 청주 1를 넣으셔도 좋답니다. 장으로 간을 하되, 나머지 간은 나중에 맛을 봐서 소금으로 해줄 거예요.",
		"3. 달군 팬에 기름을 적당히 두르고, 씻어서 물기를 뺀 콩나물을 넣고 강한 불에서 윤기나게 달달 볶아줍니다.",
		"4. 콩나물의 숨이 죽으면 양념장을 붓고 양념장이 잘 섞이도록 역시 재빨리 볶아줍니다.",
		"5. 마지막으로 어슷하게 썬 대파나 쪽파, 홍고추 썬 것을 넣고, 통깨 1를 뿌리고, 맛을 보아 나머지 간은 소금, 후춧가루로 적당히 해주면 끝."
	],
	"recipe_img": [
		"https://recipe1.ezmember.co.kr/cache/recipe/2015/10/29/1946ba8986c6257d93736891ec5329341.jpg",
		"https://recipe1.ezmember.co.kr/cache/recipe/2015/10/29/a5a75f06c87a2e98b11407174f85a6a41.jpg",
		"https://recipe1.ezmember.co.kr/cache/recipe/2015/10/29/6ff1419ddfce46eb4141fe6a5ce340c41.jpg",
		"https://recipe1.ezmember.co.kr/cache/recipe/2015/10/29/bea3c07136c387f7961c7fed281da6421.jpg",
		"https://recipe1.ezmember.co.kr/cache/recipe/2015/10/29/28acc914e4450f9c0b2ce19ec610dffe1.jpg"
	]
}