{
	"id": "1357518",
	"name": "꼬들꼬들 해파리냉채",
	"thumbnail": "https://recipe1.ezmember.co.kr/cache/recipe/2015/10/28/7290115bd157b7a70dda582a00654b89.jpg",
	"url": "https://www.10000recipe.com/recipe/1357518",
	"ingredient_ids": [
		8,
		231,
		226,
		497,
		597,
		231,
		995,
		226,
		497,
		233,
		660
	],
	"time": "30",
	"ingre_list": [
		{
			"ingre_name": "염장해파리",
			"ingre_count": "300",
			"ingre_unit": "g"
		},
		{
			"ingre_name": "오이",
			"ingre_count": "1/2",
			"ingre_unit": "개"
		},
		{
			"ingre_name": "홍피망",
			"ingre_count": "1/2",
			"ingre_unit": "개"
		},
		{
			"ingre_name": "게맛살",
			"ingre_count": "2",
			"ingre_unit": "줄"
		},
		{
			"ingre_name": "식초",
			"ingre_count": "2",
			"ingre_unit": "큰술"
		},
		{
			"ingre_name": "설탕",
			"ingre_count": "1",
			"ingre_unit": "큰술"
		},
		{
			"ingre_name": "소금",
			"ingre_count": "",
			"ingre_unit": "약간"
		},
		{
			"ingre_name": "연겨자",
			"ingre_count": "0.",
			"ingre_unit": ".큰술"
		},
		{
			"ingre_name": "식초",
			"ingre_count": "2",
			"ingre_unit": "큰술"
		},
		{
			"ingre_name": "물",
			"ingre_count": "1",
			"ingre_unit": "큰술"
		},
		{
			"ingre_name": "설탕",
			"ingre_count": "1",
			"ingre_unit": "큰술"
		},
		{
			"ingre_name": "소금",
			"ingre_count": "0.",
			"ingre_unit": ".큰술"
		},
		{
			"ingre_name": "다진마늘",
			"ingre_count": "0.",
			"ingre_unit": ".큰술"
		},
		{
			"ingre_name": "참기름",
			"ingre_count": "0.",
			"ingre_unit": ".큰술"
		}
	],
	"recipe": [
		"1. 해파리는 물에 여러 번 헹궈 소금기를 빼주고 끓인 물에 담가 꼬들꼬들하게 데칩니다. 물을 끓이면서 데치는것 보다 끓는 물에 담갔다가 빼주는 정도로 하시는 것이 좋아요. 안그러면 일반 채소 데치듯이 마냥 두게되면 해파리가 완전 쪼그라 들어요. 해파리는 보통 소금에 잔뜩 절여진 상태라서 짠기를 확살하게 빼고 요리를 해야 해요. 여러 번 조물조물 헹구고, 약간 뜨겁다 싶은 물에 담갔다가 꺼내 데쳐주시면 되어요.",
		"2. 데친 해파리는 물기를 빼서 해파리밑간재료인 식초 2, 설탕 1, 소금 약간을 넣고 조물조물 밑간을 해두고 오이 2분의 1개, 홍피망 2분의 1개는 채 썰고, 게맛살 2줄은 적당한 굵기로 찢어 주줍니다. 해파리만 따로 이렇게 밑양념을 해서 무쳐 두시면 더욱 맛이 좋아요. 맛도 더욱 새콤달콤, 해파리 자체에 간이 쏙쏙 배어 더욱 맛이 있답니다.",
		"3. 겨자소스 재료인 연겨자 0.7, 식초 2, 물 1, 설탕 1, 소금 0.3, 다진 마늘 0.5, 참기름 0.3을 한데 섞어 소스를 만듭니다.",
		"4. 밑간을 한 해파리와 채썬 채소, 맛살을 모두 한데 넣고, 겨자소스를 부어 뒤적거리면서 조물조물 무쳐주면 끝."
	],
	"recipe_img": [
		"https://recipe1.ezmember.co.kr/cache/recipe/2015/10/29/ee658caa55756286077badef8e733f031.jpg",
		"https://recipe1.ezmember.co.kr/cache/recipe/2015/10/29/571b7a94548c947e0d4fba8b6c6c69e41.jpg",
		"https://recipe1.ezmember.co.kr/cache/recipe/2015/10/29/622e02a93332e89bbd76c405033ea8ea1.jpg",
		"https://recipe1.ezmember.co.kr/cache/recipe/2015/10/29/9d19f10e864fa01a385881534f14afd21.jpg"
	]
}