{
	"id": "1361107",
	"name": "제육볶음 만드는 법",
	"thumbnail": "https://recipe1.ezmember.co.kr/cache/recipe/2015/06/08/ee750bc94a22e5a0f94588a5f5e2473f.jpg",
	"url": "https://www.10000recipe.com/recipe/1361107",
	"ingredient_ids": [
		487,
		27,
		325,
		473,
		224,
		292,
		379,
		226,
		938,
		233,
		455
	],
	"time": "60",
	"ingre_list": [
		{
			"ingre_name": "돼지고기",
			"ingre_count": "2",
			"ingre_unit": "근"
		},
		{
			"ingre_name": "대파",
			"ingre_count": "1",
			"ingre_unit": "뿌리"
		},
		{
			"ingre_name": "양파중",
			"ingre_count": "1",
			"ingre_unit": "개"
		},
		{
			"ingre_name": "호박",
			"ingre_count": "1/3",
			"ingre_unit": "개"
		},
		{
			"ingre_name": "고추장",
			"ingre_count": "7",
			"ingre_unit": "T"
		},
		{
			"ingre_name": "고춧가루",
			"ingre_count": "3",
			"ingre_unit": "T"
		},
		{
			"ingre_name": "맛술",
			"ingre_count": "5",
			"ingre_unit": "T"
		},
		{
			"ingre_name": "간장",
			"ingre_count": "3",
			"ingre_unit": "T"
		},
		{
			"ingre_name": "설탕",
			"ingre_count": "3",
			"ingre_unit": "T"
		},
		{
			"ingre_name": "매실청",
			"ingre_count": "2",
			"ingre_unit": "T"
		},
		{
			"ingre_name": "다진마늘",
			"ingre_count": "2",
			"ingre_unit": "T"
		},
		{
			"ingre_name": "생강가루",
			"ingre_count": "1/4",
			"ingre_unit": "T"
		},
		{
			"ingre_name": "후추",
			"ingre_count": "",
			"ingre_unit": "약간"
		}
	],
	"recipe": [
		"1. 분량의 재료대로 양념장을 만들어주세요. 양념장이 숙성이 되도록 제일 먼저 양념장을 만들어주셔야해요. 미리 해먹을 계획이 있으셨다면 하루 전날 만들어서 냉장고에서 숙성시켜주셔도 좋답니다",
		"2. 고기가 살짝 얼려 있는 상태라 전체를 다 조물조물 버무리기가 힘들어 양념장을 절반만 넣고 파와 양파를 넣어주고 윗부분만 무쳐주다 속안의 고기를 위쪽으로 올린다음 나머지 양념을 넣고 무쳐주었어요.",
		"3. 고기가 붙어있으니까 무쳐가면서 붙어있는 고기를 떼어내어 양념이 골고루 베일수 있도록 해주세요.",
		"4. 이젠 센불에 볶아주세요. 보글보글 끓이다가 한번씩 뒤집어 주시면서 익혀주셔요. 호박은 돼지고기 겉면이 살짝 익었을때쯤 넣어주었어요."
	],
	"recipe_img": [
		"https://recipe1.ezmember.co.kr/cache/recipe/2015/08/31/e99b70892c187e8f8c86c7855ea217db1.jpg",
		"https://recipe1.ezmember.co.kr/cache/recipe/2015/08/31/454b6396d053d5e2e2ee652c3854cc191.jpg",
		"https://recipe1.ezmember.co.kr/cache/recipe/2015/08/31/e508f4f836f4f33525eb812bf4571b501.jpg",
		"https://recipe1.ezmember.co.kr/cache/recipe/2015/08/31/5b718362d3715d255737491212975bea1.jpg"
	]
}