{
	"id": "1361130",
	"name": "오징어채 고추장볶음",
	"thumbnail": "https://recipe1.ezmember.co.kr/cache/recipe/2015/08/31/90ebadbd6e39742a762425341db9737c.jpg",
	"url": "https://www.10000recipe.com/recipe/1361130",
	"ingredient_ids": [
		292,
		432,
		660,
		473,
		233,
		543
	],
	"time": "30",
	"ingre_list": [
		{
			"ingre_name": "오징어채",
			"ingre_count": "150",
			"ingre_unit": "g"
		},
		{
			"ingre_name": "맛술",
			"ingre_count": "1",
			"ingre_unit": "T"
		},
		{
			"ingre_name": "포도씨유",
			"ingre_count": "1",
			"ingre_unit": "T"
		},
		{
			"ingre_name": "참기름",
			"ingre_count": "1",
			"ingre_unit": "t"
		},
		{
			"ingre_name": "고추장",
			"ingre_count": "2",
			"ingre_unit": "T"
		},
		{
			"ingre_name": "다진마늘",
			"ingre_count": "1/2",
			"ingre_unit": "T"
		},
		{
			"ingre_name": "통깨",
			"ingre_count": "1/2",
			"ingre_unit": "T"
		}
	],
	"recipe": [
		"1. 물엿, 다진마늘, 고추장, 통깨를 넣어서 양념장을 만들어주세요. 단맛을 좋아하시는 분들은 설탕을 1/2T정도 더 가미해서 드셔도 좋지만 되도록이면 설탕은 많이 먹지 않는게 몸에 좋다는거 아시죠!!",
		"2. 오징어채는 먹기 좋게 5cm길이로 잘라주시고 체반을 이용해 오징어채에 붙어있는 잔 가루들을 털어내고 흐르는 물에 한번 헹궈주세요.",
		"3. 달궈진 팬에 포도씨유를 두르고 중불에서 오징어채를 볶아주다가 오징어채의 수분이 반쯤 날아가면 불을 올리고 맛술을 뿌려 비릿한 맛을 날려주고 살짝 노릇해질 때까지 볶아주세요.",
		"4. 불을 끄고 양념장을 넣어 양념이 골고루 베이도록 잘 섞어주세요."
	],
	"recipe_img": [
		"https://recipe1.ezmember.co.kr/cache/recipe/2015/08/31/5aec4924eb5e62036d5e5969978d85781.jpg",
		"https://recipe1.ezmember.co.kr/cache/recipe/2015/08/31/2b85feb3797734634bc9bd0a3a201d891.jpg",
		"https://recipe1.ezmember.co.kr/cache/recipe/2015/08/31/10490be9ced6e60e489aae73d63875001.jpg",
		"https://recipe1.ezmember.co.kr/cache/recipe/2015/08/31/0ee8c032f690985ab35393c320f75fda1.jpg"
	]
}