{
	"id": "1373481",
	"name": "매콤한 오징어 볶음 만드는 법",
	"thumbnail": "https://recipe1.ezmember.co.kr/cache/recipe/2015/08/31/f2bec8deb67f0c747ecc183a087ae441.jpg",
	"url": "https://www.10000recipe.com/recipe/1373481",
	"ingredient_ids": [
		65,
		6,
		3,
		18,
		757,
		34,
		473,
		224,
		226,
		341,
		292,
		938,
		233,
		432
	],
	"time": "30",
	"ingre_list": [
		{
			"ingre_name": "오징어",
			"ingre_count": "2",
			"ingre_unit": "마리"
		},
		{
			"ingre_name": "파프리카",
			"ingre_count": "1/2",
			"ingre_unit": "개"
		},
		{
			"ingre_name": "양파",
			"ingre_count": "1/2",
			"ingre_unit": "개"
		},
		{
			"ingre_name": "가지",
			"ingre_count": "1",
			"ingre_unit": "개"
		},
		{
			"ingre_name": "쪽파",
			"ingre_count": "5",
			"ingre_unit": "줄기"
		},
		{
			"ingre_name": "고추",
			"ingre_count": "1",
			"ingre_unit": "개"
		},
		{
			"ingre_name": "후추",
			"ingre_count": "",
			"ingre_unit": "약간"
		},
		{
			"ingre_name": "고추장",
			"ingre_count": "4",
			"ingre_unit": "T"
		},
		{
			"ingre_name": "고춧가루",
			"ingre_count": "2",
			"ingre_unit": "T"
		},
		{
			"ingre_name": "설탕",
			"ingre_count": "1/2",
			"ingre_unit": "T"
		},
		{
			"ingre_name": "물엿",
			"ingre_count": "1",
			"ingre_unit": "T"
		},
		{
			"ingre_name": "맛술",
			"ingre_count": "2",
			"ingre_unit": "T"
		},
		{
			"ingre_name": "매실청",
			"ingre_count": "1",
			"ingre_unit": "T"
		},
		{
			"ingre_name": "다진마늘",
			"ingre_count": "1",
			"ingre_unit": "T"
		},
		{
			"ingre_name": "포도씨유",
			"ingre_count": "1",
			"ingre_unit": "T"
		}
	],
	"recipe": [
		"1. 양념장을 가장 먼저 만들어 주셔야 다른 재료를 준비하는 동안 고춧가루가 불려져서 양념색도 곱게 나오고 양념장이 숙성된답니다. 분량의 재료를 모두 넣고 양념장을 만들어 주세요.",
		"2. 가지와 파프리카, 파는 5cm 길이로 썰어주세요. 양파는 좀 굵게 채썰어주시구요. 고추는 어슷하게 썰어준비해주시면 된답니다.",
		"3. 양념이 골고루 잘 베이도록 오징어 안쪽에 칼집을 넣어주셔서 1.5cm정도로 썰어주세요.",
		"4. 달궈진 팬에 포도씨유 1T를 넣고 파와 고추를 제외한 야채를 모두 넣고 살짝 볶아주세요. 나무주걱으로 한두번 휘져어주시면 되요.",
		"5. 썰어둔 오징어와 양념장을 넣어 조물조물 버무려 양념이 골고루 섞이도록 해주세요",
		"6. 양념이 골고루 베이도록 잘 볶아주시면 된답니다."
	],
	"recipe_img": [
		"https://recipe1.ezmember.co.kr/cache/recipe/2015/08/31/86437370f6fa418ccd066346bae656611.jpg",
		"https://recipe1.ezmember.co.kr/cache/recipe/2015/08/31/d1d9ad2fdc4919be43f080805875be271.jpg",
		"https://recipe1.ezmember.co.kr/cache/recipe/2015/08/31/0ed514fae2390ca0e21aef968007852c1.jpg",
		"https://recipe1.ezmember.co.kr/cache/recipe/2015/08/31/c12125d2ba91b4805c54d3087c089aa31.jpg",
		"https://recipe1.ezmember.co.kr/cache/recipe/2015/08/31/edeb94e49fb517b785d8c0756030a2771.jpg",
		"https://recipe1.ezmember.co.kr/cache/recipe/2015/08/31/199fe48090b33b75d48f5ea6e3c86bac1.jpg"
	]
}