{
	"id": "1374570",
	"name": "호박잎찌는방법과 홈메이드 쌈장만들기",
	"thumbnail": "https://recipe1.ezmember.co.kr/cache/recipe/2015/10/28/a320095ff70a3b9454750b3f60449b4f.jpg",
	"url": "https://www.10000recipe.com/recipe/1374570",
	"ingredient_ids": [
		1012,
		848,
		473,
		233,
		224,
		660,
		543,
		341,
		226
	],
	"time": "30",
	"ingre_list": [
		{
			"ingre_name": "호박잎",
			"ingre_count": "",
			"ingre_unit": ""
		},
		{
			"ingre_name": "홈메이드쌈장",
			"ingre_count": "",
			"ingre_unit": ""
		},
		{
			"ingre_name": "된장",
			"ingre_count": "5",
			"ingre_unit": "T"
		},
		{
			"ingre_name": "고추장",
			"ingre_count": "2",
			"ingre_unit": "T"
		},
		{
			"ingre_name": "다진마늘",
			"ingre_count": "2",
			"ingre_unit": "T"
		},
		{
			"ingre_name": "다진파",
			"ingre_count": "2",
			"ingre_unit": "T"
		},
		{
			"ingre_name": "다진양파",
			"ingre_count": "4",
			"ingre_unit": "T"
		},
		{
			"ingre_name": "고춧가루",
			"ingre_count": "3",
			"ingre_unit": "T"
		},
		{
			"ingre_name": "콜라(사이다)",
			"ingre_count": "2",
			"ingre_unit": "T"
		},
		{
			"ingre_name": "참기름",
			"ingre_count": "1",
			"ingre_unit": "T"
		},
		{
			"ingre_name": "통깨",
			"ingre_count": "1",
			"ingre_unit": "T"
		},
		{
			"ingre_name": "물엿",
			"ingre_count": "2",
			"ingre_unit": "T"
		},
		{
			"ingre_name": "설탕",
			"ingre_count": "3",
			"ingre_unit": "T"
		}
	],
	"recipe": [
		"1. 호박잎쌈을 만들기전 가장 먼저해야할 것이 바로 호박잎을 손질하는것이에요. 호박잎 손질하는법은 모두 잘 아시고 계시겠지만, 설명드릴께요. 호박잎이 연한것은 별도의 손질을 안해도 되지만, 대부분 마트에서 파는건 호박잎이 거칠기 마련이죠. 호박잎 줄기부분을 톡잘르면 저렇게 호박잎껍질이 벗겨져요. 쭉 잡아서 벗겨주시면 됩니다.",
		"2. 하나의 호박잎을 손질하고나온 거친 섬유질 만질때마다 까슬까슬거릴뿐더러, 그대로 찌면 억세니깐 꼭 제거하고 호박잎을 찌세요.",
		"3. 흐르는 물에 깨끗히 씻어서 얇게 펴서 돌려담아가며 호박잎을 펴놓고 오븐과 전자렌지의 야채데치기 기능, 찜기를 이용해 호박잎쌈을 쪄주시면되는데 특별히 몇분동안 찌세요하고 말씀을 못들이는 이유가호박잎이 연하냐, 억세냐에 따라서 야체데치는 시간이 틀리기때문이에요. 전자렌지를 이용한 야채데치기기능을 수행할경우 꼭 비닐봉지에 담아서 야체를 데쳐주세요.전자레인지",
		"4. 스팀오븐에서 야채데치기 기능으로 14분을 돌렸더니색도 선명하고, 억세지도 않고 무르지도않게 완전 안성맞춤으로 쪄졌더라구요.오븐",
		"5. 그리하여 집에서 간단하게 홈메이드 쌈장을 만들어 먹었어요. 분량의 재료를 넣고 섞어 만듭니다, 호박잎과 곁들입니다."
	],
	"recipe_img": [
		"https://recipe1.ezmember.co.kr/cache/recipe/2015/10/30/6b247d8f7e2bdce9a502fe4d5682df311.jpg",
		"https://recipe1.ezmember.co.kr/cache/recipe/2015/10/30/720905c4e52f9009dc6b4c213efb0da81.jpg",
		"https://recipe1.ezmember.co.kr/cache/recipe/2015/10/30/c1f4e1f4d1b0b0b52e7168a91b094d7d1.jpg",
		"https://recipe1.ezmember.co.kr/cache/recipe/2015/10/30/68bebb474c2a216965fdcb17de9c24931.jpg",
		"https://recipe1.ezmember.co.kr/cache/recipe/2015/10/30/e492add8e4778354a2be2e1199afa0d91.jpg"
	]
}