{
	"id": "1376682",
	"name": "(가정식 짜장덮밥) 달큰한 맛의 아이들이 좋아하는 짜장밥~~^^",
	"thumbnail": "https://recipe1.ezmember.co.kr/cache/recipe/2016/06/30/c5e70925e66a31ca43ea27b8bbd1ee271.jpg",
	"url": "https://www.10000recipe.com/recipe/1376682",
	"ingredient_ids": [
		325,
		9,
		487,
		867,
		846,
		233,
		497,
		225,
		504,
		478,
		341,
		477,
		379,
		995,
		995
	],
	"time": "60",
	"ingre_list": [
		{
			"ingre_name": "양파(중)",
			"ingre_count": "2",
			"ingre_unit": "개"
		},
		{
			"ingre_name": "감자(중)",
			"ingre_count": "2",
			"ingre_unit": "개"
		},
		{
			"ingre_name": "양배추(대)",
			"ingre_count": "1/6",
			"ingre_unit": "통"
		},
		{
			"ingre_name": "호박",
			"ingre_count": "1/3",
			"ingre_unit": "개"
		},
		{
			"ingre_name": "당근",
			"ingre_count": "1/4",
			"ingre_unit": "개"
		},
		{
			"ingre_name": "돼지고기",
			"ingre_count": "1",
			"ingre_unit": "줌"
		},
		{
			"ingre_name": "새우살",
			"ingre_count": "1",
			"ingre_unit": "줌"
		},
		{
			"ingre_name": "청주",
			"ingre_count": "1",
			"ingre_unit": "숟가락"
		},
		{
			"ingre_name": "다진마늘",
			"ingre_count": "0.",
			"ingre_unit": ".숟가락"
		},
		{
			"ingre_name": "소금",
			"ingre_count": "",
			"ingre_unit": "조금"
		},
		{
			"ingre_name": "후춧가루",
			"ingre_count": "",
			"ingre_unit": "조금"
		},
		{
			"ingre_name": "생강즙이나가루",
			"ingre_count": "",
			"ingre_unit": "약간씩"
		},
		{
			"ingre_name": "춘장",
			"ingre_count": "4",
			"ingre_unit": "숟가락"
		},
		{
			"ingre_name": "식용유",
			"ingre_count": "4",
			"ingre_unit": "숟가락"
		},
		{
			"ingre_name": "흑설탕",
			"ingre_count": "1",
			"ingre_unit": "숟가락"
		},
		{
			"ingre_name": "물엿",
			"ingre_count": "2",
			"ingre_unit": "숟가락"
		},
		{
			"ingre_name": "굴소스",
			"ingre_count": "1",
			"ingre_unit": "숟가락"
		},
		{
			"ingre_name": "간장",
			"ingre_count": "1",
			"ingre_unit": "숟가락"
		},
		{
			"ingre_name": "물",
			"ingre_count": "2",
			"ingre_unit": "컵"
		},
		{
			"ingre_name": "녹말가루",
			"ingre_count": "2",
			"ingre_unit": "숟가락"
		},
		{
			"ingre_name": "물",
			"ingre_count": "4",
			"ingre_unit": "숟가락"
		}
	],
	"recipe": [
		"1. 돼지고기(1줌)는 등심이나 안심 등의 살코기 부위로 먹기 좋게 깍뚝 썰어서 돼지고기양념재료인 청주(1), 다진 마늘(0.5), 소금, 후춧가루, 생강즙이나 가루(약간씩) 를 넣고 조물조물 밑간을 하고, 새우살(1줌)도 씻어서 물기를 빼서 준비하고... 짜장에 새우가 들어가면 맛이 있어서 늘 같이 넣곤 하는데요, 새우살이 없다면, 그냥 돼지고기의 양을 늘려서 해도 좋답니다....",
		"2. 감자, 당근, 양파, 양배추, 호박은 먹기 좋게 잘게 썰고....",
		"3. 식용유(4)에 춘장(4)을 넣고 춘장이 타지 않게 달달 볶아 주고....",
		"4. 달군 팬에 기름을 살짝만 두르고, 밑간을 한 돼지고기를 넣고 달달 볶다가.....",
		"5. 당근과 감자, 호박을 넣고 볶고....",
		"6. 이어서 양파와 양배추, 새우살을 넣고 볶다가...",
		"7. 채소가 충분히 다 익으면, 미리 볶아둔 춘장을 넣고, 춘장과 채소들이 고루 섞이도록 같이 볶아 주고.... 이때 자장소스재료인 흑설탕(1), 물엿(2), 굴 소스(1), 간장(1) 을 넣고 같이 볶아주도록 합니다... 흑설탕 없으면 그냥 설탕 넣으세요~~~",
		"8. 이어서 물(2컵)을 넣고...",
		"9. 바글바글 짜장을 끓이다가.....",
		"10. 물(4)과 녹말가루(2)를 섞은 물녹말을 조금씩 넣어가면서 짜장의 농도를 맞춰주면 끝...."
	],
	"recipe_img": [
		"https://recipe1.ezmember.co.kr/cache/recipe/2016/06/28/7289d304bf5c192030f857ddef950b28.jpg",
		"https://recipe1.ezmember.co.kr/cache/recipe/2016/06/28/1f2376602aa81bbc82ed91b69ffd4529.jpg",
		"https://recipe1.ezmember.co.kr/cache/recipe/2016/06/28/7ce6d0812048c86973e29d64c8f58826.jpg",
		"https://recipe1.ezmember.co.kr/cache/recipe/2016/06/28/3a9b9836a9c4df15afbe68433506c3c3.jpg",
		"https://recipe1.ezmember.co.kr/cache/recipe/2016/06/28/7d0e035f86d615b0403368e5e106139a.jpg",
		"https://recipe1.ezmember.co.kr/cache/recipe/2016/06/28/4c164a4f5e40f0587a7fad98954109bf.jpg",
		"https://recipe1.ezmember.co.kr/cache/recipe/2016/06/28/00b2842439d8e61666b9c8d624e81af7.jpg",
		"https://recipe1.ezmember.co.kr/cache/recipe/2016/06/28/6fc06d2d10d2ff707d29b54a05170893.jpg",
		"https://recipe1.ezmember.co.kr/cache/recipe/2016/06/28/e15349a1b271b81a3220cb6ba71efbab.jpg",
		"https://recipe1.ezmember.co.kr/cache/recipe/2016/06/28/f5caa169129a08eaf636d57a15d56546.jpg"
	]
}