{
	"id": "1376680",
	"name": "후딱 무쳐먹는 즉석오이무침 ",
	"thumbnail": "https://recipe1.ezmember.co.kr/cache/recipe/2015/10/28/f3ac8ba5c49b7bbf3c83cdcf8077c853.jpg",
	"url": "https://www.10000recipe.com/recipe/1376680",
	"ingredient_ids": [
		224,
		379,
		233,
		226,
		497,
		660,
		543
	],
	"time": "15",
	"ingre_list": [
		{
			"ingre_name": "취청오이큰것",
			"ingre_count": "1",
			"ingre_unit": "개"
		},
		{
			"ingre_name": "고춧가루",
			"ingre_count": "1",
			"ingre_unit": "숟가락"
		},
		{
			"ingre_name": "간장",
			"ingre_count": "2",
			"ingre_unit": "숟가락"
		},
		{
			"ingre_name": "다진마늘",
			"ingre_count": "0.",
			"ingre_unit": ".숟가락"
		},
		{
			"ingre_name": "설탕",
			"ingre_count": "0.",
			"ingre_unit": ".숟가락"
		},
		{
			"ingre_name": "소금",
			"ingre_count": "",
			"ingre_unit": "약간"
		},
		{
			"ingre_name": "참기름",
			"ingre_count": "1",
			"ingre_unit": "숟가락"
		},
		{
			"ingre_name": "통깨",
			"ingre_count": "1",
			"ingre_unit": "숟가락"
		}
	],
	"recipe": [
		"1. 먼저 양념재료인 고춧가루 1, 간장 2, 다진 마늘 0.5, 설탕 0.5, 소금 약간, 참기름 1, 통깨 1 를 한데 넣고 섞어 오이무침을 무칠 양념장을 만듭니다. 간장의 양을 줄이고 소금의 양을 늘려서 간을 해주셔도 좋아요.",
		"2. 오이는 듬성듬성 굵직하게 썰어줍니다. 이 오이무침은 가늘게 얇게 오이를 써는것 보다 이렇게 두께가 살짝 있게 썰어주는 것이 더 낫드라고요.",
		"3. 볼에 썰어 놓은 오이를 넣고, 양념장 만든 것을 넣고 먹기 직전에 바로 후딱 무쳐주면 끝."
	],
	"recipe_img": [
		"https://recipe1.ezmember.co.kr/cache/recipe/2015/10/29/f137a7dd5d22809d8b6fbe9b8a5e27671.jpg",
		"https://recipe1.ezmember.co.kr/cache/recipe/2015/10/29/a25ab6a920656fe1557b7e68052d0b781.jpg",
		"https://recipe1.ezmember.co.kr/cache/recipe/2015/10/29/c6e0c25bd1fd71ba8ccc3c59b17ba6691.jpg"
	]
}