{
	"id": "1377595",
	"name": "단호박 수프",
	"thumbnail": "https://recipe1.ezmember.co.kr/cache/recipe/2015/06/08/2fec2de126d9184ce259f57067413372.jpg",
	"url": "https://www.10000recipe.com/recipe/1377595",
	"ingredient_ids": [
		328,
		3,
		5,
		485,
		198,
		497
	],
	"time": "30",
	"ingre_list": [
		{
			"ingre_name": "단호박",
			"ingre_count": "1",
			"ingre_unit": "개"
		},
		{
			"ingre_name": "양파",
			"ingre_count": "1",
			"ingre_unit": "개"
		},
		{
			"ingre_name": "감자",
			"ingre_count": "1",
			"ingre_unit": "개"
		},
		{
			"ingre_name": "우유",
			"ingre_count": "800",
			"ingre_unit": "ml"
		},
		{
			"ingre_name": "생크림",
			"ingre_count": "400",
			"ingre_unit": "ml"
		},
		{
			"ingre_name": "버터",
			"ingre_count": "20",
			"ingre_unit": "g"
		},
		{
			"ingre_name": "소금",
			"ingre_count": "",
			"ingre_unit": "약간"
		}
	],
	"recipe": [
		"1. 먼저 단호박 손질부터 들어갑니다. 요즘 단호박 2천원대로 구입할수 있더라구요. 요거 한통이면 엄청난 양의 수프를 만들수 있어요. 참고로 제가 구입한 단호박은 지름이 17cm 정도 될 것 같네요. 단호박은 깨끗히 씻어 준비해 주세요.",
		"2. 단호박을 쪄야 하는데요. 가스렌지에 찌는 방법도 있지만 시간도 좀 오래걸리고하니 간편하게 전자렌지에 찌는 방법으로 했어요. 비닐에 단호박을 넣고 물을 한 3T정도 쪼로록 흘려넣는 정도로 넣어주시고 봉지를 묶은 다음 포크로 구멍을 꼭 뚫어주세요. 구멍을 뚫지 않으면 전자렌지 안에서 비닐이 팽창해 빵하고 터진답니다.(5분) 전자렌지에 단호박 찌는 동안 감자, 양파를 채 썰어 준비해주세요.전자레인지",
		"3. 5분 돌린후에 꺼내서 반을 갈라주세요. 아직 덜 익은 상태지만 칼이 쑥 들어갈 정도는 될거에요. 반 가른 단호박은 다시 비닐봉지에 넣어 아까처럼 물을 조금 넣은후 5분정도 다시 돌려줍니다. 전자렌지에 단호박 찌는 동안 감자, 양파를 채 썰어 준비해주세요.",
		"4. 짠. 색깔을 보아하니 다 익은것 같아요. 이제 속의 씨를 스푼을 이용해 긁어낸 후, 껍질을 제외한 노란 부분만 긁어서 준비해주세요.",
		"5. 달군 팬에 버터를 넣고 채썬 양파 를 넣어 중불, 약불 조절해가며 투명해지도록 볶아 줍니다. 양파를 완전히 익히지 않으면 양파 냄새에 단호박 맛이 많이 가려지니 충분히 익혀주세요. 그렇다고 센 불에서 익히면 양파가 갈색빛이 나고 미관상 안 좋으니 꼭 불조절 해주시구요.",
		"6. 양파가 완전히 익었으면 감자와 단호박 속을 넣고 볶아줍니다. 감자가 익을 때까지",
		"7. 물기가 없어서 조금 뻑뻑한 편이라 우유를 조금 먼저 넣었어요. 우유 200ml를 넣고 볶으면 작업이 한결 수월해 질겁니다. 오른쪽 사진처럼 아까보다는 훨씬 부드러워진 상태에요.",
		"8. 이제 불에서 내려 블렌더에 넣고 곱게 갈아주세요.(믹서, 도깨비방망이 등) 블렌더에 갈고 나면 왼쪽 사진처럼 부드러운 무스 상태가 되어 있을거에요. 다시 팬에 넣고 우유 나머지와 생크림을넣고 잘 저으며 중불에서 끓여주세요.",
		"9. 요렇게 주르륵 흐르는 상태였다가 점점 걸죽한 수프의 농도가 될거에요. 이 단계에서 간을보시고 부족하면 소금을 약간 넣어주세요. 원하는 농도가 되었을 때 불에서 내려서 따뜻할 때 드시면 돼요. 저녁에 끓여놓았다가 아침에 데워 먹으면 편하실거에요. 파스타나 양식 즐기실 때 에피타이저로 이용해도 참 좋고 환자식으로 아주 좋답니다. 양파 싫어하는 아이들도 요렇게 갈아서 수프로 만들어주면 단호박의 달콤한 맛에 참 맛있게도 먹더라구요."
	],
	"recipe_img": [
		"https://recipe1.ezmember.co.kr/cache/recipe/2015/09/30/96a3ac72ecaf285e5c517f68ca2eccb61.jpg",
		"https://recipe1.ezmember.co.kr/cache/recipe/2015/09/30/cf1ddbf6837b34d910f43afe07f1f5d81.jpg",
		"https://recipe1.ezmember.co.kr/cache/recipe/2015/09/30/033cc37812bffcd35a53db407163bb9d1.jpg",
		"https://recipe1.ezmember.co.kr/cache/recipe/2015/09/30/a238a85b011b9d558ddc0fb00d109c651.jpg",
		"https://recipe1.ezmember.co.kr/cache/recipe/2015/09/30/a6410fc6d8c6722451b648aea21bd3291.jpg",
		"https://recipe1.ezmember.co.kr/cache/recipe/2015/09/30/e9ca196cbcfacda38111e3bcc42f47561.jpg",
		"https://recipe1.ezmember.co.kr/cache/recipe/2015/09/30/65cdd3a25e3a713e86ecdcb8fb945bc01.jpg",
		"https://recipe1.ezmember.co.kr/cache/recipe/2015/09/30/6496ec5706febb85070903c54651adc51.jpg",
		"https://recipe1.ezmember.co.kr/cache/recipe/2015/09/30/54511605db1076c72ec1aea4912b78161.jpg"
	]
}