{
	"id": "1377132",
	"name": "견과류 건새우볶음",
	"thumbnail": "https://recipe1.ezmember.co.kr/cache/recipe/2015/10/24/767dd0fda5d63a972f4d55036e2ebd50.jpg",
	"url": "https://www.10000recipe.com/recipe/1377132",
	"ingredient_ids": [
		259,
		197,
		473,
		224,
		226,
		846,
		995,
		543
	],
	"time": "30",
	"ingre_list": [
		{
			"ingre_name": "건새우",
			"ingre_count": "2",
			"ingre_unit": "줌"
		},
		{
			"ingre_name": "해바라기씨",
			"ingre_count": "1",
			"ingre_unit": "줌"
		},
		{
			"ingre_name": "땅콩분태",
			"ingre_count": "1/2",
			"ingre_unit": "줌"
		},
		{
			"ingre_name": "포도씨오일",
			"ingre_count": "0.",
			"ingre_unit": ".T"
		},
		{
			"ingre_name": "고추장",
			"ingre_count": "1",
			"ingre_unit": "T"
		},
		{
			"ingre_name": "고춧가루",
			"ingre_count": "0.",
			"ingre_unit": ".T"
		},
		{
			"ingre_name": "설탕",
			"ingre_count": "1",
			"ingre_unit": "T"
		},
		{
			"ingre_name": "올리고당(물엿)",
			"ingre_count": "1",
			"ingre_unit": "T"
		},
		{
			"ingre_name": "청주",
			"ingre_count": "1",
			"ingre_unit": "T"
		},
		{
			"ingre_name": "물",
			"ingre_count": "1",
			"ingre_unit": "T"
		},
		{
			"ingre_name": "통깨",
			"ingre_count": "",
			"ingre_unit": "약간"
		}
	],
	"recipe": [
		"1. 건새우 크게 두줌을 예열된 후라이펜에 살짝 볶아주세요. 그리고 한 10분정도 식으라고 방치해두세요.",
		"2. 건새우가 식으면, 키친타올이나 물기뭍지않은 손으로 조물조물하면  저리 새우부스러기가 떨어지는데, 천연조미료만들거나 맛된장 만드실때 넣으셔도돼요.",
		"3. 해바라기씨 한줌과 땅콩분태 한줌을 예열된 후라이팬에서 볶다가 건새우넣고 견과류가 살짝 노릇해질때까지 볶아주었어요. 이리 함께 건새우와 견과류를 볶아주면 건새우에도 견과류의 고소함이 베어 더 맛있어요! 잘 볶아지면, 그릇에 따로 담아 덜어둡니다.",
		"4. 건새우볶음의 하이라이트, 양념장만 만들면 되지요. 간장양념해서 볶기도하지만, 개인적으로 건새우볶음은 고추장넣어 볶는게 더 맛있더라구요. 계량스픈으로 올리브유를 제외한 식물성오일 0.5T, 고추장 1T, 고춧가루 0.5T, 설탕 1T, 물엿 1T, 청주 1T, 물 1T를 넣어 잘섞어준 다음 후라이팬에서 우르르르르 양념장이 끓어 올를때까지 끓여주세요. 그리고 불을 끄세요.",
		"5. 볶아놓은 건새우와 견과류를 넣어 골고루 버무려 주면됩니다."
	],
	"recipe_img": [
		"https://recipe1.ezmember.co.kr/cache/recipe/2015/10/26/40fd28a53239d54fa4b388a2f5314bd11.jpg",
		"https://recipe1.ezmember.co.kr/cache/recipe/2015/10/26/f8ad2400e157aba036c1442013f6d5401.jpg",
		"https://recipe1.ezmember.co.kr/cache/recipe/2015/10/26/fd92457a04f4252350a2f99e05f281af1.jpg",
		"https://recipe1.ezmember.co.kr/cache/recipe/2015/10/26/7b730a34c9bdad6ace878f0c17577e651.jpg",
		"https://recipe1.ezmember.co.kr/cache/recipe/2015/10/26/d951a3139ecd0566341e5c1ced7adfed1.jpg"
	]
}