{
	"id": "1381671",
	"name": "순수한 맛 그대로 퓨어 프로즌 요거트 ",
	"thumbnail": "https://recipe1.ezmember.co.kr/cache/recipe/2015/09/27/c76b0868ab88a2741b230e0b68005519.jpg",
	"url": "https://www.10000recipe.com/recipe/1381671",
	"ingredient_ids": [],
	"time": "30",
	"ingre_list": [
		{
			"ingre_name": "플레인요거트",
			"ingre_count": "500",
			"ingre_unit": "g"
		}
	],
	"recipe": [
		"1. 플레인 요거트 500그램을 사용하여 프로즌 요거트를 만듭니다. 뭐 여기에 원하시는 과일퓨레 같은거 넣으심 후르츠 프로즌 요거트가 되는거죠.",
		"2. 이틀전에 아이스크림 메이커 냉각통을 냉동실에 얼려 놨어요. 겨울엔 반나절만 얼려도 아이스크림이 잘 만들어 지는데 여름엔 더워서 적어도 하루 이상은 냉각통을 꽁꽁 얼려줘야 아이스크림이 잘 만들어 지더라구요.",
		"3. 아이스크림 메이커에 냉각통 장착하고 냉각통에 날개도 장착 그리고선 프로즌 요거트 붓고 작동 시키면 되요. 그담부터는 아이스크림 메이커가 알아서 돌려 줍니다."
	],
	"recipe_img": [
		"https://recipe1.ezmember.co.kr/cache/recipe/2015/09/30/1e889aac5f96bfb80dc9be73cf344f801.jpg",
		"https://recipe1.ezmember.co.kr/cache/recipe/2015/09/30/4ee801ff9ad2f976b330d481a4b0e7131.jpg",
		"https://recipe1.ezmember.co.kr/cache/recipe/2015/09/30/529321c27eb998531130e353d097ebdd1.jpg"
	]
}