{
	"id": "1387969",
	"name": "가재미전 조림",
	"thumbnail": "https://recipe1.ezmember.co.kr/cache/recipe/2015/10/29/13a8c6b836b67a8a913de116d330222f.jpg",
	"url": "https://www.10000recipe.com/recipe/1387969",
	"ingredient_ids": [
		3,
		29,
		28,
		379,
		995,
		224,
		350
	],
	"time": "30",
	"ingre_list": [
		{
			"ingre_name": "가재미전",
			"ingre_count": "",
			"ingre_unit": ""
		},
		{
			"ingre_name": "양파",
			"ingre_count": "",
			"ingre_unit": ""
		},
		{
			"ingre_name": "마늘",
			"ingre_count": "",
			"ingre_unit": ""
		},
		{
			"ingre_name": "생강",
			"ingre_count": "",
			"ingre_unit": ""
		},
		{
			"ingre_name": "간장",
			"ingre_count": "4",
			"ingre_unit": "큰술"
		},
		{
			"ingre_name": "물",
			"ingre_count": "1",
			"ingre_unit": "컵"
		},
		{
			"ingre_name": "고춧가루",
			"ingre_count": "1/2",
			"ingre_unit": "큰술"
		},
		{
			"ingre_name": "깨소금",
			"ingre_count": "",
			"ingre_unit": "약간"
		}
	],
	"recipe": [
		"1. 양파를 굵게 썰어서 팬에 담으세요.",
		"2. 가재미를 양파위에 담아주세요.",
		"3. 간장 4큰술, 물 1컵, 고춧가루 1/2큰술, 깨소금 약간을 섞어서 양념장을 만들어 주세요.",
		"4. 팬에 마늘과 생강을 편으로 썰어서 담아주시고 양념간장을 부어주세요.",
		"5. 양념이 골고루 베이게 잘 조려주세요. 맨위의 가재미에도 양념이 잘 베이게 아래에 있는 가재미랑 자리를 바꿔주세요. 전 말려둔 가재미전이라서 살이 흩트러지지 않았는데 형태가 망가지지 않게 조심조심해주셔야 눈으로도 맛있게 먹을수있답니다.",
		"6. 마늘이 푹 익고 가재미에 간이 골고루 베이면 완성입니다."
	],
	"recipe_img": [
		"https://recipe1.ezmember.co.kr/cache/recipe/2015/10/29/d080ac5b78f5d4494a10c60ac69e3cc51.jpg",
		"https://recipe1.ezmember.co.kr/cache/recipe/2015/10/29/36e2828ce7e49625d5715cf2330e7c6a1.jpg",
		"https://recipe1.ezmember.co.kr/cache/recipe/2015/10/29/c04d62b7b2ee654fc916dd297e25a9dc1.jpg",
		"https://recipe1.ezmember.co.kr/cache/recipe/2015/10/29/2ff4b35601c93267ba0a8ea6f6f47fee1.jpg",
		"https://recipe1.ezmember.co.kr/cache/recipe/2015/10/29/98234c3bd5908a303df731789ded4c091.jpg",
		"https://recipe1.ezmember.co.kr/cache/recipe/2015/10/29/dcb9d45e04360b49c3a1dca6d00409691.jpg"
	]
}