{
	"id": "1394155",
	"name": "핸드블랜더로 신선하고 맛있는 홈메이드 마요네즈 만들기!",
	"thumbnail": "https://recipe1.ezmember.co.kr/cache/recipe/2015/06/08/497e950f79af8317d8f7e102a24b84e3.jpg",
	"url": "https://www.10000recipe.com/recipe/1394155",
	"ingredient_ids": [
		504,
		219,
		226,
		231,
		497
	],
	"time": "30",
	"ingre_list": [
		{
			"ingre_name": "식용유",
			"ingre_count": "1",
			"ingre_unit": "컵"
		},
		{
			"ingre_name": "달걀",
			"ingre_count": "1",
			"ingre_unit": "개"
		},
		{
			"ingre_name": "설탕",
			"ingre_count": "1",
			"ingre_unit": "T"
		},
		{
			"ingre_name": "식초",
			"ingre_count": "1",
			"ingre_unit": "T"
		},
		{
			"ingre_name": "시판레몬즙",
			"ingre_count": "1",
			"ingre_unit": "T"
		},
		{
			"ingre_name": "소금",
			"ingre_count": "2",
			"ingre_unit": "꼬집"
		},
		{
			"ingre_name": "후추가루",
			"ingre_count": "",
			"ingre_unit": "약간"
		}
	],
	"recipe": [
		"1. 재료를 준비하고요.",
		"2. 용기가 길고, 밑이 좁은 용기를 사용하실수록 마요네즈가 잘 만들어지구요~용기는 소독을 한용기로 물기없이 준비하세요!싱싱한 계란 하나 톡 깨어서 저기 보이는 알끈들 모두 제거해 주세요.",
		"3. 시판 농축 레몬즙1T, 식초1T, 설탕1T, 소금2꼬집, 후추 약간을 넣어주고",
		"4. 식용유 1컵 200cc 양을 넣어주세요~이것이 가장 기초적인 마요네즈, 시판 마요네즈와 같은 맛을 내는 마요네즈 만드는법이에요.",
		"5. 핸드블랜더의 기본칼날 혼합형분쇄칼날을 이용하면 마요네즈를 쉽게 만들수있어요~핸드블랜더를 눌러도 계란이 터지지 않을정도로 정말 신선해요~꼭 이렇게 싱싱한 계란을 사용하셔야해요!!!!!! 핸드블랜더를 움직이지않도록 고정시킨후 다용도칼날(혼합칼날)을 이용해서 윙~돌려주세요.",
		"6. 정말 5초도 안 되서 이정도 상태의 마요네즈가 되더라구요. 마요네즈가 어느정도 만들어지면, 위아래로 저어가면 걸쭉한 마요네즈가 만들어져요.",
		"7. 이렇게요~ 그대로 뚜껑 덮어서 일주일안에 드시면 됩니다."
	],
	"recipe_img": [
		"https://recipe1.ezmember.co.kr/cache/recipe/2015/12/31/9c9fca8c95c293c47080a61dc4c168071.jpg",
		"https://recipe1.ezmember.co.kr/cache/recipe/2015/12/31/4ae26101ffed9b3fa95781605f930caa1.jpg",
		"https://recipe1.ezmember.co.kr/cache/recipe/2015/12/31/e94ef2d075b00d5d19d0d613e7442a711.jpg",
		"https://recipe1.ezmember.co.kr/cache/recipe/2015/12/31/4c1e1918b41f6911d99d10db7da783f21.jpg",
		"https://recipe1.ezmember.co.kr/cache/recipe/2015/12/31/7a181f34f83c143f3528fe4f518543121.jpg",
		"https://recipe1.ezmember.co.kr/cache/recipe/2015/12/31/d2074657b662f002ed2facea47034d661.jpg",
		"https://recipe1.ezmember.co.kr/cache/recipe/2015/12/31/1e81c0d5008f1f4a771abd98c3fe9d621.jpg"
	]
}