{
	"id": "1400026",
	"name": "와인소스 함박스테이크",
	"thumbnail": "https://recipe1.ezmember.co.kr/cache/recipe/2015/06/08/0494af649a0d275ef82886e32d93733d.jpg",
	"url": "https://www.10000recipe.com/recipe/1400026",
	"ingredient_ids": [
		219,
		226,
		846,
		292,
		233,
		477,
		379,
		660,
		350,
		225,
		436,
		667,
		198,
		266,
		246,
		341,
		225
	],
	"time": "60",
	"ingre_list": [
		{
			"ingre_name": "쇠고기다진것",
			"ingre_count": "300",
			"ingre_unit": "g"
		},
		{
			"ingre_name": "밥",
			"ingre_count": "1",
			"ingre_unit": "공기"
		},
		{
			"ingre_name": "달걀",
			"ingre_count": "1",
			"ingre_unit": "개"
		},
		{
			"ingre_name": "보크라이스",
			"ingre_count": "1",
			"ingre_unit": "봉지"
		},
		{
			"ingre_name": "양파간것",
			"ingre_count": "3",
			"ingre_unit": "큰술"
		},
		{
			"ingre_name": "설탕",
			"ingre_count": "1",
			"ingre_unit": "큰술"
		},
		{
			"ingre_name": "청주",
			"ingre_count": "1",
			"ingre_unit": "큰술"
		},
		{
			"ingre_name": "맛술",
			"ingre_count": "2",
			"ingre_unit": "큰술"
		},
		{
			"ingre_name": "다진파",
			"ingre_count": "2",
			"ingre_unit": "큰술"
		},
		{
			"ingre_name": "다진마늘",
			"ingre_count": "1",
			"ingre_unit": "큰술"
		},
		{
			"ingre_name": "굴소스",
			"ingre_count": "1",
			"ingre_unit": "큰술"
		},
		{
			"ingre_name": "간장",
			"ingre_count": "3",
			"ingre_unit": "큰술"
		},
		{
			"ingre_name": "참기름",
			"ingre_count": "1",
			"ingre_unit": "큰술"
		},
		{
			"ingre_name": "깨소금",
			"ingre_count": "0.",
			"ingre_unit": ".큰술"
		},
		{
			"ingre_name": "후춧가루",
			"ingre_count": "",
			"ingre_unit": "적당량"
		},
		{
			"ingre_name": "빵가루",
			"ingre_count": "1/2",
			"ingre_unit": "컵"
		},
		{
			"ingre_name": "찹쌀가루",
			"ingre_count": "2",
			"ingre_unit": "큰술"
		},
		{
			"ingre_name": "양파작은것",
			"ingre_count": "1",
			"ingre_unit": "개"
		},
		{
			"ingre_name": "버터",
			"ingre_count": "0.",
			"ingre_unit": ".큰술"
		},
		{
			"ingre_name": "스테이크소스",
			"ingre_count": "4",
			"ingre_unit": "큰술"
		},
		{
			"ingre_name": "레드와인",
			"ingre_count": "4",
			"ingre_unit": "큰술"
		},
		{
			"ingre_name": "물엿",
			"ingre_count": "2",
			"ingre_unit": "큰술"
		},
		{
			"ingre_name": "후춧가루",
			"ingre_count": "",
			"ingre_unit": "약간"
		}
	],
	"recipe": [
		"1. 함박스테이크를 위해서 사용한 쇠고기예요. 집에서 좋은 부위의 고기를 사서 직접 갈아서 드시면 가장 좋고요. 아니면 이렇게 깔끔하게 갈아서 포장된 것을 사용하셔도 좋습니다.",
		"2. 다진 쇠고기는 고기양념재료를 넣어주세요. 여기 재료 중에서 찹쌀가루를 넣으면 찰지고 맛있겠지만, 혹시라도 없으면 생략을 해도 좋아요.",
		"3. 오랜 시간 빡빡 찰기있게 치대줍니다. 오랜 시간 찰기 있게 빡빡 치대주면, 고기가 풀어지지 않고 쫀득쫀득해지면서 더욱 맛이 좋습니다.",
		"4. 두께가 1cm 정도 되게 네모진 모양으로 톡톡 손으로 매끄럽게 모양을 만들어 주세요.",
		"5. 달군 팬에 버터나 기름을 살짝 두르고, 고기를 앞뒤로 익혀주세요. 처음에는 고기를 센 불에 익히다가, 바로 불을 약불로 줄여서 고기가 타지 않게 익혀 주세요.",
		"6. 다른 팬에 버터를 두르고, 작은 양파를 링 모양으로 자른 것을 넣고 양파가 투명해질 때까지 달달 볶아주세요.",
		"7. 나머지 소스 재료를 넣고 바글바글 끓여서 소스를 만드세요.",
		"8. 또 다른 팬에 기름을 살짝 두르고 달걀을 넣고 풀어 주다가 전자레인지에 데운 찬 밥을 넣고, 시판되는 볶음밥에 넣는 보크라이스 같은 것을 넣고 볶음밥을 만들어주세요. 그냥 고기와 곁들이는 볶음밥은 취향껏 알아서 만들어 드세요. 시판되는 볶음밥을 할 수 있는 것들을 사용해서 해도 좋고, 간장이나 굴 소스 등으로 간을 해도 좋고요~~ 대신 곁들이는 볶음밥은 강하지 않은 맛으로 일반 밥을 대신하는 삼삼한 볶음밥이 좋아요.전자레인지",
		"9. 완성 접시에 익힌 고기를 담고, 그 위에 양파와인소스를 보기 좋게 올리고 볶음밥은 컵이나 작은 그릇에 꾹꾹 눌러 담아 모양을 만들어서 고기와 함께 곁들여 내면 끝."
	],
	"recipe_img": [
		"https://recipe1.ezmember.co.kr/cache/recipe/2015/09/11/75980aa6f1bbe9ebd793186269064ed71.jpg",
		"https://recipe1.ezmember.co.kr/cache/recipe/2015/09/11/6e972de69aad6a44490eed1670d0f7341.jpg",
		"https://recipe1.ezmember.co.kr/cache/recipe/2015/09/11/6f03d92c1dd1d8e854ac54402aa523911.jpg",
		"https://recipe1.ezmember.co.kr/cache/recipe/2015/09/11/a3de0474b5857777a100e8662aad18751.jpg",
		"https://recipe1.ezmember.co.kr/cache/recipe/2015/09/11/41a58a9c8161e42f8232aa4e6d95c2081.jpg",
		"https://recipe1.ezmember.co.kr/cache/recipe/2015/09/11/e899b91ae22a6c2a3fe1376f36ff1c931.jpg",
		"https://recipe1.ezmember.co.kr/cache/recipe/2015/09/11/fa0e9227dd7a93053beed9e0479cdd551.jpg",
		"https://recipe1.ezmember.co.kr/cache/recipe/2015/09/11/6efd84c4a6d7281abf999f492522e2041.jpg",
		"https://recipe1.ezmember.co.kr/cache/recipe/2015/09/11/f14a4110b09b70188a02521a3cf762a71.jpg"
	]
}