{
	"id": "1415323",
	"name": "쫄깃 아삭한 표고버섯 파프리카 잡채",
	"thumbnail": "https://recipe1.ezmember.co.kr/cache/recipe/2015/09/26/69e01f8e1cac8f94d3556c4f49a191e9.jpg",
	"url": "https://www.10000recipe.com/recipe/1415323",
	"ingredient_ids": [
		302,
		487,
		462,
		9,
		3,
		660,
		379,
		432,
		543,
		233,
		846,
		226,
		379,
		504
	],
	"time": "30",
	"ingre_list": [
		{
			"ingre_name": "당면",
			"ingre_count": "500",
			"ingre_unit": "g"
		},
		{
			"ingre_name": "돼지고기",
			"ingre_count": "200",
			"ingre_unit": "g"
		},
		{
			"ingre_name": "건표고버섯",
			"ingre_count": "30",
			"ingre_unit": "g"
		},
		{
			"ingre_name": "당근",
			"ingre_count": "1/2",
			"ingre_unit": "개"
		},
		{
			"ingre_name": "양파",
			"ingre_count": "1",
			"ingre_unit": "개"
		},
		{
			"ingre_name": "빨간파프리카",
			"ingre_count": "1",
			"ingre_unit": "개"
		},
		{
			"ingre_name": "노랑파프리카",
			"ingre_count": "1",
			"ingre_unit": "개"
		},
		{
			"ingre_name": "녹색파프리카",
			"ingre_count": "1/2",
			"ingre_unit": "개"
		},
		{
			"ingre_name": "허브소금",
			"ingre_count": "",
			"ingre_unit": "약간"
		},
		{
			"ingre_name": "참기름",
			"ingre_count": "3",
			"ingre_unit": "T"
		},
		{
			"ingre_name": "간장",
			"ingre_count": "11",
			"ingre_unit": "T"
		},
		{
			"ingre_name": "포도씨유",
			"ingre_count": "",
			"ingre_unit": "적당량"
		},
		{
			"ingre_name": "후추",
			"ingre_count": "",
			"ingre_unit": "약간"
		},
		{
			"ingre_name": "통깨",
			"ingre_count": "2",
			"ingre_unit": "T"
		},
		{
			"ingre_name": "다진마늘",
			"ingre_count": "1",
			"ingre_unit": "T"
		},
		{
			"ingre_name": "청주",
			"ingre_count": "2",
			"ingre_unit": "T"
		},
		{
			"ingre_name": "설탕",
			"ingre_count": "3",
			"ingre_unit": "T"
		},
		{
			"ingre_name": "간장",
			"ingre_count": "1",
			"ingre_unit": "T"
		},
		{
			"ingre_name": "식용유",
			"ingre_count": "1",
			"ingre_unit": "T"
		}
	],
	"recipe": [
		"1. 건표고버섯은 기둥을 잘라내고 물에 불려서 물기를 짠 다음 채썰어주시고, 각색의 파프리카와 당근, 양파는 모두 채썰어주세요. 당면은 잘라진 당면을 준비했어요.",
		"2. 간장 11T에 설탕 3T을 넣어 잘 녹여주세요.",
		"3. 돼지고기와 표고버섯을 볼에 함께 담고  설탕을 녹여둔 간장 2T와 다진마늘, 청주를 넣어 조물조물 무쳐주세요.",
		"4. 야채를 각각 밑간을 하면서 볶아줄꺼에요.순서는 편한대로 하시면 되는데 아삭거림이 있게 살짝만 볶아주세요. 달궈진 팬에 포도씨유(기름)를 약간 두르고 허브솔트로 밑간해서 볶아주세요. 양파도 당근과 같은 방법으로 볶아주세요.",
		"5. 파프리카는 아삭거림이 생명이니 3가지 색 모두 팬에 넣고 몇번 뒤적여준 다음 바로 꺼내주시면 되요. 볶아진 야채는 스텐레스 볼에 담아 한김 빼주세요.",
		"6. 달궈진 팬에 기름을 두르고 밑간해둔 돼지고기와 표고버섯을 볶아주세요.",
		"7. 물이 끓으면 간장과 식용류를 넣어주세요. 친정엄마께서 하시는 방법인데요 당면에 색을 내주시려고 당면을 삶아낼때 간장을 넣어주시고 면이 붙지 않고 삶아지도록 식용류를 넣고 면을 넣어 삶아주세요.",
		"8. 면이 익으면 물에 헹궈내어고 채반에 건져 물기를 빼주세요.",
		"9. 달궈진 팬에 당면을 넣고 설탕을 녹여놓은 간장을 절반 정도 넣고 참기름을 1T 넣어 볶아내세요. 500g 당면을 삶아내면 28cm 프라이팬에 가득 찰 정도의 양이랍니다.",
		"10. 면에 간장이 골고루 베어들고 면에 윤기가 돌면 다 볶아진거에요. 뜨거우면 버무려낼수 없으니 볼에 담아 식혀주세요.",
		"11. 한김 빠진 당면을 양푼에 넣고 볶아둔 야채를 넣어주세요. 저희집에 며칠 먹을 양일 뿐이지만 다른 집에는 많을지도 모르겠네요. 볶아둔 야채의 양은 냉면기로 2개 정도의 분량이에요.",
		"12. 남은 간장을 모두 넣어 주세요. 통깨와 참기름 각가 2T씩 넣고 후추도 넣어준 다음 골고루 버무려주세요."
	],
	"recipe_img": [
		"https://recipe1.ezmember.co.kr/cache/recipe/2015/09/30/0cec7da487e3520b51091e179f0f24901.jpg",
		"https://recipe1.ezmember.co.kr/cache/recipe/2015/09/30/087a8cffbeab2385e6679fd6e9499bed1.jpg",
		"https://recipe1.ezmember.co.kr/cache/recipe/2015/09/30/099ad72277cb4dd795623f0927c02cb61.jpg",
		"https://recipe1.ezmember.co.kr/cache/recipe/2015/09/30/61216c6b7d22e769afaa8ce22c4bbea41.jpg",
		"https://recipe1.ezmember.co.kr/cache/recipe/2015/09/30/9a72eec4b56632a6151097e3d91221c21.jpg",
		"https://recipe1.ezmember.co.kr/cache/recipe/2015/09/30/af34d496fb7870a1c8866508a542cf201.jpg",
		"https://recipe1.ezmember.co.kr/cache/recipe/2015/09/30/30f06f11be42a0994053f14b68908c5f1.jpg",
		"https://recipe1.ezmember.co.kr/cache/recipe/2015/09/30/d8cbf5726d3116cfbb19081b79cfad0c1.jpg",
		"https://recipe1.ezmember.co.kr/cache/recipe/2015/09/30/f9023fa1fe149fdf17b01c8feff2906f1.jpg",
		"https://recipe1.ezmember.co.kr/cache/recipe/2015/09/30/a9adc73a022dc048d4da36389020397a1.jpg",
		"https://recipe1.ezmember.co.kr/cache/recipe/2015/09/30/47d9cca55fcebda5e8f4bd56862f41b81.jpg",
		"https://recipe1.ezmember.co.kr/cache/recipe/2015/09/30/77de67474ca9b0aa165401264137fe651.jpg"
	]
}