{
	"id": "1416339",
	"name": "두부어묵찌개",
	"thumbnail": "https://recipe1.ezmember.co.kr/cache/recipe/2015/06/08/a2982c042b1e1414afadd76f60e11f71.jpg",
	"url": "https://www.10000recipe.com/recipe/1416339",
	"ingredient_ids": [
		548,
		323,
		55,
		34,
		27,
		3,
		995,
		320,
		27,
		34,
		473,
		224,
		233,
		349,
		226,
		497
	],
	"time": "30",
	"ingre_list": [
		{
			"ingre_name": "어묵",
			"ingre_count": "5",
			"ingre_unit": "장"
		},
		{
			"ingre_name": "두부",
			"ingre_count": "1/2",
			"ingre_unit": "모"
		},
		{
			"ingre_name": "팽이버섯",
			"ingre_count": "",
			"ingre_unit": "약간"
		},
		{
			"ingre_name": "고추",
			"ingre_count": "1",
			"ingre_unit": "개"
		},
		{
			"ingre_name": "대파",
			"ingre_count": "1/2",
			"ingre_unit": "대"
		},
		{
			"ingre_name": "양파",
			"ingre_count": "1/2",
			"ingre_unit": "개"
		},
		{
			"ingre_name": "물",
			"ingre_count": "5",
			"ingre_unit": "컵"
		},
		{
			"ingre_name": "멸치",
			"ingre_count": "15",
			"ingre_unit": "마리"
		},
		{
			"ingre_name": "다시마(5X5cm)",
			"ingre_count": "1",
			"ingre_unit": "장"
		},
		{
			"ingre_name": "대파",
			"ingre_count": "1",
			"ingre_unit": "대"
		},
		{
			"ingre_name": "고추",
			"ingre_count": "1",
			"ingre_unit": "개"
		},
		{
			"ingre_name": "고추장",
			"ingre_count": "3",
			"ingre_unit": "큰술"
		},
		{
			"ingre_name": "고춧가루",
			"ingre_count": "2",
			"ingre_unit": "큰술"
		},
		{
			"ingre_name": "다진마늘",
			"ingre_count": "1",
			"ingre_unit": "큰술"
		},
		{
			"ingre_name": "국간장",
			"ingre_count": "1",
			"ingre_unit": "큰술"
		},
		{
			"ingre_name": "설탕",
			"ingre_count": "",
			"ingre_unit": "약간"
		},
		{
			"ingre_name": "소금",
			"ingre_count": "",
			"ingre_unit": "약간"
		}
	],
	"recipe": [
		"1. 찬물에 다시마를 넣고 끓인다음 물이 끓기 시작하면 다시마는 건져내고 다른 국물재료를 넣고 5분정도 끓여줍니다. 매번 말씀드리지만 다시마의 맛성분은 강한 수용성이라 물에 담궈만 둬도 우러납니다. 오래 끓일수록 찐득한 성분이 나와 국물을 탁하게 하죠. 멸치는 내장부분에서 비린내가 나기때문에 머리는 버리지 마시고 내장만 제거해서 쓰시고 보관상태에 따라 눅눅하면 마른팬에 한번 볶아주시면 수분이 날라가서 비린내가 덜납니다.",
		"2. 국물이 완성되면 설탕 소금을 제외한 양념재료를 넣고 끓여줍니다.",
		"3. 한소큼 끓으면 꼬치에 끼운 어묵과 채썬 양파를 넣고 3~5분정도 끓입니다. 저는 어묵 퍼진걸 좋아해서;;; 취향껏 끓이는 시간은 조절하세요. 꼬치에 꽂아서 끓일경우 냄비 선택을 잘하세요. 꼬치로 꽂아서 저정도 걸린거지 썰어서하시면 아마 2~3분이면 될겁니다.",
		"4. 어슷썬 대파, 깍뚝썬 두부, 쪽쪽 찢은 팽이버섯을 넣고 1~2분 더 끓여준 다음 냅니다. 간을 보고 싱거우면 소금을 넣으시고 저는 안넣었는데  감칠맛을 원하시면 설탕 살짝 넣으심 됩니다. 근데 끓이다보면 어묵에서 살짝 단맛이 나와서 취향껏 조절하시면 됩니다."
	],
	"recipe_img": [
		"https://recipe1.ezmember.co.kr/cache/recipe/2015/08/31/5be2fccaee2f409d5a7d401ecea31c7a1.jpg",
		"https://recipe1.ezmember.co.kr/cache/recipe/2015/08/31/ab021b414f67a119e0935fe0c95bea0e1.jpg",
		"https://recipe1.ezmember.co.kr/cache/recipe/2015/08/31/6ba82df2274f02a1e8effb1d8ad005571.jpg",
		"https://recipe1.ezmember.co.kr/cache/recipe/2015/08/31/a5192361f621bfdbe4c398ad8d8b1a361.jpg"
	]
}