{
	"id": "1423893",
	"name": "초간단 맛있는 새우볶음밥",
	"thumbnail": "https://recipe1.ezmember.co.kr/cache/recipe/2015/09/27/c72f06136d83f4c973fc6a551a784d97.jpg",
	"url": "https://www.10000recipe.com/recipe/1423893",
	"ingredient_ids": [
		79,
		497
	],
	"time": "10",
	"ingre_list": [
		{
			"ingre_name": "밥",
			"ingre_count": "2",
			"ingre_unit": "인분"
		},
		{
			"ingre_name": "새우",
			"ingre_count": "3",
			"ingre_unit": "줌"
		},
		{
			"ingre_name": "양파(중)",
			"ingre_count": "1/2",
			"ingre_unit": "개"
		},
		{
			"ingre_name": "당근1+1/2줌",
			"ingre_count": "1+1/2",
			"ingre_unit": "줌"
		},
		{
			"ingre_name": "브로콜리1+1/2줌",
			"ingre_count": "1+1/2",
			"ingre_unit": "줌"
		},
		{
			"ingre_name": "오일",
			"ingre_count": "",
			"ingre_unit": "적당량"
		},
		{
			"ingre_name": "소금",
			"ingre_count": "",
			"ingre_unit": "약간"
		},
		{
			"ingre_name": "후추",
			"ingre_count": "",
			"ingre_unit": "약간"
		}
	],
	"recipe": [
		"1. 새우살은 흐르는 물에 깨끗히 씻어 3줌을 준비하고 양파(중)1/2개, 당근한줌반, 브로콜리한줌반을 적당한 크기로 잘라 준비합니다.",
		"2. 예열된 후라이펜에 오일넉넉히 두른후 양파가 투명해지기 시작할때까지 볶아주세요.",
		"3. 양파가 투명해지기 시작하면, 새우를 넣고 소금과 후추를 약간넣어 밑간을 해준후,",
		"4. 새우가 완전히 익을때까지 볶아주세요.",
		"5. 밥, 적당량을 넣어주고 스크래퍼를 이용해 밥을 자르듯히 야채와 섞어가며 볶아주세요.",
		"6. 모자라는 간은 굴소스를 넣어 감칠맛을 살려 맞추거나 소금, 후추넣어 담백하게 맛을 내어주면 초간단 맛있는 새우볶음밥 완성.",
		"7. 담백하면서도 감칠맛나고, 새우도 푸짐하고 쫀득쫀득하니, 새우볶음밥 먹을맛이 절로 나더라구요. 뭐니뭐니해도 새우볶음밥엔 새우가 듬뿍들어가야해요."
	],
	"recipe_img": [
		"https://recipe1.ezmember.co.kr/cache/recipe/2015/09/30/99df6eadf88df6027de0069e57d653da1.jpg",
		"https://recipe1.ezmember.co.kr/cache/recipe/2015/09/30/38c4fabd47698e47ee10aa0be9b948b91.jpg",
		"https://recipe1.ezmember.co.kr/cache/recipe/2015/09/30/bbba6bd84b2c109215c646a764b228091.jpg",
		"https://recipe1.ezmember.co.kr/cache/recipe/2015/09/30/faca4cac5fa44a222d8486b49b3a667a1.jpg",
		"https://recipe1.ezmember.co.kr/cache/recipe/2015/09/30/72d5ff15ba56dd1dba8a5bdbcf9659501.jpg",
		"https://recipe1.ezmember.co.kr/cache/recipe/2015/09/30/7adb35e19940841ff6601db09d6c34a61.jpg",
		"https://recipe1.ezmember.co.kr/cache/recipe/2015/09/30/a8b580cabfe6cdae40b626628b65253a1.jpg"
	]
}