{
	"id": "1426912",
	"name": "화끈하게 매운 낙지볶음",
	"thumbnail": "https://recipe1.ezmember.co.kr/cache/recipe/2015/09/22/29ec32fbfbac8e866fb9d0425b96b553.jpg",
	"url": "https://www.10000recipe.com/recipe/1426912",
	"ingredient_ids": [
		64,
		295,
		27,
		757,
		9,
		234,
		545,
		379,
		473,
		224,
		477,
		226,
		846,
		233,
		225,
		341
	],
	"time": "30",
	"ingre_list": [
		{
			"ingre_name": "낙지",
			"ingre_count": "3",
			"ingre_unit": "마리"
		},
		{
			"ingre_name": "양파중",
			"ingre_count": "1",
			"ingre_unit": "개"
		},
		{
			"ingre_name": "청양고추",
			"ingre_count": "3",
			"ingre_unit": "개"
		},
		{
			"ingre_name": "대파",
			"ingre_count": "1/2",
			"ingre_unit": "줌"
		},
		{
			"ingre_name": "쪽파",
			"ingre_count": "1/2",
			"ingre_unit": "줌"
		},
		{
			"ingre_name": "당근",
			"ingre_count": "",
			"ingre_unit": "약간"
		},
		{
			"ingre_name": "밀가루",
			"ingre_count": "1/4",
			"ingre_unit": "컵"
		},
		{
			"ingre_name": "천일염",
			"ingre_count": "1",
			"ingre_unit": "줌"
		},
		{
			"ingre_name": "간장",
			"ingre_count": "1.",
			"ingre_unit": ".T"
		},
		{
			"ingre_name": "고추장",
			"ingre_count": "1",
			"ingre_unit": "T"
		},
		{
			"ingre_name": "고춧가루",
			"ingre_count": "2",
			"ingre_unit": "T"
		},
		{
			"ingre_name": "굴소스",
			"ingre_count": "1",
			"ingre_unit": "T"
		},
		{
			"ingre_name": "설탕",
			"ingre_count": "1.",
			"ingre_unit": ".T"
		},
		{
			"ingre_name": "청주",
			"ingre_count": "1",
			"ingre_unit": "T"
		},
		{
			"ingre_name": "다진마늘",
			"ingre_count": "1",
			"ingre_unit": "T"
		},
		{
			"ingre_name": "후춧가루",
			"ingre_count": "",
			"ingre_unit": "약간"
		},
		{
			"ingre_name": "물엿",
			"ingre_count": "",
			"ingre_unit": "약간"
		}
	],
	"recipe": [
		"1. 양파는 얇게 채썰고, 당근도 원형모양으로 얄팍하게 썰어 4등분해주세요. 대파 반줌도 먹기좋게 썰어주고, 쪽파도 썰어 반줌, 청양고추 3개도 적당한 크기로 썰어주세요.",
		"2. 해동된 낙지는 머리부분을 뒤집어서 알과 내장등을 제거하고, 다리부분의 입도 제거해주세요. 손질한 낙지는 밀가루 1/4컵, 천일염 한줌 넣어 바락바락 문질어주세요. 낙지 빨판 사이사이에 있는 불순물을 깔끔하게 제거해준답니다. 흐르는물에 여러차례 행궈 깨끗하게 해주세요.",
		"3. 낙지는 먹기좋은 크기로 썰어주고~",
		"4. 적당한 크기의 볼에 담고 물엿을 제외한 양념재료를 넣어 조물조물 해주세요.",
		"5. 청양고추넣어 매콤한 맛이 낙지에 베이도록 조물조물하여 최소 10분정도 밑간해두세요~",
		"6. 기름 넉넉히 두른 후라이펜에 양파와 당근넣어 볶다가",
		"7. 양념해둔 낚지넣어 중불에서 볶아주세요. 강불에서 볶음 자칫 양념이 탈수도있고, 약불에서 볶으면 물이 많이 생기거든요~",
		"8. 낙지와 야채에 양념이 골고루 베이고~낙지가 익으면",
		"9. 대파와 쪽파넣어 숨이 죽을때까지 볶아주세요.",
		"10. 낙지한마리 집어서 맛보고 달달한 감칠맛은 물엿을 넣어 취향에 맞게 조절하면 됩니다. 낙지볶음은 뭐니뭐니해도 화끈하게 매우면서도 달콤하게 먹는게 매력이잖아요. 혹, 모자라는 간은 천일염으로해서 낙지볶음의 색이 탁하지 않게 해주세요.",
		"11. 적당한 접시에 담고, 통깨 솔솔뿌려 마무리~",
		"12. 이렇게 접시에 밥을담고, 낙지볶음 듬뿍 올려주면 이것이 바로 낙지덮밥!"
	],
	"recipe_img": [
		"https://recipe1.ezmember.co.kr/cache/recipe/2015/09/30/193d4978bf703320ee39dbdb528ed6851.jpg",
		"https://recipe1.ezmember.co.kr/cache/recipe/2015/09/30/7daf12ea7f8a6a2155ae308046e6a1291.jpg",
		"https://recipe1.ezmember.co.kr/cache/recipe/2015/09/30/1ef71f742c23f71d826d83611a666c591.jpg",
		"https://recipe1.ezmember.co.kr/cache/recipe/2015/09/30/ac46f7360b8879b111623e049b8f91ad1.jpg",
		"https://recipe1.ezmember.co.kr/cache/recipe/2015/09/30/c6d04d78fdc20b74b7968d5914b39d3d1.jpg",
		"https://recipe1.ezmember.co.kr/cache/recipe/2015/09/30/d4b7262f9f9af1c91f14122af47f88b81.jpg",
		"https://recipe1.ezmember.co.kr/cache/recipe/2015/09/30/1e403aef49c775839af478e4b50c49211.jpg",
		"https://recipe1.ezmember.co.kr/cache/recipe/2015/09/30/2562289a5ad59b4917b10815615c76731.jpg",
		"https://recipe1.ezmember.co.kr/cache/recipe/2015/09/30/b75104c1a6245b5847d15a40b9a449301.jpg",
		"https://recipe1.ezmember.co.kr/cache/recipe/2015/09/30/810fad8d44b32f7ad67dfe281c34d0301.jpg",
		"https://recipe1.ezmember.co.kr/cache/recipe/2015/09/30/0f7eaa5761140f68e028e3b36b28fe56.jpg",
		"https://recipe1.ezmember.co.kr/cache/recipe/2015/09/30/44e2c1245d6efc70fe2520fd497b562b.jpg"
	]
}