{
	"id": "1433763",
	"name": "간장게장, 콩전 만들기 ",
	"thumbnail": "https://recipe1.ezmember.co.kr/cache/recipe/2015/06/08/25ecebe45fe807f85e2d185a009fadf1.jpg",
	"url": "https://www.10000recipe.com/recipe/1433763",
	"ingredient_ids": [
		295,
		28,
		3,
		158,
		262,
		857,
		27,
		379,
		618,
		995,
		734,
		96,
		3
	],
	"time": "120",
	"ingre_list": [
		{
			"ingre_name": "청양고추",
			"ingre_count": "2",
			"ingre_unit": "개"
		},
		{
			"ingre_name": "통마늘",
			"ingre_count": "60",
			"ingre_unit": "g"
		},
		{
			"ingre_name": "생강",
			"ingre_count": "20",
			"ingre_unit": "g"
		},
		{
			"ingre_name": "양파",
			"ingre_count": "300",
			"ingre_unit": "g"
		},
		{
			"ingre_name": "사과",
			"ingre_count": "300",
			"ingre_unit": "g"
		},
		{
			"ingre_name": "다시마(10X10)",
			"ingre_count": "2",
			"ingre_unit": "조각"
		},
		{
			"ingre_name": "표고",
			"ingre_count": "1",
			"ingre_unit": "줌"
		},
		{
			"ingre_name": "건고추",
			"ingre_count": "3",
			"ingre_unit": "개"
		},
		{
			"ingre_name": "통후추",
			"ingre_count": "1/4",
			"ingre_unit": "작은술"
		},
		{
			"ingre_name": "대파",
			"ingre_count": "1",
			"ingre_unit": "대"
		},
		{
			"ingre_name": "간장",
			"ingre_count": "7",
			"ingre_unit": "컵"
		},
		{
			"ingre_name": "생수",
			"ingre_count": "8",
			"ingre_unit": "컵"
		},
		{
			"ingre_name": "정종",
			"ingre_count": "1/2",
			"ingre_unit": "컵"
		},
		{
			"ingre_name": "매실엑기스",
			"ingre_count": "3",
			"ingre_unit": "큰술"
		},
		{
			"ingre_name": "물",
			"ingre_count": "1",
			"ingre_unit": "컵"
		},
		{
			"ingre_name": "튀김가루",
			"ingre_count": "2",
			"ingre_unit": "큰술"
		},
		{
			"ingre_name": "콩",
			"ingre_count": "1/2",
			"ingre_unit": "컵"
		},
		{
			"ingre_name": "쌀",
			"ingre_count": "1/3",
			"ingre_unit": "컵"
		},
		{
			"ingre_name": "양파",
			"ingre_count": "",
			"ingre_unit": "약간"
		}
	],
	"recipe": [
		"1. 솔로 게를 깨끗하게 잘 닦아내주세요. 그리고 물로 헹군 다음에 삶은 헹주나 키친 타올로 물기를 구석 구석 닦아주세요.",
		"2. 그런 다음에 통에 차곡차곡 채우는데요. 아래 사진에서처럼 통에 담아야지 뒤집어 놓으면 게장 국물도 탁해지고 맛있는 게장도 다 흘러내린답니다.",
		"3. 간장과 물의 비율을 4:6으로 잡으면 가장 적당하고요..좀 짜야 게장이지 하시는 분은 5:5로 잡으시도록 하세요.전 꽃게 2킬로로 간장 게장을 담그었는데요.간장 7컵, 생수 8컵, 정종 반컵, 청양고추 2개, 통마늘 60g, 생강 20g,양파 300g, 사과 300g, 다시마 10 X 10 2조각, 표고 한 줌, 건고추 3개, 통후추 1/4작은술, 대파 한 대, 매실엑기스 3큰술을 모두 넣어서 끓였어요. (짜지 않게 만드는 방법이에요)",
		"4. 다시마는 거의 다 끓어갈 무렵에 넣어서 주었고요.",
		"5. 국물은 식은 다음에 냉장고에 손질해서 담아놓은 통에 붓었습니다. 1주일 정도 지난 다음에 맛이 배이면 게는 꺼내서 하나씩 호일이나 지퍼락에 포장해서 냉동실로 담아놓고 드시면 됩니다.",
		"6. 콩반컵과 쌀 1/3컵, 양파 약간을 준비해주세요. 그리고 물 1컵이 팔팔 끓을 때 넣고 한 소큼만 바글 바글 끓인 다음 불을 꺼주세요.",
		"7. 그리고 믹서에 갈아주세요. 물 1/4컵을 부었더니 좀 묽더라구요. 이럴 땐 튀김가루 2큰술을 넣고 섞어주세요. 그러면 안은 부드럽고 겉은 바삭해진답니다.",
		"8. 식감을 위해서 숙주 나물을 데쳐 먹기좋게 썰어서 섞어주세요."
	],
	"recipe_img": [
		"https://recipe1.ezmember.co.kr/cache/recipe/2015/12/16/0d73f7849e30b9079362d3b6fba5e8111.jpg",
		"https://recipe1.ezmember.co.kr/cache/recipe/2015/12/16/42c0a43750d33ca32d256bd21fce7bc61.jpg",
		"https://recipe1.ezmember.co.kr/cache/recipe/2015/12/16/bf7a2bb0af010442487b27d105139d161.jpg",
		"https://recipe1.ezmember.co.kr/cache/recipe/2015/12/16/05db29456255dcf028dea5c33727fa411.jpg",
		"https://recipe1.ezmember.co.kr/cache/recipe/2015/12/16/6d156ce371cde4abf6286a9f846a128d1.jpg",
		"https://recipe1.ezmember.co.kr/cache/recipe/2015/12/16/d51fa9d8512476d37e63f31dd87a51031.jpg",
		"https://recipe1.ezmember.co.kr/cache/recipe/2015/12/16/6946b781d223d7a03e1d49bb347584dd1.jpg",
		"https://recipe1.ezmember.co.kr/cache/recipe/2015/12/16/08be9e0faca6c27807e3fe45bf13f1091.jpg"
	]
}