{
	"id": "1434383",
	"name": "뚝배기 부대찌개",
	"thumbnail": "https://recipe1.ezmember.co.kr/cache/recipe/2015/06/08/0007ad3aac8a6d7879928a28c0adc8f4.jpg",
	"url": "https://www.10000recipe.com/recipe/1434383",
	"ingredient_ids": [
		441,
		302,
		323,
		3,
		953,
		27,
		911,
		29,
		349,
		843,
		259,
		19,
		90,
		29,
		458,
		349,
		226
	],
	"time": "30",
	"ingre_list": [
		{
			"ingre_name": "쇠고기",
			"ingre_count": "",
			"ingre_unit": ""
		},
		{
			"ingre_name": "라면",
			"ingre_count": "",
			"ingre_unit": ""
		},
		{
			"ingre_name": "당면",
			"ingre_count": "",
			"ingre_unit": ""
		},
		{
			"ingre_name": "소세지",
			"ingre_count": "",
			"ingre_unit": ""
		},
		{
			"ingre_name": "두부",
			"ingre_count": "",
			"ingre_unit": ""
		},
		{
			"ingre_name": "청고추",
			"ingre_count": "",
			"ingre_unit": ""
		},
		{
			"ingre_name": "홍고추",
			"ingre_count": "",
			"ingre_unit": ""
		},
		{
			"ingre_name": "양파",
			"ingre_count": "",
			"ingre_unit": ""
		},
		{
			"ingre_name": "김치",
			"ingre_count": "",
			"ingre_unit": ""
		},
		{
			"ingre_name": "대파",
			"ingre_count": "",
			"ingre_unit": ""
		},
		{
			"ingre_name": "버섯",
			"ingre_count": "",
			"ingre_unit": ""
		},
		{
			"ingre_name": "고추가루",
			"ingre_count": "",
			"ingre_unit": ""
		},
		{
			"ingre_name": "마늘",
			"ingre_count": "",
			"ingre_unit": ""
		},
		{
			"ingre_name": "국간장",
			"ingre_count": "",
			"ingre_unit": ""
		},
		{
			"ingre_name": "매실액",
			"ingre_count": "",
			"ingre_unit": ""
		},
		{
			"ingre_name": "건멸치",
			"ingre_count": "",
			"ingre_unit": ""
		},
		{
			"ingre_name": "건새우",
			"ingre_count": "",
			"ingre_unit": ""
		},
		{
			"ingre_name": "무",
			"ingre_count": "",
			"ingre_unit": ""
		},
		{
			"ingre_name": "다시마",
			"ingre_count": "",
			"ingre_unit": ""
		},
		{
			"ingre_name": "고추가루",
			"ingre_count": "",
			"ingre_unit": ""
		},
		{
			"ingre_name": "마늘",
			"ingre_count": "",
			"ingre_unit": ""
		},
		{
			"ingre_name": "생강즙",
			"ingre_count": "",
			"ingre_unit": ""
		},
		{
			"ingre_name": "국간장",
			"ingre_count": "",
			"ingre_unit": ""
		},
		{
			"ingre_name": "진간장",
			"ingre_count": "",
			"ingre_unit": ""
		},
		{
			"ingre_name": "설탕",
			"ingre_count": "",
			"ingre_unit": ""
		}
	],
	"recipe": [
		"1. 쇠고기에 고추가루, 마늘, 매실액과 국간장을 살짝 뿌려 조물조물 밑간해 두세요.",
		"2. 냄비에 준비해둔 재료를 넣고 육수를 끓여 준비해 둡니다.",
		"3. 볼에 준비된 양념재료를 넣어 고루 섞어 주세요.",
		"4. 양파, 청홍고추는 어슷썰어 준비하고, 두부와 소세지는 한입 크기로 썰어 준비합니다.",
		"5. 뚝배기 가운데 밑간해둔 쇠고기를 놓고 나머지 재료들을 돌아가며 올린 후 준비된 육수를 자작하게 붓고 양념장을 올려 끓여 주세요. 당면은 물에 미리 불려놓고 사용하세요. 한 김 오르면 불을 내려주세요~육수도 한번 끊였었기때문에 라면만 익었다 싶을정도로 끓이면 바로 드셔도 된답니다. 양념은 마지막에 맛을보고 소금으로 나머지 간을 맞추셔도 되구요."
	],
	"recipe_img": [
		"https://recipe1.ezmember.co.kr/cache/recipe/2015/07/31/6416a1fdcd30ff55f00b6e43e528b0fc1.jpg",
		"https://recipe1.ezmember.co.kr/cache/recipe/2015/07/31/d9d0e0dc62c5b21eea08c52c9deb480f1.jpg",
		"https://recipe1.ezmember.co.kr/cache/recipe/2015/07/31/2d336b7b0edbe4720d55ca79105a53351.jpg",
		"https://recipe1.ezmember.co.kr/cache/recipe/2015/07/31/5d2b5072eb50b65d7a915dcb1c0513651.jpg",
		"https://recipe1.ezmember.co.kr/cache/recipe/2015/07/31/10d5fbfd98e089c5d308f69accab70841.jpg"
	]
}