{
	"id": "1435975",
	"name": "귀찮을 땐 최고 스크럼블 에그 베이컨 볶음밥",
	"thumbnail": "https://recipe1.ezmember.co.kr/cache/recipe/2015/06/08/f0c2f93f9e74c31ae1a6671d3a3207d7.jpg",
	"url": "https://www.10000recipe.com/recipe/1435975",
	"ingredient_ids": [
		5,
		9,
		3,
		406,
		219,
		477,
		497
	],
	"time": "30",
	"ingre_list": [
		{
			"ingre_name": "밥",
			"ingre_count": "2",
			"ingre_unit": "공기"
		},
		{
			"ingre_name": "감자",
			"ingre_count": "1",
			"ingre_unit": "개"
		},
		{
			"ingre_name": "당근",
			"ingre_count": "1/3",
			"ingre_unit": "개"
		},
		{
			"ingre_name": "양파",
			"ingre_count": "1/2~1/4개",
			"ingre_unit": "~개"
		},
		{
			"ingre_name": "베이컨",
			"ingre_count": "4",
			"ingre_unit": "줄"
		},
		{
			"ingre_name": "달걀",
			"ingre_count": "2",
			"ingre_unit": "개"
		},
		{
			"ingre_name": "굴소스",
			"ingre_count": "",
			"ingre_unit": "약간"
		},
		{
			"ingre_name": "소금",
			"ingre_count": "",
			"ingre_unit": "약간"
		},
		{
			"ingre_name": "후추",
			"ingre_count": "",
			"ingre_unit": "약간"
		}
	],
	"recipe": [
		"1. 베이컨은 앞뒤로 노릇하게 구워둡니다.",
		"2. 잘게썬 감자, 당근을 기름두른 팬에 넣고 볶다가 양파도 넣고 볶아줍니다.",
		"3. 재료들이 투명한 빛을 내며 익어가면 한켠에 밀어두고 미리 풀어둔 달걀을 부어 젓가락으로 섞어주면서스크럼블 에그를 만듭니다.",
		"4. 스크럼블 에그가 익으면 밥과 굴소스, 베이컨 자른 것을 넣고 잘 어우러지게 볶아냅니다. 스크럼블 에그는 노릇한 색이 날정도로 볶아버리면 퍽퍽하고 맛없어요. 부드럽게 원하시면 살짝 익을 정도면 하고 바로 밥을 넣어서 볶아주세요."
	],
	"recipe_img": [
		"https://recipe1.ezmember.co.kr/cache/recipe/2015/08/31/3c277d8b73f5b2d66a175db50e823fcf1.jpg",
		"https://recipe1.ezmember.co.kr/cache/recipe/2015/08/31/67361e2405ddad2671e0197033709b261.jpg",
		"https://recipe1.ezmember.co.kr/cache/recipe/2015/08/31/af48b0243fc4753bcdcb86ac1e0a5f1b1.jpg",
		"https://recipe1.ezmember.co.kr/cache/recipe/2015/08/31/4e9b67a7d36e24d8ffb9cdf90d76386d1.jpg"
	]
}