{
	"id": "1436988",
	"name": "닭볶음탕",
	"thumbnail": "https://recipe1.ezmember.co.kr/cache/recipe/2015/08/07/a15d339ff010e4819480dd9d5020b215.jpg",
	"url": "https://www.10000recipe.com/recipe/1436988",
	"ingredient_ids": [
		126,
		5,
		3,
		455,
		350,
		995,
		224,
		473,
		233,
		379,
		477,
		660,
		350
	],
	"time": "60",
	"ingre_list": [
		{
			"ingre_name": "닭고기",
			"ingre_count": "1600",
			"ingre_unit": "g"
		},
		{
			"ingre_name": "파",
			"ingre_count": "2",
			"ingre_unit": "대"
		},
		{
			"ingre_name": "감자",
			"ingre_count": "",
			"ingre_unit": ""
		},
		{
			"ingre_name": "홍당무",
			"ingre_count": "",
			"ingre_unit": ""
		},
		{
			"ingre_name": "양파",
			"ingre_count": "2",
			"ingre_unit": "개"
		},
		{
			"ingre_name": "생강가루",
			"ingre_count": "",
			"ingre_unit": "조금"
		},
		{
			"ingre_name": "깨소금",
			"ingre_count": "",
			"ingre_unit": "약간"
		},
		{
			"ingre_name": "후추",
			"ingre_count": "",
			"ingre_unit": "약간"
		},
		{
			"ingre_name": "물",
			"ingre_count": "1",
			"ingre_unit": "그릇"
		},
		{
			"ingre_name": "고춧가루",
			"ingre_count": "3",
			"ingre_unit": "큰술"
		},
		{
			"ingre_name": "고추장",
			"ingre_count": "2",
			"ingre_unit": "큰술"
		},
		{
			"ingre_name": "다진마늘",
			"ingre_count": "1",
			"ingre_unit": "큰술"
		},
		{
			"ingre_name": "요리술",
			"ingre_count": "2",
			"ingre_unit": "큰술"
		},
		{
			"ingre_name": "찹쌀엿또는물엿",
			"ingre_count": "2",
			"ingre_unit": "큰술"
		},
		{
			"ingre_name": "간장",
			"ingre_count": "2",
			"ingre_unit": "큰술"
		},
		{
			"ingre_name": "굴소스",
			"ingre_count": "1.",
			"ingre_unit": ".큰술"
		},
		{
			"ingre_name": "참기름",
			"ingre_count": "2",
			"ingre_unit": "큰술"
		},
		{
			"ingre_name": "깨소금",
			"ingre_count": "",
			"ingre_unit": "약간"
		},
		{
			"ingre_name": "후추",
			"ingre_count": "",
			"ingre_unit": "약간"
		}
	],
	"recipe": [
		"1. 양파와 감자 홍당무등 야패를 잘라 준비해 두고",
		"2. 닭고기는 흐르는물에 깨끗하게 씻어서 손질한후 찬물에 담궈 핏물을 빼 줍니다. 두번정도 물을 갈아 준후 건져서 물기를 빼서 준비해 둡니다. 닭고기를 좋아하는 대가족이라 닭고기를 800g 짜리 두팩으로 만들었어요.",
		"3. 위의 재료의 깨, 참기름, 후추를 뺀 나머지 재료를 모두 넣어 양념장을 만들어 섞어주고, 닭고기에 양념을 발라 조물조물 무쳐주세요.",
		"4. 감자등 야채를 냄비 아래 쪽으로 넣은후 양념한 닭고기를 넣고 물을 국대접으로 하나 정도 넣고 중불로 끓여줍니다. 저 처럼 야채를 많이 넣을땐 야채에서 수분이 많이 나와서 물은 한컵정도만 넣어 뚜껑을 덮어 끓여 주면됩니다.",
		"5. 감자를 찔러봐서 다 익었으면 대파, 후추, 참기름, 통깨를 넣어 섞어준후 센불로 잠깐만 졸여 주세요.",
		"6. 국물이 자작자작 할때 간을 보시고 여러분 입맛에 맞게 소금으로 간을 해 줍니다."
	],
	"recipe_img": [
		"https://recipe1.ezmember.co.kr/cache/recipe/2015/08/07/d9d0c41a8d92eeed4912b428e757928b1.jpg",
		"https://recipe1.ezmember.co.kr/cache/recipe/2015/08/07/875dcd63f4aafb0a4b8de30c9ce8b9f61.jpg",
		"https://recipe1.ezmember.co.kr/cache/recipe/2015/08/07/71aae70e1adb28bd0230a88ee8edc07f1.jpg",
		"https://recipe1.ezmember.co.kr/cache/recipe/2015/08/07/d180fed5d2f60e046e16e67831edb4cf1.jpg",
		"https://recipe1.ezmember.co.kr/cache/recipe/2015/08/07/2d3333ea891e9b0cab0cde7da44d27931.jpg",
		"https://recipe1.ezmember.co.kr/cache/recipe/2015/08/07/5120300ef220e570a96a3fa4a9b2c8741.jpg"
	]
}