{
	"id": "1444092",
	"name": " 파김치",
	"thumbnail": "https://recipe1.ezmember.co.kr/cache/recipe/2015/07/31/98b595c31f9335121796fd261231db3a.jpg",
	"url": "https://www.10000recipe.com/recipe/1444092",
	"ingredient_ids": [],
	"time": "15",
	"ingre_list": [],
	"recipe": [
		"1. 잔파를 곱게 손질해 흐르는 물에 깨끗히 씻어 주세요~",
		"2. 볼에 잔파를 넣고 고추가루, 멸치액젓, 설탕, 통깨, 식초를 넣어 버부려 주세요.",
		"3. 적당히 버무려지면 간을 보고 마지막으로 소금간해 주세요."
	],
	"recipe_img": [
		"https://recipe1.ezmember.co.kr/cache/recipe/2015/07/31/726617c6d945b4c95e30e184f2e4ff2d1.jpg",
		"https://recipe1.ezmember.co.kr/cache/recipe/2015/07/31/281632650facb67510ed73fac4459dea1.jpg",
		"https://recipe1.ezmember.co.kr/cache/recipe/2015/07/31/e2a5374f004da640948c577b84d022e31.jpg"
	]
}