{
	"id": "1446108",
	"name": "홈메이드 짬뽕",
	"thumbnail": "https://recipe1.ezmember.co.kr/cache/recipe/2015/06/08/624d81a3e62361c333bc128d14f69fdb.jpg",
	"url": "https://www.10000recipe.com/recipe/1446108",
	"ingredient_ids": [
		65,
		19,
		13,
		3,
		9,
		29,
		237,
		477,
		497
	],
	"time": "30",
	"ingre_list": [
		{
			"ingre_name": "면",
			"ingre_count": "2",
			"ingre_unit": "인분"
		},
		{
			"ingre_name": "오징어",
			"ingre_count": "50",
			"ingre_unit": "g"
		},
		{
			"ingre_name": "냉동칵테일새우",
			"ingre_count": "12",
			"ingre_unit": "마리"
		},
		{
			"ingre_name": "무",
			"ingre_count": "80",
			"ingre_unit": "g"
		},
		{
			"ingre_name": "청경채",
			"ingre_count": "1",
			"ingre_unit": "줌"
		},
		{
			"ingre_name": "새송이",
			"ingre_count": "1/2",
			"ingre_unit": "개"
		},
		{
			"ingre_name": "양파",
			"ingre_count": "1/2",
			"ingre_unit": "개"
		},
		{
			"ingre_name": "배춧잎",
			"ingre_count": "2",
			"ingre_unit": "장"
		},
		{
			"ingre_name": "당근",
			"ingre_count": "",
			"ingre_unit": "약간"
		},
		{
			"ingre_name": "대파흰부분",
			"ingre_count": "1",
			"ingre_unit": "뿌리"
		},
		{
			"ingre_name": "마늘",
			"ingre_count": "5",
			"ingre_unit": "쪽"
		},
		{
			"ingre_name": "고추기름",
			"ingre_count": "1.",
			"ingre_unit": ".T"
		},
		{
			"ingre_name": "굴소스",
			"ingre_count": "1",
			"ingre_unit": "T"
		},
		{
			"ingre_name": "고추가루",
			"ingre_count": "1",
			"ingre_unit": "T"
		},
		{
			"ingre_name": "멸치육수",
			"ingre_count": "4.",
			"ingre_unit": ".컵"
		},
		{
			"ingre_name": "해물맛선생",
			"ingre_count": "1/4",
			"ingre_unit": "ts"
		},
		{
			"ingre_name": "소금",
			"ingre_count": "",
			"ingre_unit": "약간"
		},
		{
			"ingre_name": "후추",
			"ingre_count": "",
			"ingre_unit": "약간"
		}
	],
	"recipe": [
		"1. 먼저 재료를 준비합니다. 전 오징어를 오징어 회 남은걸루 했어요. 갑오징어를 큼직하게 썰어서 사용하셔도 돼요.",
		"2. 웍에 고추기름을 두릅니다. 전 고추기름이 없어서 식용유에 고춧가루를 섞고 전자렌지에 1분~1분 30초 돌린 후 걸러서 사용했어요.전자레인지",
		"3. 대파와 편으로 썬 마늘을 넣고 강한 불에 볶아서 향을 냅니다.",
		"4. 야채들을 넣습니다.",
		"5. 오징어와 새우를 넣고 볶다가 굴소스를 넣고 볶아줍니다.",
		"6. 야채와 해물이 살짝 볶아지면 멸치육수를 넣고 고춧가루를 취향껏 넣고 소금과 후추로 식성대로 간을 합니다. 요대로도 맛있지만 중국집 맛에 좀 더 가까워지고자 해물 맛선생을 쬐금 넣었어요.",
		"7. 면이 있는 줄 알고 봤더니 라면사리 밖에 없더라구요. 그래서 짬뽕라면이 되버렸어요. 중화면이나 칼국수 등 면은 드시고 싶은 걸루 준비하세요.",
		"8. 짜잔~ 완성임돠. 이젠 짬뽕 집에서 만들어 드세요."
	],
	"recipe_img": [
		"https://recipe1.ezmember.co.kr/cache/recipe/2015/09/30/2d5abbabfc3afc5a0b318ed47a528da91.jpg",
		"https://recipe1.ezmember.co.kr/cache/recipe/2015/09/30/3797f630654aaa0f261e2b471323bafa1.jpg",
		"https://recipe1.ezmember.co.kr/cache/recipe/2015/09/30/5baad310aa6f5ca452e71025a09993181.jpg",
		"https://recipe1.ezmember.co.kr/cache/recipe/2015/09/30/83cb64b1b77dba56c3ebbd2b5e61d61f1.jpg",
		"https://recipe1.ezmember.co.kr/cache/recipe/2015/09/30/9b87e3a5c09d2a8fb985834457903b871.jpg",
		"https://recipe1.ezmember.co.kr/cache/recipe/2015/09/30/b6cab50de3cc550434a4a132ac5e68261.jpg",
		"https://recipe1.ezmember.co.kr/cache/recipe/2015/09/30/aad724083226f37a2ca2a6cef476a3931.jpg",
		"https://recipe1.ezmember.co.kr/cache/recipe/2015/09/30/af68890f9c5addce341d8f92b1a6c2c7.jpg"
	]
}