{
	"id": "1446182",
	"name": "매운 쪽갈비찜",
	"thumbnail": "https://recipe1.ezmember.co.kr/cache/recipe/2015/06/08/c618aae9921b10bf09c26a5d7049112d.jpg",
	"url": "https://www.10000recipe.com/recipe/1446182",
	"ingredient_ids": [
		224,
		233,
		458,
		343,
		959,
		592,
		227,
		660
	],
	"time": "120",
	"ingre_list": [
		{
			"ingre_name": "쪽갈비",
			"ingre_count": "2",
			"ingre_unit": "대"
		},
		{
			"ingre_name": "고춧가루",
			"ingre_count": "1",
			"ingre_unit": "큰술"
		},
		{
			"ingre_name": "엿장",
			"ingre_count": "2",
			"ingre_unit": "큰술"
		},
		{
			"ingre_name": "다진파",
			"ingre_count": "4",
			"ingre_unit": "큰술"
		},
		{
			"ingre_name": "다진마늘",
			"ingre_count": "2",
			"ingre_unit": "큰술"
		},
		{
			"ingre_name": "생강즙",
			"ingre_count": "1",
			"ingre_unit": "작은술"
		},
		{
			"ingre_name": "미림",
			"ingre_count": "2",
			"ingre_unit": "큰술"
		},
		{
			"ingre_name": "사과즙",
			"ingre_count": "2",
			"ingre_unit": "큰술"
		},
		{
			"ingre_name": "양파즙",
			"ingre_count": "2",
			"ingre_unit": "큰술"
		},
		{
			"ingre_name": "꿀",
			"ingre_count": "1",
			"ingre_unit": "큰술"
		},
		{
			"ingre_name": "매실엑기스",
			"ingre_count": "1",
			"ingre_unit": "큰술"
		},
		{
			"ingre_name": "참기름",
			"ingre_count": "1",
			"ingre_unit": "큰술"
		}
	],
	"recipe": [
		"1. 쪽갈비 2대를 물에 담가 핏물을 제거합니다... 1시간 가량...",
		"2. 생강술 1큰술과 홈메이드 진한 조림장 2큰술, 그리고 우스터소스 한 큰술 을 넣고 1차 절임장을 만들어 30분 동안 절이고 쪽갈비를 180~200도 예열 오븐에서....1차 절임장을 덧발라 가면서... 앞면 15분, 뒷면 10분 정도로 구워 주세요오븐",
		"3. 오븐에서 구워준 쪽갈비는.... 양념장을 냄비에 부어서... 끓이다가 구운 쪽갈비를 넣어서 좀 더 졸여주면 됩니다.."
	],
	"recipe_img": [
		"https://recipe1.ezmember.co.kr/cache/recipe/2015/07/31/be2b1e7cdec60ff104f360fa06c1c38e1.jpg",
		"https://recipe1.ezmember.co.kr/cache/recipe/2015/07/31/851823a1648f6bf274a56c500eb794281.jpg",
		"https://recipe1.ezmember.co.kr/cache/recipe/2015/07/31/c29bade12b21225fbe5c3b9763702ffc1.jpg"
	]
}