{
	"id": "1449593",
	"name": "떡볶이",
	"thumbnail": "https://recipe1.ezmember.co.kr/cache/recipe/2015/06/08/e1c0960651765e3ee29a0b200d39990f.jpg",
	"url": "https://www.10000recipe.com/recipe/1449593",
	"ingredient_ids": [
		972,
		27,
		995,
		473,
		665,
		226,
		233,
		543
	],
	"time": "30",
	"ingre_list": [
		{
			"ingre_name": "떡볶이떡",
			"ingre_count": "300",
			"ingre_unit": "g"
		},
		{
			"ingre_name": "사각어묵",
			"ingre_count": "2",
			"ingre_unit": "장"
		},
		{
			"ingre_name": "양파(중)",
			"ingre_count": "1/2",
			"ingre_unit": "개"
		},
		{
			"ingre_name": "대파",
			"ingre_count": "1/2",
			"ingre_unit": "대"
		},
		{
			"ingre_name": "물",
			"ingre_count": "2",
			"ingre_unit": "컵"
		},
		{
			"ingre_name": "고추장",
			"ingre_count": "2",
			"ingre_unit": "스푼"
		},
		{
			"ingre_name": "참치액",
			"ingre_count": "1",
			"ingre_unit": "스푼"
		},
		{
			"ingre_name": "카레가루",
			"ingre_count": "1",
			"ingre_unit": "스푼"
		},
		{
			"ingre_name": "설탕",
			"ingre_count": "2",
			"ingre_unit": "스푼"
		},
		{
			"ingre_name": "다진마늘",
			"ingre_count": "0.",
			"ingre_unit": ".스푼"
		},
		{
			"ingre_name": "통깨",
			"ingre_count": "",
			"ingre_unit": "적당량"
		}
	],
	"recipe": [
		"1. 떡볶이떡은 물에 헹궈 건져서 준비하고 사각어묵은 먹기 좋게 썰고, 양파는 굵직하게 채 썰고, 대파도 어슷하게 썰어 준비합니다.",
		"2. 양념재료를 한데 넣고 끓이세요. 고추장은 샘표 국산고추장 사용했고 참치액은 대왕 참치액 사용했어요. 그리고 카레가루는 오뚜기 백세카레를 사용했고 설탕은 올가 유기농 설탕을 사용했지요.",
		"3. 떡볶이 떡과 어묵, 양파와 대파를 모두 양념을 끓인 것에 넣고서 떡과 재료들이 적당히 졸아들 때까지 끓여줍니다.",
		"4. 떡이 말랑하게 익고, 국물이 잘박잘막 맛있게 졸아들면, 불을 끄고 마지막으로 통깨 솔솔 뿌려주면 끝. 고소한 맛을 좋아하면 참기름 몇방울 넣으셔도 되요."
	],
	"recipe_img": [
		"https://recipe1.ezmember.co.kr/cache/recipe/2015/09/09/5e370c5278ddf231de0c57acb2680c161.jpg",
		"https://recipe1.ezmember.co.kr/cache/recipe/2015/09/09/ebe9eb8bb28f30b54972febde49a20ff1.jpg",
		"https://recipe1.ezmember.co.kr/cache/recipe/2015/09/09/d52b0e66185826b5055ef1e6bbb5395a1.jpg",
		"https://recipe1.ezmember.co.kr/cache/recipe/2015/09/09/22a523a20a5e392709780ffba36580541.jpg"
	]
}