{
	"id": "1451597",
	"name": "멸치육수 진한 잔치국수",
	"thumbnail": "https://recipe1.ezmember.co.kr/cache/recipe/2015/08/31/10da475715582bfa228a2780f2aa3b67.jpg",
	"url": "https://www.10000recipe.com/recipe/1451597",
	"ingredient_ids": [
		736,
		846,
		226,
		497,
		736,
		224,
		233,
		660,
		226
	],
	"time": "30",
	"ingre_list": [
		{
			"ingre_name": "국물멸치",
			"ingre_count": "30",
			"ingre_unit": "개"
		},
		{
			"ingre_name": "조선간장",
			"ingre_count": "0.",
			"ingre_unit": ".큰술"
		},
		{
			"ingre_name": "다시마(10cm)",
			"ingre_count": "10",
			"ingre_unit": "장"
		},
		{
			"ingre_name": "청주",
			"ingre_count": "1",
			"ingre_unit": "큰술"
		},
		{
			"ingre_name": "설탕",
			"ingre_count": "0.",
			"ingre_unit": ".작은술"
		},
		{
			"ingre_name": "소금",
			"ingre_count": "1",
			"ingre_unit": "작은술"
		},
		{
			"ingre_name": "진간장",
			"ingre_count": "1",
			"ingre_unit": "큰술"
		},
		{
			"ingre_name": "조선간장",
			"ingre_count": "0.",
			"ingre_unit": ".큰술"
		},
		{
			"ingre_name": "고춧가루",
			"ingre_count": "1.",
			"ingre_unit": ".작은술"
		},
		{
			"ingre_name": "다진파",
			"ingre_count": "1",
			"ingre_unit": "작은술"
		},
		{
			"ingre_name": "다진마늘",
			"ingre_count": "0.",
			"ingre_unit": ".작은술"
		},
		{
			"ingre_name": "참기름",
			"ingre_count": "0.",
			"ingre_unit": ".작은술"
		},
		{
			"ingre_name": "설탕",
			"ingre_count": "0.",
			"ingre_unit": ".작은술"
		}
	],
	"recipe": [
		"1. 전 다시마와 멸치로만 국물을 냈어요. 대신 멸치를 아주 많이 넣는 거예요. 청주와 조선간장, 설탕, 소금을 넣어서 육수 간을 해 주세요.",
		"2. 소면은 넉넉히 삶아주구요.",
		"3. 다신 쇠고기는 다진파, 다진마늘, 청주, 맛술, 후추, 소금 넣어서 센불에 빠르게 볶아주세요. 달걀 황백지단도 소금, 후추 간 해서 만들고 애호박도 채썰어 소금, 후추 간해서 볶아주세요.",
		"4. 신김치는 쫑쫑 썰어 다져주시구요. 분량대로 양념장 만들어주세요.",
		"5. 그릇에 국수와 육수 고명을 얹어냅니다. 양념장을 곁들입니다."
	],
	"recipe_img": [
		"https://recipe1.ezmember.co.kr/cache/recipe/2015/08/31/824fe8b5589e5c8ef87613b5561f2ac51.jpg",
		"https://recipe1.ezmember.co.kr/cache/recipe/2015/08/31/01e3bf7146393826e3021dc52deb03131.jpg",
		"https://recipe1.ezmember.co.kr/cache/recipe/2015/08/31/f4a7643b21a58b52ff0a74200b7862aa1.jpg",
		"https://recipe1.ezmember.co.kr/cache/recipe/2015/08/31/b642a43050398caaf7a327fa8690afe11.jpg",
		"https://recipe1.ezmember.co.kr/cache/recipe/2015/08/31/399452fc84a7b3809124b0c58773d4671.jpg"
	]
}