{
	"id": "1465882",
	"name": "대구뽈찜",
	"thumbnail": "https://recipe1.ezmember.co.kr/cache/recipe/2015/09/22/fb979b5dd1b22311301051ba2abba072.jpg",
	"url": "https://www.10000recipe.com/recipe/1465882",
	"ingredient_ids": [
		9,
		3,
		34,
		27,
		55,
		47,
		867,
		473,
		224,
		379,
		226,
		575,
		233,
		455,
		660
	],
	"time": "30",
	"ingre_list": [
		{
			"ingre_name": "대구뽈",
			"ingre_count": "",
			"ingre_unit": ""
		},
		{
			"ingre_name": "당근",
			"ingre_count": "",
			"ingre_unit": ""
		},
		{
			"ingre_name": "양파",
			"ingre_count": "",
			"ingre_unit": ""
		},
		{
			"ingre_name": "고추",
			"ingre_count": "",
			"ingre_unit": ""
		},
		{
			"ingre_name": "대파",
			"ingre_count": "",
			"ingre_unit": ""
		},
		{
			"ingre_name": "팽이버섯",
			"ingre_count": "",
			"ingre_unit": ""
		},
		{
			"ingre_name": "콩나물",
			"ingre_count": "",
			"ingre_unit": ""
		},
		{
			"ingre_name": "새우살",
			"ingre_count": "",
			"ingre_unit": ""
		},
		{
			"ingre_name": "고추장",
			"ingre_count": "",
			"ingre_unit": ""
		},
		{
			"ingre_name": "고춧가루",
			"ingre_count": "",
			"ingre_unit": ""
		},
		{
			"ingre_name": "간장",
			"ingre_count": "",
			"ingre_unit": ""
		},
		{
			"ingre_name": "설탕",
			"ingre_count": "",
			"ingre_unit": ""
		},
		{
			"ingre_name": "올리고당",
			"ingre_count": "",
			"ingre_unit": ""
		},
		{
			"ingre_name": "다진마늘",
			"ingre_count": "",
			"ingre_unit": ""
		},
		{
			"ingre_name": "생강가루",
			"ingre_count": "",
			"ingre_unit": ""
		},
		{
			"ingre_name": "후추",
			"ingre_count": "",
			"ingre_unit": ""
		},
		{
			"ingre_name": "참기름",
			"ingre_count": "",
			"ingre_unit": ""
		}
	],
	"recipe": [
		"1. 당근, 양파는 채를 썰고, 고추와 대파는 어슷썰고, 팽이버섯은 밑둥을 잘라 씻어서 준비합니다. 콩나물은 머리, 꼬리를 정리해서 준비합니다. 저는 그냥 깨끗이 씻어서 준비했어요.",
		"2. 양념장을 만듭니다.",
		"3. 냄비에 약간의 물을 담고, 양념장 반을 풀어 대구 뽈을 넣고 익힙니다.",
		"4. 익은 대구뽈은 건져내고 완성 접시에 담습니다.",
		"5. 대구를 건져낸 냄비에 새우살을 넣고",
		"6. 새우살이 익으면 준비한 채소와 콩나물을 넣으세요.",
		"7. 나머지 양념장을 넣고 골고루 섞은뒤",
		"8. 녹말가루를 개어 잘 섞어줍니다. 대구뽈 위에 찜을 한 채소를 올리고, 깨소금 뿌려 냅니다."
	],
	"recipe_img": [
		"https://recipe1.ezmember.co.kr/cache/recipe/2015/09/24/644f238a6491bc16f422e02c392276e01.jpg",
		"https://recipe1.ezmember.co.kr/cache/recipe/2015/09/24/f66f5035e95a685bc177a8b9bc0766151.jpg",
		"https://recipe1.ezmember.co.kr/cache/recipe/2015/09/24/33436fc52dc8a2a413b38aa82e8bed6f1.jpg",
		"https://recipe1.ezmember.co.kr/cache/recipe/2015/09/24/680490d657f8f38e7f01e8cfc13448391.jpg",
		"https://recipe1.ezmember.co.kr/cache/recipe/2015/09/24/225c2e3228ef2fe2948af61e051ef5121.jpg",
		"https://recipe1.ezmember.co.kr/cache/recipe/2015/09/24/0b80be179e6661df1907a2e0d753a1901.jpg",
		"https://recipe1.ezmember.co.kr/cache/recipe/2015/09/24/1d579e250268d70a8cadcacd1b992ec81.jpg",
		"https://recipe1.ezmember.co.kr/cache/recipe/2015/09/24/cff2eb63f53b4996a8e540ffd1e6b8861.jpg"
	]
}