{
	"id": "1475334",
	"name": "명절날 안 먹으면 섭섭한 쇠고기 동그랑땡",
	"thumbnail": "https://recipe1.ezmember.co.kr/cache/recipe/2015/10/28/4cee63c6e95f15d06f5130690b4ab059.jpg",
	"url": "https://www.10000recipe.com/recipe/1475334",
	"ingredient_ids": [
		9,
		22,
		27,
		846,
		233,
		497,
		225,
		660,
		234,
		219
	],
	"time": "30",
	"ingre_list": [
		{
			"ingre_name": "쇠고기다진것",
			"ingre_count": "300",
			"ingre_unit": "g"
		},
		{
			"ingre_name": "양파중간것",
			"ingre_count": "1/2",
			"ingre_unit": "개"
		},
		{
			"ingre_name": "당근",
			"ingre_count": "1/6",
			"ingre_unit": "개"
		},
		{
			"ingre_name": "피망",
			"ingre_count": "1/2",
			"ingre_unit": "개"
		},
		{
			"ingre_name": "대파",
			"ingre_count": "1/3",
			"ingre_unit": "대"
		},
		{
			"ingre_name": "청주",
			"ingre_count": "2",
			"ingre_unit": "큰술"
		},
		{
			"ingre_name": "다진마늘",
			"ingre_count": "1",
			"ingre_unit": "큰술"
		},
		{
			"ingre_name": "소금",
			"ingre_count": "0.",
			"ingre_unit": ".큰술"
		},
		{
			"ingre_name": "후춧가루",
			"ingre_count": "0.",
			"ingre_unit": ".큰술"
		},
		{
			"ingre_name": "생강즙이나가루",
			"ingre_count": "0.",
			"ingre_unit": ".큰술"
		},
		{
			"ingre_name": "참기름",
			"ingre_count": "1",
			"ingre_unit": "큰술"
		},
		{
			"ingre_name": "밀가루",
			"ingre_count": "",
			"ingre_unit": "적당량"
		},
		{
			"ingre_name": "달걀",
			"ingre_count": "2",
			"ingre_unit": "개"
		}
	],
	"recipe": [
		"1. 다진 쇠고기 300g는 먼저 청주 2를 넣고 잠시 재워줍니다. 전 쇠고기만 사용했는데 쇠고기와 돼지고기를 반반 같이 사용하셔도 좋습니다.",
		"2. 키친타올에 고기를 올리고, 꾹꾹 눌러가며 핏물을 말끔히 빼줍니다. 이렇게 미리 청주에 재워 핏물을 빼주면 누린내 없는 깔끔한 맛의 고기를 드실 수 있답니다.",
		"3. 양파, 피망, 당근, 대파는 잘게 다지고 볼에 핏물을 뺀 고기와 다진 야채들을 한데 넣고, 나머지 고기양념재료인 다진 마늘 1, 소금 0,3, 후춧가루 0.2, 생강즙이나 가루 0.2, 참기름 1을 넣고 팍팍 끈기 있게 치대줍니다.",
		"4. 치댄 반죽은 둥글 넙적하게 한입 크기로 모양을 만들고 밀가루 옷을 골고루 묻히고 밀가루가 뭉치지 않게 동그랑땡에 묻은 밀가루의 나머지 여분은 툭툭 털어 주세요.",
		"5. 밀가루 옷을 입힌 것을 달걀 푼 것에 담가줍니다. 이때 달걀에는 약간의 소금간만 해주시면 되어요.",
		"6. 달군 팬에 기름을 두르고 중불로 노릇하게 앞뒤로 지져주면 끝. 취향 따라서 동그랑땡을 싱겁게 만들고 양념간장을 곁들여서 내도 좋아요."
	],
	"recipe_img": [
		"https://recipe1.ezmember.co.kr/cache/recipe/2015/10/29/021e2a6074122b50cf05dfc8903212991.jpg",
		"https://recipe1.ezmember.co.kr/cache/recipe/2015/10/29/643ebdc8c5daf7bd3b821dcb72d0f6d71.jpg",
		"https://recipe1.ezmember.co.kr/cache/recipe/2015/10/29/6a47b4cd4eb656c630f631c2b97568661.jpg",
		"https://recipe1.ezmember.co.kr/cache/recipe/2015/10/29/831af2165972ee9ece9f0e8a50c727911.jpg",
		"https://recipe1.ezmember.co.kr/cache/recipe/2015/10/29/5a70d4d29a765cff96ee5d6ae9c96bfb1.jpg",
		"https://recipe1.ezmember.co.kr/cache/recipe/2015/10/29/766da8467478de91dbdf653868362eeb1.jpg"
	]
}