{
	"id": "1488486",
	"name": "든든한 밑반찬 멸치호두볶음",
	"thumbnail": "https://recipe1.ezmember.co.kr/cache/recipe/2015/09/07/bff60d861198c8b6296e1cba7b32f8c7.jpg",
	"url": "https://www.10000recipe.com/recipe/1488486",
	"ingredient_ids": [
		320,
		194,
		379,
		227,
		478,
		29,
		846
	],
	"time": "15",
	"ingre_list": [
		{
			"ingre_name": "멸치",
			"ingre_count": "",
			"ingre_unit": ""
		},
		{
			"ingre_name": "호두",
			"ingre_count": "",
			"ingre_unit": ""
		},
		{
			"ingre_name": "간장",
			"ingre_count": "",
			"ingre_unit": ""
		},
		{
			"ingre_name": "꿀",
			"ingre_count": "",
			"ingre_unit": ""
		},
		{
			"ingre_name": "흑설탕",
			"ingre_count": "",
			"ingre_unit": ""
		},
		{
			"ingre_name": "마늘",
			"ingre_count": "",
			"ingre_unit": ""
		},
		{
			"ingre_name": "청주",
			"ingre_count": "",
			"ingre_unit": ""
		},
		{
			"ingre_name": "고추가루",
			"ingre_count": "",
			"ingre_unit": ""
		}
	],
	"recipe": [
		"1. 기름기 없는 팬에 멸치를 바삭하게 볶아주세요.",
		"2. 호두는 전처리해서 사용하시면 되는데 혹시 전처리가 안됐다해도 이렇게 기름기 없는 팬에 한번 볶아주세요.",
		"3. 간장, 꿀, 흑설탕, 마늘, 청주, 고추가루. 이렇게 넣고 양념장을 끓여주세요. 멸치나 호두양에 따라 간장양이 달라지고요. 고추가루는 넣으셔도 되고 안넣으셔도 된답니다. 그리고 설탕을 사용하실때 흑설탕을 사용하시면 단맛도 내고 맛깔스러운 색깔도 내고 좋답니다~",
		"4. 양념장이 보글보글 끓으면 호두와 멸치를 넣어주세요.",
		"5. 휘리릭~ 볶아주기만 하면 끝."
	],
	"recipe_img": [
		"https://recipe1.ezmember.co.kr/cache/recipe/2015/09/07/f9e24044689181b54858c0c3fad0bb6b1.jpg",
		"https://recipe1.ezmember.co.kr/cache/recipe/2015/09/07/d7f27b42b32a5cf859681b59271e8b461.jpg",
		"https://recipe1.ezmember.co.kr/cache/recipe/2015/09/07/d1617090e86c5a2d89177e424eb5992a1.jpg",
		"https://recipe1.ezmember.co.kr/cache/recipe/2015/09/07/107c88ee1a1e7fec3d86e931250bc6dc1.jpg",
		"https://recipe1.ezmember.co.kr/cache/recipe/2015/09/07/a263dd53033e92e783ce1875aacf97f31.jpg"
	]
}