{
	"id": "1493974",
	"name": "가족을 위한 영양식 녹두전복죽",
	"thumbnail": "https://recipe1.ezmember.co.kr/cache/recipe/2015/09/07/18d39c1cf669250a8e42b1a51256c3a5.jpg",
	"url": "https://www.10000recipe.com/recipe/1493974",
	"ingredient_ids": [
		86,
		114,
		96,
		660,
		995
	],
	"time": "60",
	"ingre_list": [
		{
			"ingre_name": "전복",
			"ingre_count": "",
			"ingre_unit": ""
		},
		{
			"ingre_name": "녹두",
			"ingre_count": "",
			"ingre_unit": ""
		},
		{
			"ingre_name": "쌀",
			"ingre_count": "",
			"ingre_unit": ""
		},
		{
			"ingre_name": "참기름",
			"ingre_count": "",
			"ingre_unit": "약간"
		},
		{
			"ingre_name": "물",
			"ingre_count": "",
			"ingre_unit": ""
		}
	],
	"recipe": [
		"1. 녹두를 물에 충분히 불려주세요~ 급하게 사용하실때는 녹두만 미리 삶아서 사용하셔야 부드러운 녹두맛을 느낄수 있답니다.",
		"2. 쌀이나 찹쌀 중 편하신 재료 택해서 물에 불려주세요. 전 걍 맵쌀로 했네요. 찹쌀을 불려서 만들면 더 맛있답니다.",
		"3. 전복 크기가 작은지라 통째로 하나 넣고 나머진 모두 잘게 썰어주었어요. 그리고 내장은 따로 분리했다가 죽 끓일때 같이 넣어주셔야 된답니다.",
		"4. 숟가락으로 전복껍데기와 살을 분리한 다음 전복이빨을 제거해주면 되네요.",
		"5. 달구어진 팬에 참기름 두르고 손질된 전복을 넣고 달달달 볶아주세요~",
		"6. 전복이 익으면 불린쌀도 넣고 같이 볶아주세요.",
		"7. 불렸거나 미리 삶아놓은 녹두도 넣고 볶아주세요~",
		"8. 쌀알이 투명해질정도로 익었으면 물을 쌀의 3배이상 부어서 끓여주세요.",
		"9. 센불로 끓이다가 약한불로 은근하게 끓여주세요.",
		"10. 녹두가 부드러운 정도가 됐을때쯤 전복 내장을 넣어주시면 끝."
	],
	"recipe_img": [
		"https://recipe1.ezmember.co.kr/cache/recipe/2015/09/07/692b35c0f65637279250770eb48cfe901.jpg",
		"https://recipe1.ezmember.co.kr/cache/recipe/2015/09/07/a10edfa2b13a66b55c06c41e83b3bcfd1.jpg",
		"https://recipe1.ezmember.co.kr/cache/recipe/2015/09/07/3ac6b6d72ed8b235a78c9393c8679bff1.jpg",
		"https://recipe1.ezmember.co.kr/cache/recipe/2015/09/07/cc5965233d23c42d56df17006e30c16e1.jpg",
		"https://recipe1.ezmember.co.kr/cache/recipe/2015/09/07/ef904bc28db06820169f8d81d5a980261.jpg",
		"https://recipe1.ezmember.co.kr/cache/recipe/2015/09/07/56078c8679ffd7d0b4d4153aff8af7b61.jpg",
		"https://recipe1.ezmember.co.kr/cache/recipe/2015/09/07/bcd1421a09988a199d73604cb4d7edf71.jpg",
		"https://recipe1.ezmember.co.kr/cache/recipe/2015/09/07/e67f480a3f84702600a4b5b0cdd757f61.jpg",
		"https://recipe1.ezmember.co.kr/cache/recipe/2015/09/07/ad8cbe16da17afe5ef5b112790b5152a1.jpg",
		"https://recipe1.ezmember.co.kr/cache/recipe/2015/09/07/0e9b95bc7bb8e6a798f5c259aeae95721.jpg"
	]
}