{
	"id": "1496793",
	"name": "돼지등뼈찜 ",
	"thumbnail": "https://recipe1.ezmember.co.kr/cache/recipe/2015/10/23/f681ed4ecee97ea85d476dd3de864fce.jpg",
	"url": "https://www.10000recipe.com/recipe/1496793",
	"ingredient_ids": [
		15,
		5,
		9,
		56,
		295,
		3,
		3,
		224,
		226,
		225,
		350
	],
	"time": "2이상",
	"ingre_list": [
		{
			"ingre_name": "장",
			"ingre_count": "2",
			"ingre_unit": "큰술"
		},
		{
			"ingre_name": "통마늘",
			"ingre_count": "5~6개",
			"ingre_unit": "~개"
		},
		{
			"ingre_name": "깻잎",
			"ingre_count": "10",
			"ingre_unit": "장"
		},
		{
			"ingre_name": "감자",
			"ingre_count": "2",
			"ingre_unit": "개"
		},
		{
			"ingre_name": "당근",
			"ingre_count": "1/2",
			"ingre_unit": "개"
		},
		{
			"ingre_name": "느타리버섯",
			"ingre_count": "",
			"ingre_unit": "적당량"
		},
		{
			"ingre_name": "청양고추",
			"ingre_count": "2",
			"ingre_unit": "개"
		},
		{
			"ingre_name": "양파",
			"ingre_count": "1/2",
			"ingre_unit": "개"
		},
		{
			"ingre_name": "진간장3/4컵(종이컵)",
			"ingre_count": "3/4컵(종이컵)",
			"ingre_unit": "컵(종이컵)"
		},
		{
			"ingre_name": "양파",
			"ingre_count": "1/2",
			"ingre_unit": "개"
		},
		{
			"ingre_name": "고춧가루",
			"ingre_count": "5",
			"ingre_unit": "큰술"
		},
		{
			"ingre_name": "설탕",
			"ingre_count": "3",
			"ingre_unit": "큰술"
		},
		{
			"ingre_name": "요리당",
			"ingre_count": "2",
			"ingre_unit": "큰술"
		},
		{
			"ingre_name": "맛선생(쇠고기맛)",
			"ingre_count": "1",
			"ingre_unit": "큰술"
		},
		{
			"ingre_name": "후춧가루",
			"ingre_count": "",
			"ingre_unit": "조금"
		},
		{
			"ingre_name": "깨소금",
			"ingre_count": "",
			"ingre_unit": "조금"
		}
	],
	"recipe": [
		"1. 등뼈는 찬물에 2시간정도 담궈 핏물을 뺀다(중간중간 물을 갈아주세요) 핏물뺀 뼈를 압력밥솥에 물이 반정도 잠기게 넣고 된장과 마늘을넣고 삶아 뼈는 건져놓고 육수는 걸러둔다. (졸일때 사용할꺼랍니다)",
		"2. 감자와 당근은 큼직하게 썰어놓고 고추는 어슷썰고 버섯과 깻잎도 깨끗히 다듬은 씻는다. 양파 2개와 통마늘을 넣고 믹서에 갈아서 즙을내서 위의 양념재료를 참고해 양념을 해둔다음 삶아건져둔 뼈에 양념을 넣고 버무려둔다.",
		"3. 넓은 냄비나 전기팬에 뼈 삶은 육수를 3컵정도 부어주고 감자와 당근, 밤을 먼저넣고 뚜껑을 덥고 반정도 익힌다음 양념버무린 등뼈를 넣고 두껑닫고 한소큼 졸여준다.",
		"4. 자글자글 졸여지면 나머지 야채들을 넣고 골고루 섞어주고 살짝 볶아주고 마무리하면 됩니다."
	],
	"recipe_img": [
		"https://recipe1.ezmember.co.kr/cache/recipe/2015/10/29/0e2387643c4d9641eb8353fdc374ce461.jpg",
		"https://recipe1.ezmember.co.kr/cache/recipe/2015/10/29/23e96ed237f36f723017ebc434a0fef51.jpg",
		"https://recipe1.ezmember.co.kr/cache/recipe/2015/10/29/59d0f638d0090f4c2cf647bd7dfeda291.jpg",
		"https://recipe1.ezmember.co.kr/cache/recipe/2015/10/29/f8b99e2f04e9e8ffa37f682883e567ee1.jpg"
	]
}