{
	"id": "1515486",
	"name": "꽂게된장찌개 끓이기",
	"thumbnail": "https://recipe1.ezmember.co.kr/cache/recipe/2015/10/22/7d8bed1c0b9b306f1d0838366f008574.jpg",
	"url": "https://www.10000recipe.com/recipe/1515486",
	"ingredient_ids": [
		480,
		7,
		19,
		3,
		27,
		848,
		337
	],
	"time": "30",
	"ingre_list": [
		{
			"ingre_name": "꽃게",
			"ingre_count": "",
			"ingre_unit": ""
		},
		{
			"ingre_name": "애호박",
			"ingre_count": "",
			"ingre_unit": ""
		},
		{
			"ingre_name": "매운고추",
			"ingre_count": "",
			"ingre_unit": ""
		},
		{
			"ingre_name": "홍고추",
			"ingre_count": "",
			"ingre_unit": ""
		},
		{
			"ingre_name": "무",
			"ingre_count": "",
			"ingre_unit": ""
		},
		{
			"ingre_name": "양파",
			"ingre_count": "",
			"ingre_unit": ""
		},
		{
			"ingre_name": "대파",
			"ingre_count": "",
			"ingre_unit": ""
		},
		{
			"ingre_name": "된장",
			"ingre_count": "",
			"ingre_unit": ""
		},
		{
			"ingre_name": "들깨가루",
			"ingre_count": "",
			"ingre_unit": ""
		}
	],
	"recipe": [
		"1. 냉동꽃게는 먹기좋은 크기로 자르고 집게발도 먹기좋게 손질해서 준비해주었답니다. 무, 양파, 애호박, 고추, 대파는 먹기 좋게 썰어줍니다.",
		"2. 냄비에 무우먼저 넣고 끓여주다가 된장을 넣어주세요.",
		"3. 손질된 꽃게를 넣어주시고요. 보글보글 끓여주세요.",
		"4. 준비된 야채들을 넣어주시고 한번더 우르르 끓여주시고요.",
		"5. 들깨가루와 청량고추 다진것을 넣어줍니다.",
		"6. 불을끄고 송송썰은 파와 붉은고추 넣어주시면 끝."
	],
	"recipe_img": [
		"https://recipe1.ezmember.co.kr/cache/recipe/2015/10/26/5f5a6aff2c7d8b951023db421911b2ab1.jpg",
		"https://recipe1.ezmember.co.kr/cache/recipe/2015/10/26/53b124d2f20b62020948de9b0e37f5341.jpg",
		"https://recipe1.ezmember.co.kr/cache/recipe/2015/10/26/821a447c0e714bf312ce7ffde064c0c41.jpg",
		"https://recipe1.ezmember.co.kr/cache/recipe/2015/10/26/565a6fd76ac2485d7442c3a60e96da691.jpg",
		"https://recipe1.ezmember.co.kr/cache/recipe/2015/10/26/20dc2230c11df0524a4c7845588625e51.jpg",
		"https://recipe1.ezmember.co.kr/cache/recipe/2015/10/26/9d5df91e4da66d9a08228341a9ef1fa01.jpg"
	]
}