{
	"id": "1525724",
	"name": "크림치즈 쿠키",
	"thumbnail": "https://recipe1.ezmember.co.kr/cache/recipe/2015/08/30/0942fad0ceec80020093feb14d86baa7.jpg",
	"url": "https://www.10000recipe.com/recipe/1525724",
	"ingredient_ids": [
		373,
		208,
		226,
		198
	],
	"time": "60",
	"ingre_list": [
		{
			"ingre_name": "계란노른자",
			"ingre_count": "2",
			"ingre_unit": "개"
		},
		{
			"ingre_name": "박력분",
			"ingre_count": "140",
			"ingre_unit": "g"
		},
		{
			"ingre_name": "베이킹파우더",
			"ingre_count": "5",
			"ingre_unit": "g"
		},
		{
			"ingre_name": "크림치즈",
			"ingre_count": "160",
			"ingre_unit": "g"
		},
		{
			"ingre_name": "설탕",
			"ingre_count": "90",
			"ingre_unit": "g"
		},
		{
			"ingre_name": "버터",
			"ingre_count": "60",
			"ingre_unit": "g"
		}
	],
	"recipe": [
		"1. 볼에 실온에 둔 말랑한 크림치즈, 설탕, 녹여서 따스하게 만든 버터를 넣고 고무주걱으로 2분정도 섞어 준 다음, 계란 노른자를 하나씩 넣어가면서 골고루 핸드믹서기로 섞어서 주세요.",
		"2. 체에 쳐 둔 베이킹파우더, 박력분을 넣고 고무주걱으로 #자를 그리면서 가르듯이 섞어주세요.",
		"3. 반죽을 약 20g씩 분할해서 팬에 올리고 170도로 예열한 오븐에서 약 20분 정도 구워주세요. 바삭하게 구우실려면 5분정도 더 오븐에서 구워주세요.오븐"
	],
	"recipe_img": [
		"https://recipe1.ezmember.co.kr/cache/recipe/2015/08/31/9b233dc3ab00ad850da37e9249479f311.jpg",
		"https://recipe1.ezmember.co.kr/cache/recipe/2015/08/31/e039d3c59af786d3e52e238913fed1061.jpg",
		"https://recipe1.ezmember.co.kr/cache/recipe/2015/08/31/a367289d75b76a070ede3cee36f1b0011.jpg"
	]
}