{
	"id": "1526302",
	"name": "쫄깃한 표고버섯강정",
	"thumbnail": "https://recipe1.ezmember.co.kr/cache/recipe/2015/06/08/fdfb17a8b9d150865518e37b2e70fa8f.jpg",
	"url": "https://www.10000recipe.com/recipe/1526302",
	"ingredient_ids": [
		54,
		349,
		327,
		473,
		724,
		379,
		846,
		226
	],
	"time": "30",
	"ingre_list": [
		{
			"ingre_name": "표고버섯큰것",
			"ingre_count": "6",
			"ingre_unit": "개"
		},
		{
			"ingre_name": "양송이버섯",
			"ingre_count": "6",
			"ingre_unit": "개"
		},
		{
			"ingre_name": "국간장",
			"ingre_count": "1",
			"ingre_unit": "큰술"
		},
		{
			"ingre_name": "들기름",
			"ingre_count": "2",
			"ingre_unit": "큰술"
		},
		{
			"ingre_name": "녹말가루",
			"ingre_count": "3",
			"ingre_unit": "큰술"
		},
		{
			"ingre_name": "고추장",
			"ingre_count": "1.",
			"ingre_unit": ".큰술"
		},
		{
			"ingre_name": "케찹",
			"ingre_count": "1",
			"ingre_unit": "큰술"
		},
		{
			"ingre_name": "간장",
			"ingre_count": "0.",
			"ingre_unit": ".큰술"
		},
		{
			"ingre_name": "청주",
			"ingre_count": "1",
			"ingre_unit": "큰술"
		},
		{
			"ingre_name": "설탕",
			"ingre_count": "0.",
			"ingre_unit": ".큰술"
		},
		{
			"ingre_name": "물엿이나아가베시럽",
			"ingre_count": "3",
			"ingre_unit": "큰술"
		}
	],
	"recipe": [
		"1. 먼저 표고버섯 큰 것 6개는 한입크기로 먹기 좋게 2-4등분 해서 자르고 양송이 버섯도 같이 껍질을 까서 준비합니다. 양송이 버섯은 껍질만 까고 그대로, 표고버섯은 밑동을 자르고 물에 한번 헹궈 물기를 손으로 살살 짜주었어요. 표고버섯만 가지고 하셔도 좋아요.",
		"2. 버섯에 양념재료인 국간장 1, 들기름 2를 넣고 조물조물 전체적으로 밑양념을 하세요.",
		"3. 일회용 비닐에 녹말가루를 넣고 봉지 안에 양념한 버섯을 넣고 녹말가루가 전체적으로 묻도록 흔들어 주세요.",
		"4. 시간이 조금 지나면 이렇듯 촉촉하게 표고버섯의 겉면에 녹말가루가 자연스럽게 묻어날 거예요.",
		"5. 달군 튀김기름에 녹말가루를 입힌 버섯을 넣고 1차로 한번 튀기세요.",
		"6. 1차 튀김 온도는 약 160도로 하시고, 2번째 튀길때는 180도로 올려서 수분이 촉촉이 올라온 튀김을 많은 양을 넣고 또 한번 튀겨줍니다.",
		"7. 이것이 1차로 튀긴 것이고요.",
		"8. 그리고 이건 2차로 튀긴 것이랍니다.",
		"9. 양념소스재료를 한데 넣고 바글바글 끓이세요. 전 물엿을 넣어줬는데 아가베 시럽을 넣을 것이라면 당도가 다니 조금 줄여서 넣는 것이 좋을겁니다. 또한 매실청을 물엿과 반반씩 나눠서 넣어도 좋아요.",
		"10. 끓인 양념소스에 튀긴 버섯을 넣고 골고루 양념이 묻도록 버무려주면 끝."
	],
	"recipe_img": [
		"https://recipe1.ezmember.co.kr/cache/recipe/2015/09/04/b1a19fe838d135433cf39dc71a02ff411.jpg",
		"https://recipe1.ezmember.co.kr/cache/recipe/2015/09/04/5701eff2dae2f2524aadbdb0c1320aba1.jpg",
		"https://recipe1.ezmember.co.kr/cache/recipe/2015/09/04/7b6252ad4497cf056df3cc3d2fd6d52d1.jpg",
		"https://recipe1.ezmember.co.kr/cache/recipe/2015/09/04/8f50e3032c2e7a05c24497ac0acb41091.jpg",
		"https://recipe1.ezmember.co.kr/cache/recipe/2015/09/04/198c01aaa49755446f82ecfcb6f218991.jpg",
		"https://recipe1.ezmember.co.kr/cache/recipe/2015/09/04/99fe1613395bc0dfd91cf81fd9785b3c1.jpg",
		"https://recipe1.ezmember.co.kr/cache/recipe/2015/09/04/78b3f0514e5e151106fa75d091d805241.jpg",
		"https://recipe1.ezmember.co.kr/cache/recipe/2015/09/04/dd8be7202ca4496b9729a5b097819acb1.jpg",
		"https://recipe1.ezmember.co.kr/cache/recipe/2015/09/04/47bee2c5dfb842d5292dd9520c03ef6d1.jpg",
		"https://recipe1.ezmember.co.kr/cache/recipe/2015/09/04/b0b31bb25f35d4f8f470245562f9cb9d1.jpg"
	]
}