{
	"id": "1530904",
	"name": " 김이 모락모락 만두가 생각나는 계절~ 매콤한 김치만두 / 고기만두 만들기 ",
	"thumbnail": "https://recipe1.ezmember.co.kr/cache/recipe/2015/12/31/6f4172b42356611dccce894a02e10446.jpg",
	"url": "https://www.10000recipe.com/recipe/1530904",
	"ingredient_ids": [
		487,
		30,
		27,
		323,
		225,
		237,
		233,
		327,
		497,
		219,
		233,
		327,
		497,
		225,
		219
	],
	"time": "60",
	"ingre_list": [
		{
			"ingre_name": "시판찹쌀만두피",
			"ingre_count": "6",
			"ingre_unit": "개"
		},
		{
			"ingre_name": "신김치1+1/2포기",
			"ingre_count": "1+1/2",
			"ingre_unit": "포기"
		},
		{
			"ingre_name": "돼지고기",
			"ingre_count": "2",
			"ingre_unit": "근"
		},
		{
			"ingre_name": "숙주나물",
			"ingre_count": "",
			"ingre_unit": "적당량"
		},
		{
			"ingre_name": "당면1봉(20인분)",
			"ingre_count": "1봉(20인분)",
			"ingre_unit": "봉(인분)"
		},
		{
			"ingre_name": "부추",
			"ingre_count": "1/2",
			"ingre_unit": "단"
		},
		{
			"ingre_name": "대파",
			"ingre_count": "3",
			"ingre_unit": "뿌리"
		},
		{
			"ingre_name": "두부",
			"ingre_count": "2",
			"ingre_unit": "모"
		},
		{
			"ingre_name": "청양고춧가루섞은고춧가루",
			"ingre_count": "2",
			"ingre_unit": "큰술"
		},
		{
			"ingre_name": "후춧가루",
			"ingre_count": "",
			"ingre_unit": "적당히"
		},
		{
			"ingre_name": "고추기름",
			"ingre_count": "1",
			"ingre_unit": "큰술"
		},
		{
			"ingre_name": "다진마늘",
			"ingre_count": "1",
			"ingre_unit": "큰술"
		},
		{
			"ingre_name": "들기름",
			"ingre_count": "1",
			"ingre_unit": "큰술"
		},
		{
			"ingre_name": "소금",
			"ingre_count": "",
			"ingre_unit": "약간"
		},
		{
			"ingre_name": "달걀",
			"ingre_count": "2",
			"ingre_unit": "개"
		},
		{
			"ingre_name": "다진마늘",
			"ingre_count": "1",
			"ingre_unit": "큰술"
		},
		{
			"ingre_name": "들기름",
			"ingre_count": "1",
			"ingre_unit": "큰술"
		},
		{
			"ingre_name": "소금",
			"ingre_count": "",
			"ingre_unit": "약간"
		},
		{
			"ingre_name": "후춧가루",
			"ingre_count": "",
			"ingre_unit": "조금"
		},
		{
			"ingre_name": "달걀",
			"ingre_count": "2",
			"ingre_unit": "개"
		}
	],
	"recipe": [
		"1. 당면은 삶아건져 찬물에 헹구지말고 잘게 썰어 준비해두고, 숙주도 소금을 조금 넣고 삶아건져 잘게 썰어주세요. 두부는 보에싸서 수분을 빼주시구요.",
		"2. 위의 만두소 재료를 참고해 각각의 재료를 요렇게 준비해 봤어요. 김치 만두는 김치를 씻지말고 국물을 살짝 짜내고 더 많이 넣고 매콤하게 양념해주시면 되구요. 고기만두는 김치를 살짝 씻어서 고기를 듬뿍넣고 준비해 주시면 됩니다.",
		"3. 요렇게 각각의 만두소를 잘 치대어 반죽하면 됩니다.",
		"4. 만두피 주위를 삥둘러 미지근한 물이나..계란흰자를 바르고 오무려주시면 접착이 잘된답니다.",
		"5. 모양은 참 들쑥날쑥 배도 터지고 장난 아니지만 어쨌던 완성입니다.",
		"6. 요렇게 찜통에 넣고",
		"7. 잘 쪄주세요. 익은 만두를 접시에 올려주면 완성이랍니다."
	],
	"recipe_img": [
		"https://recipe1.ezmember.co.kr/cache/recipe/2015/12/31/5de522b9928a7a5c4546944d645189771.jpg",
		"https://recipe1.ezmember.co.kr/cache/recipe/2015/12/31/55995702bb32c5796cc70b0ee70193701.jpg",
		"https://recipe1.ezmember.co.kr/cache/recipe/2015/12/31/aa19c905c0742522a85a46d95ed341e61.jpg",
		"https://recipe1.ezmember.co.kr/cache/recipe/2015/12/31/90fceca0a38c29ec76a043d4708359ba1.jpg",
		"https://recipe1.ezmember.co.kr/cache/recipe/2015/12/31/d4296bc8e018f428333de74c38b3271f1.jpg",
		"https://recipe1.ezmember.co.kr/cache/recipe/2015/12/31/de21510b9e695c0946dcb0324452418c1.jpg",
		"https://recipe1.ezmember.co.kr/cache/recipe/2015/12/31/c2bf819a59d050dc90da1c21f3e3059d1.jpg"
	]
}