{
	"id": "1532752",
	"name": "표고버섯미역국",
	"thumbnail": "https://recipe1.ezmember.co.kr/cache/recipe/2015/06/08/1161f912a92f7e7f48ee072b89de06f7.jpg",
	"url": "https://www.10000recipe.com/recipe/1532752",
	"ingredient_ids": [
		53,
		233,
		660,
		349,
		995,
		497,
		225
	],
	"time": "60",
	"ingre_list": [
		{
			"ingre_name": "불린미역",
			"ingre_count": "2",
			"ingre_unit": "컵"
		},
		{
			"ingre_name": "표고버섯",
			"ingre_count": "5",
			"ingre_unit": "장"
		},
		{
			"ingre_name": "다진마늘",
			"ingre_count": "0.",
			"ingre_unit": ".큰술"
		},
		{
			"ingre_name": "참기름",
			"ingre_count": "1",
			"ingre_unit": "큰술"
		},
		{
			"ingre_name": "참치진국",
			"ingre_count": "3",
			"ingre_unit": "큰술"
		},
		{
			"ingre_name": "국간장",
			"ingre_count": "1",
			"ingre_unit": "큰술"
		},
		{
			"ingre_name": "물",
			"ingre_count": "10",
			"ingre_unit": "컵"
		},
		{
			"ingre_name": "소금",
			"ingre_count": "",
			"ingre_unit": "약간"
		},
		{
			"ingre_name": "후춧가루",
			"ingre_count": "",
			"ingre_unit": "약간"
		}
	],
	"recipe": [
		"1. 너무 얇지 않게 표고버섯의 모양을 살려서 잘라 주세요. 밑동의 아랫부분만 조금 잘라내고, 밑동도 오히려 진한 향을 내주고, 조리해서 먹으면 쫄깃하고 맛있어서 같이 요리에 사용해요.",
		"2. 물기가 적당히 촉촉한 불린 미역을 넣고 참기름 1, 다진 마늘 0.5, 국간장 1, 참치진국 3을 같이 넣고 미역이 부드러워질 때짜기 달달 볶으세요.",
		"3. 표고버섯 자른것도 같이 넣고 달달 볶으시고요.",
		"4. 이어서 물 10컵을 넣으세요.",
		"5. 푹~ 끓이세요.",
		"6. 끓이다가 중간에 불을 뭉근하게 줄이고 뚜껑을 닫거나 약간 비스듬히 해서 아주 구냥 푹푹 끓여줍니다. 미역국은 역시나 오랜 시간 푹 끓여줘야 맛납니다.",
		"7. 미역이 부들부들 국물이 맛있고 진하게 끓여지면,(시간으로는 약 30분~40분 정도) 마지막으로 소금으로 간을 하세요. 전 굵은 소금 밥숟가락으로 3분의 1정도? 그리고 후춧가루도 팍팍 쳐서 먹는답니다."
	],
	"recipe_img": [
		"https://recipe1.ezmember.co.kr/cache/recipe/2015/09/04/57821a1f61c7fd4a6eaf2819e1c620071.jpg",
		"https://recipe1.ezmember.co.kr/cache/recipe/2015/09/04/e5a3c7cca3ef484f11516cc3423c703b1.jpg",
		"https://recipe1.ezmember.co.kr/cache/recipe/2015/09/04/8858b3e1aba5babf66db532c7a52dd9e1.jpg",
		"https://recipe1.ezmember.co.kr/cache/recipe/2015/09/04/b30882da109f57e5948af4d97efcdcd31.jpg",
		"https://recipe1.ezmember.co.kr/cache/recipe/2015/09/04/ed1196059108d87e1736c458a16b0b271.jpg",
		"https://recipe1.ezmember.co.kr/cache/recipe/2015/09/04/a0a841ad7e3c9adf947db6feb9c1742b1.jpg",
		"https://recipe1.ezmember.co.kr/cache/recipe/2015/09/04/bda876f883d3e7b21a35e4b995526dba1.jpg"
	]
}