{
	"id": "1535583",
	"name": "바삭하게 씹히는 홍새우볶음 ",
	"thumbnail": "https://recipe1.ezmember.co.kr/cache/recipe/2015/09/04/cc0a83dd265c2f999c9cc22aea582132.jpg",
	"url": "https://www.10000recipe.com/recipe/1535583",
	"ingredient_ids": [
		228,
		473,
		224,
		660,
		843,
		233,
		226,
		575
	],
	"time": "10",
	"ingre_list": [
		{
			"ingre_name": "홍새우",
			"ingre_count": "80",
			"ingre_unit": "g"
		},
		{
			"ingre_name": "마요네즈",
			"ingre_count": "2",
			"ingre_unit": "Ts"
		},
		{
			"ingre_name": "고추장",
			"ingre_count": "2",
			"ingre_unit": "Ts"
		},
		{
			"ingre_name": "고춧가루",
			"ingre_count": "0.",
			"ingre_unit": ".Ts"
		},
		{
			"ingre_name": "참기름",
			"ingre_count": "",
			"ingre_unit": "조금"
		},
		{
			"ingre_name": "매실액",
			"ingre_count": "1",
			"ingre_unit": "Ts"
		},
		{
			"ingre_name": "다진마늘",
			"ingre_count": "1",
			"ingre_unit": "Ts"
		},
		{
			"ingre_name": "진간장",
			"ingre_count": "",
			"ingre_unit": "조금"
		},
		{
			"ingre_name": "설탕",
			"ingre_count": "1",
			"ingre_unit": "Ts"
		},
		{
			"ingre_name": "올리고당",
			"ingre_count": "",
			"ingre_unit": "약간"
		}
	],
	"recipe": [
		"1. 새우에 마요네즈를 넣고 살짝 버무려서 준비해주세요.",
		"2. 올리브유와 올리고당을 제외한 위의 재료들을 넣어주고 양념을 만들어 줍니다.",
		"3. 예열된 팬에 양념장을 넣고 먼저 살짝~~ 볶아 주시고요.",
		"4. 마요네즈에 버무려진 건홍새우를 넣어주세요.",
		"5. 그리고 달달달~~ 한번 볶아주시면 된답니다. 그리고 마지막에 올리고당을 넣고 단맛 조절해주시고, 깨도 찰찰 뿌려서 섞어 주세요."
	],
	"recipe_img": [
		"https://recipe1.ezmember.co.kr/cache/recipe/2015/09/04/9315b7f26034e19300ed94d41031ddae1.jpg",
		"https://recipe1.ezmember.co.kr/cache/recipe/2015/09/04/2ad16e0f380dbe9f50c13b08218e73c11.jpg",
		"https://recipe1.ezmember.co.kr/cache/recipe/2015/09/04/0bb2c53a776df78a74c10988321e478a1.jpg",
		"https://recipe1.ezmember.co.kr/cache/recipe/2015/09/04/c23bcb45287b94edb6716f76372afdf91.jpg",
		"https://recipe1.ezmember.co.kr/cache/recipe/2015/09/04/9acd258e2cc7c37412b3a495e0ee6b6f1.jpg"
	]
}