{
	"id": "1545881",
	"name": "상큼하고 달콤한 사과카레라이스",
	"thumbnail": "https://recipe1.ezmember.co.kr/cache/recipe/2015/09/26/b826331ac24176f93701689b5620fadd.jpg",
	"url": "https://www.10000recipe.com/recipe/1545881",
	"ingredient_ids": [
		9,
		5,
		158,
		995
	],
	"time": "30",
	"ingre_list": [
		{
			"ingre_name": "닭안심살",
			"ingre_count": "150",
			"ingre_unit": "g"
		},
		{
			"ingre_name": "당근",
			"ingre_count": "1/2",
			"ingre_unit": "개"
		},
		{
			"ingre_name": "양파(작은것)",
			"ingre_count": "1",
			"ingre_unit": "개"
		},
		{
			"ingre_name": "감자",
			"ingre_count": "1",
			"ingre_unit": "개"
		},
		{
			"ingre_name": "사과",
			"ingre_count": "1/2",
			"ingre_unit": "쪽"
		},
		{
			"ingre_name": "물",
			"ingre_count": "300",
			"ingre_unit": "ml"
		},
		{
			"ingre_name": "인델리달콤한맛마크니커리90g(없으시면그냥카레)",
			"ingre_count": "90g(없으시면 그냥 카레)",
			"ingre_unit": "g(없으시면 그냥 카레)"
		}
	],
	"recipe": [
		"1. 각 재료들은 알맞게 썰어주심 되구요. 감자는 미리 물에 담궈 전분기제거해주세요.",
		"2. 달구어진 냄비에 오일을 조금 두르고 닭안심살을 넣고 달달 볶아주세요. 감자, 양파, 당근을 넣고 볶아주세요. 분량의 물을 붓고 야채들이 익을때까지 끓여주세요.",
		"3. 야채들이 다 익었으면 불을 끄고 커리를 넣고 저어주며 풀어준뒤 다시 불에 올리고 끓이다가 마지막에 사과를 넣고 한소끔 끓여내면 끝이랍니다."
	],
	"recipe_img": [
		"https://recipe1.ezmember.co.kr/cache/recipe/2015/09/30/a8a442e59d40349cd244b98c339196701.jpg",
		"https://recipe1.ezmember.co.kr/cache/recipe/2015/09/30/56f026a378f5d8b08c12fb0ad1aa39fd1.jpg",
		"https://recipe1.ezmember.co.kr/cache/recipe/2015/09/30/52e3e93b12ff101c354cd100a5a05c001.jpg"
	]
}