{
	"id": "1548217",
	"name": "귀빠진 날 먹는 소고기 미역국",
	"thumbnail": "https://recipe1.ezmember.co.kr/cache/recipe/2015/10/27/1b7116e95183a4dbb74ce6d43f98ec21.jpg",
	"url": "https://www.10000recipe.com/recipe/1548217",
	"ingredient_ids": [
		660,
		233
	],
	"time": "30",
	"ingre_list": [
		{
			"ingre_name": "건미역",
			"ingre_count": "10",
			"ingre_unit": "g"
		},
		{
			"ingre_name": "소고기(국거리)",
			"ingre_count": "100",
			"ingre_unit": "g"
		},
		{
			"ingre_name": "생수5컵(1컵:200ml)",
			"ingre_count": "5컵(1컵: 200ml)",
			"ingre_unit": "컵(컵: ml)"
		},
		{
			"ingre_name": "참기름",
			"ingre_count": "1",
			"ingre_unit": "T"
		},
		{
			"ingre_name": "집간장",
			"ingre_count": "1",
			"ingre_unit": "T"
		},
		{
			"ingre_name": "다진마늘",
			"ingre_count": "1/2",
			"ingre_unit": "Ts"
		},
		{
			"ingre_name": "꽃소금1Ts(취향껏)",
			"ingre_count": "1Ts(취향껏)",
			"ingre_unit": "Ts(취향껏)"
		}
	],
	"recipe": [
		"1. 먼저 건미역을 30분 정도 물에 불립니다. 불리면 양이 7~10배 정도 늘어나니까 아주 조금만 불리세요. 위의 분량은 손으로 잡았을 때 반 줌도 채 안되는 양이니까 참고하세요.",
		"2. 불어난 미역은 몇 번 바락바락 주물러 씻어서 찬물에 헹궈서 물기를 빼요. 그리고 먹기좋은 크기로 잘라요. 요즘 미역은 깨끗하지만 혹시 불순물이 있으면 이때 제거해 주세요.",
		"3. 냄비에 참기름을 두르고 미역을 중간불에 타지않게 볶아요. 미역이 녹색빛을 띨 정도로 볶다가 소고기를 넣고 같이 볶아요.",
		"4. 소고기가 거의 다 익으면 물을 붓고 센불에 팔팔 끓여요. 15~20분 정도 팔팔 끓이다가 집간장과 소금으로 간을 하고 다진마늘도 넣은 후 한소끔 끓으면 중간불~약불로 낮춰서 10분 정도 뭉근한 불에 끓여요. 미역국은 국물이 뽀얗게 되도록 오래 끓여야 맛있어요.",
		"5. 부족한 간은 소금으로 취향껏 간을 맞추세요. 참고로 저는 집간장으로만 간을 하면 색이 너무 진해지고 소금으로만 간하면 미역국은 맛이 안나기 때문에 집간장 한 큰술과 꽃소금 한 작은술을 넣었어요."
	],
	"recipe_img": [
		"https://recipe1.ezmember.co.kr/cache/recipe/2015/10/29/f36d7569fa559a3d506a978b737c1a1e1.jpg",
		"https://recipe1.ezmember.co.kr/cache/recipe/2015/10/29/5115fea5f9c3fcbefbdaa2f7888b136f1.jpg",
		"https://recipe1.ezmember.co.kr/cache/recipe/2015/10/29/2e5c6ef276ba69b4a1b79faba56e9d991.jpg",
		"https://recipe1.ezmember.co.kr/cache/recipe/2015/10/29/45deb78cb87307ec72ade8e51691df9f1.jpg",
		"https://recipe1.ezmember.co.kr/cache/recipe/2015/10/29/092db76ce585dbafe1f321941e2022f01.jpg"
	]
}