{
	"id": "1551303",
	"name": "속이 든든해지는 두부 굴국",
	"thumbnail": "https://recipe1.ezmember.co.kr/cache/recipe/2015/10/26/875989c22d61f66574d1978cddb51867.jpg",
	"url": "https://www.10000recipe.com/recipe/1551303",
	"ingredient_ids": [
		323,
		82,
		29,
		497
	],
	"time": "30",
	"ingre_list": [
		{
			"ingre_name": "두부",
			"ingre_count": "1/2",
			"ingre_unit": "모"
		},
		{
			"ingre_name": "굴",
			"ingre_count": "1",
			"ingre_unit": "컵"
		},
		{
			"ingre_name": "마늘",
			"ingre_count": "1",
			"ingre_unit": "톨"
		},
		{
			"ingre_name": "새우젓국물",
			"ingre_count": "1",
			"ingre_unit": "T"
		},
		{
			"ingre_name": "소금",
			"ingre_count": "1/4",
			"ingre_unit": "T"
		}
	],
	"recipe": [
		"1. 굴은 소금을 조금 넣은후에 물을 채워서 가볍게 흔들어 씻어주세요.",
		"2. 두부 반모는 깍둑썰기 해주시고 마늘은 다지거나 또는 채썰어주셔도 되어요.",
		"3. 물 4컵을 미리 끓여주시고 새우젓 국물을 넣어주세요.",
		"4. 두부를 먼저 넣고 다진 마늘을 넣고 소금, 굴을 넣어주세요.",
		"5. 파도 썰어서 넣어주시고 불을 끄면 되어요. 굴은 너무 오래 익히면 질겨지고 맛이 없어요. 한 소끔만 끓여주세요."
	],
	"recipe_img": [
		"https://recipe1.ezmember.co.kr/cache/recipe/2015/10/26/68878289a2e9218dd977555c9a17683b1.jpg",
		"https://recipe1.ezmember.co.kr/cache/recipe/2015/10/26/d21d93d3fa16faee4502fc98fd25614b1.jpg",
		"https://recipe1.ezmember.co.kr/cache/recipe/2015/10/26/c295d9c24a37d21805273928c90536b71.jpg",
		"https://recipe1.ezmember.co.kr/cache/recipe/2015/10/26/a9523baa18cc0da67a9cfc2eacfb0dfb1.jpg",
		"https://recipe1.ezmember.co.kr/cache/recipe/2015/10/26/a22e8dc7b56918739150e0daa1b537b81.jpg"
	]
}