{
	"id": "1551281",
	"name": "생굴무침",
	"thumbnail": "https://recipe1.ezmember.co.kr/cache/recipe/2015/08/31/10fe07b8cc9581e10f90303a9b60af24.jpg",
	"url": "https://www.10000recipe.com/recipe/1551281",
	"ingredient_ids": [
		187,
		142,
		20,
		350,
		233,
		333,
		497
	],
	"time": "30",
	"ingre_list": [
		{
			"ingre_name": "생굴",
			"ingre_count": "200",
			"ingre_unit": "g"
		},
		{
			"ingre_name": "밤",
			"ingre_count": "3",
			"ingre_unit": "톨"
		},
		{
			"ingre_name": "배",
			"ingre_count": "1/2",
			"ingre_unit": "개"
		},
		{
			"ingre_name": "미나리",
			"ingre_count": "50",
			"ingre_unit": "g"
		},
		{
			"ingre_name": "고추가루1+1/2큰술",
			"ingre_count": "1+1/2",
			"ingre_unit": "큰술"
		},
		{
			"ingre_name": "생강즙(생강분말)",
			"ingre_count": "1",
			"ingre_unit": "작은술"
		},
		{
			"ingre_name": "깨소금",
			"ingre_count": "1/2",
			"ingre_unit": "큰술"
		},
		{
			"ingre_name": "다진마늘",
			"ingre_count": "1/2",
			"ingre_unit": "작은술"
		},
		{
			"ingre_name": "멸치액젓",
			"ingre_count": "1/2",
			"ingre_unit": "큰술"
		},
		{
			"ingre_name": "소금",
			"ingre_count": "",
			"ingre_unit": "조금"
		}
	],
	"recipe": [
		"1. 미나리는 줄기만 다듬어서 3~4cm 길이로 자릅니다. 밤은 껍질을 벗겨내고 채를 썰어 놓습니다. 배 역시 껍질을 벗기고 채를 썰어 준비합니다.",
		"2. 생굴은 채에 담아 연한 소금물에 살살 흔들어 씻어 놓습니다.",
		"3. 양념장을 준비합니다. 분량의 재료들로 양념장을 만듭니다.",
		"4. 그릇에 준비된 재료들을 모두 담고 무침 양념으로 가볍게 버무립니다."
	],
	"recipe_img": [
		"https://recipe1.ezmember.co.kr/cache/recipe/2015/08/31/aeba5770a72e71a0108a0e7d74db44881.jpg",
		"https://recipe1.ezmember.co.kr/cache/recipe/2015/08/31/c760430391886daaeb21d0a4d41999321.jpg",
		"https://recipe1.ezmember.co.kr/cache/recipe/2015/08/31/582cf2275276aa3f1362659f510ed6871.jpg",
		"https://recipe1.ezmember.co.kr/cache/recipe/2015/08/31/520bc71e398b516a43d7b37f8a3e8dcb1.jpg"
	]
}