{
	"id": "1554065",
	"name": "쉽고 간단한요리 꽃빵과 찰떡궁합인 고추잡채",
	"thumbnail": "https://recipe1.ezmember.co.kr/cache/recipe/2015/09/26/a5e961215684d680e9b5408507ca6ac3.jpg",
	"url": "https://www.10000recipe.com/recipe/1554065",
	"ingredient_ids": [],
	"time": "30",
	"ingre_list": [],
	"recipe": [
		"1. 요거이 꽃빵이예요. 꽃빵은 찜기에 미리 넣어줬구요.",
		"2. 야채는 썰어주세요.",
		"3. 채썬 마늘로 올리브류에 향을 먼저 내줬구요.",
		"4. 살짝 익혀준 돼지고기를 마늘향이 배게 넣어서 볶아요.",
		"5. 양파와 버섯을 넣고 살짝 볶아요.",
		"6. 굴소스 1T, 간장 1/2T, 청주, 후주를 넣고 간해줍니다.",
		"7. 그리고 내기전에 고추넣고 살짝 볶아주면 끝."
	],
	"recipe_img": [
		"https://recipe1.ezmember.co.kr/cache/recipe/2015/09/30/5d5bb569263544454f490737f3bbf65c1.jpg",
		"https://recipe1.ezmember.co.kr/cache/recipe/2015/09/30/55835b4dd286bee424fafb2c3193c4d11.jpg",
		"https://recipe1.ezmember.co.kr/cache/recipe/2015/09/30/88086f5817d5d58487b130343bd051b61.jpg",
		"https://recipe1.ezmember.co.kr/cache/recipe/2015/09/30/e3eec5306521637668660a26339608eb1.jpg",
		"https://recipe1.ezmember.co.kr/cache/recipe/2015/09/30/722e9e5aee279698fcf3d6f5a5a23c6b1.jpg",
		"https://recipe1.ezmember.co.kr/cache/recipe/2015/09/30/6f968013233f511b540b030c201e7ccd1.jpg",
		"https://recipe1.ezmember.co.kr/cache/recipe/2015/09/30/ade9216857f12b7b3e56fc828cc1b0b71.jpg"
	]
}