{
	"id": "1555386",
	"name": "뜨끈한 초간단 어묵탕",
	"thumbnail": "https://recipe1.ezmember.co.kr/cache/recipe/2015/10/22/ab5a523a37bf13d733b03cea085ae7cc.jpg",
	"url": "https://www.10000recipe.com/recipe/1555386",
	"ingredient_ids": [
		3,
		9,
		29,
		27,
		971,
		90,
		349,
		225
	],
	"time": "30",
	"ingre_list": [
		{
			"ingre_name": "환공어묵",
			"ingre_count": "",
			"ingre_unit": ""
		},
		{
			"ingre_name": "유부동",
			"ingre_count": "",
			"ingre_unit": ""
		},
		{
			"ingre_name": "양파",
			"ingre_count": "",
			"ingre_unit": ""
		},
		{
			"ingre_name": "당근",
			"ingre_count": "",
			"ingre_unit": ""
		},
		{
			"ingre_name": "마늘",
			"ingre_count": "",
			"ingre_unit": ""
		},
		{
			"ingre_name": "대파",
			"ingre_count": "",
			"ingre_unit": ""
		},
		{
			"ingre_name": "",
			"ingre_count": "",
			"ingre_unit": ""
		},
		{
			"ingre_name": "국멸치",
			"ingre_count": "",
			"ingre_unit": ""
		},
		{
			"ingre_name": "다시마",
			"ingre_count": "",
			"ingre_unit": ""
		},
		{
			"ingre_name": "참새우",
			"ingre_count": "",
			"ingre_unit": ""
		},
		{
			"ingre_name": "국간장",
			"ingre_count": "",
			"ingre_unit": "약간"
		},
		{
			"ingre_name": "후춧가루",
			"ingre_count": "",
			"ingre_unit": "약간"
		}
	],
	"recipe": [
		"1. 일단 어묵을 준비 합니다. 유부동도 몇개 준비해 주시구요.",
		"2. 디포리, 국멸치, 참새우, 다시마를 넣고 육수를 내줍니다. 요 육수만 있으면 그 어떤 찌개나 국도 조미료 없이 맛이 납니다. 육수에 양파, 당근, 대파 약간 넣고 잘라 놓은 어묵 넣고 보글보글 끓여 주면 됩니다.",
		"3. 국간장이나 소금으로 간을 약간 해도 되구요. 후추가루 솔솔 뿌려 주세요."
	],
	"recipe_img": [
		"https://recipe1.ezmember.co.kr/cache/recipe/2015/10/29/6366e404ed540cf1551ba9cd370b103d1.jpg",
		"https://recipe1.ezmember.co.kr/cache/recipe/2015/10/29/3154a22cbc9c1f39bae39af884c5346b1.jpg",
		"https://recipe1.ezmember.co.kr/cache/recipe/2015/10/29/d2950d4b655bc0c946da91bce36feb2c1.jpg"
	]
}