{
	"id": "1577992",
	"name": "호두가 씹히는 고소하고 매콤한 소고기볶음 고추장",
	"thumbnail": "https://recipe1.ezmember.co.kr/cache/recipe/2015/09/22/5471573938864d4a826b6d09b1895d6d.jpg",
	"url": "https://www.10000recipe.com/recipe/1577992",
	"ingredient_ids": [
		495,
		473,
		3,
		194,
		473,
		290,
		29,
		660
	],
	"time": "30",
	"ingre_list": [
		{
			"ingre_name": "소고기",
			"ingre_count": "",
			"ingre_unit": ""
		},
		{
			"ingre_name": "고추장",
			"ingre_count": "",
			"ingre_unit": ""
		},
		{
			"ingre_name": "양파",
			"ingre_count": "",
			"ingre_unit": ""
		},
		{
			"ingre_name": "호두",
			"ingre_count": "",
			"ingre_unit": ""
		},
		{
			"ingre_name": "고추장",
			"ingre_count": "",
			"ingre_unit": ""
		},
		{
			"ingre_name": "깨",
			"ingre_count": "",
			"ingre_unit": ""
		},
		{
			"ingre_name": "오일",
			"ingre_count": "",
			"ingre_unit": ""
		},
		{
			"ingre_name": "매실엑기스",
			"ingre_count": "",
			"ingre_unit": ""
		},
		{
			"ingre_name": "다시다",
			"ingre_count": "",
			"ingre_unit": "약간"
		},
		{
			"ingre_name": "마늘",
			"ingre_count": "",
			"ingre_unit": ""
		},
		{
			"ingre_name": "참기름",
			"ingre_count": "",
			"ingre_unit": ""
		},
		{
			"ingre_name": "후추가루",
			"ingre_count": "",
			"ingre_unit": ""
		}
	],
	"recipe": [
		"1. 소고기는 먹기 좋은 크기로 적당히 잘라준다. 대부분 갈은 고기를 사오면 된다.",
		"2. 양파도 잘게 잘라준다. 양파는 오래 두고 먹을거면 넣지 않는게 좋다. 물도 생기도 금새 맛이 변해 버리기 때문에 금방 먹을 양만 할때 넣으면 좋다.",
		"3. 고기와 양파에 마늘, 후추가루, 참기름, 매실엑기스, 다시다 를 넣고 조물조물 양념을 해놓는다. 한 30분정도 미리 해뒀다.",
		"4. 호두도 준비한다. 호두가 없으면 땅콩이나 다른 견과류를 넣어도 된다.",
		"5. 양념한 고기에 기름을 두르고 고기가 익을 만큼 볶아주고 고추장의 양은 원하는 만큼 고추장을 넣어준다.",
		"6. 은근한 불로 양파 물이 다 쫄아들때까지 볶아준다. 너무 쌘불로 하면 고추장이 타버리려서 쓴맛이 나니까 적당한 불로 은근히 호두도 중간에 넣어서 같이 볶아주면 된다.",
		"7. 마지막으로 깨도 송송 뿌려서 마무리 한다."
	],
	"recipe_img": [
		"https://recipe1.ezmember.co.kr/cache/recipe/2015/09/22/6e7d21454133e4709d6be206758bcd7d1.jpg",
		"https://recipe1.ezmember.co.kr/cache/recipe/2015/09/22/546b042167f56110a6040ffdc680fc7d1.jpg",
		"https://recipe1.ezmember.co.kr/cache/recipe/2015/09/22/cbc8cd386c8a1df275103a3fb0b574ce1.jpg",
		"https://recipe1.ezmember.co.kr/cache/recipe/2015/09/22/e95e2cc956a19981c7b5e1607fb74dfa1.jpg",
		"https://recipe1.ezmember.co.kr/cache/recipe/2015/09/22/4a6d34dc6d5e921ec13db78e3f9160d71.jpg",
		"https://recipe1.ezmember.co.kr/cache/recipe/2015/09/22/e59f8afa385979e69677e37f537141431.jpg",
		"https://recipe1.ezmember.co.kr/cache/recipe/2015/09/22/7d6e94a321835b8643a7622615cf4e661.jpg"
	]
}