{
	"id": "1577013",
	"name": "겨울이 제철-파래무침",
	"thumbnail": "https://recipe1.ezmember.co.kr/cache/recipe/2015/06/08/58eb7813412c983e2b664e52e84b10f7.jpg",
	"url": "https://www.10000recipe.com/recipe/1577013",
	"ingredient_ids": [
		92,
		19,
		497,
		29,
		231,
		226,
		290
	],
	"time": "30",
	"ingre_list": [
		{
			"ingre_name": "파래",
			"ingre_count": "",
			"ingre_unit": ""
		},
		{
			"ingre_name": "무",
			"ingre_count": "",
			"ingre_unit": ""
		},
		{
			"ingre_name": "파",
			"ingre_count": "",
			"ingre_unit": ""
		},
		{
			"ingre_name": "소금",
			"ingre_count": "",
			"ingre_unit": ""
		},
		{
			"ingre_name": "마늘",
			"ingre_count": "",
			"ingre_unit": ""
		},
		{
			"ingre_name": "조미료",
			"ingre_count": "",
			"ingre_unit": ""
		},
		{
			"ingre_name": "식초",
			"ingre_count": "",
			"ingre_unit": ""
		},
		{
			"ingre_name": "설탕",
			"ingre_count": "",
			"ingre_unit": ""
		},
		{
			"ingre_name": "깨",
			"ingre_count": "",
			"ingre_unit": ""
		}
	],
	"recipe": [
		"1. 파래는 물에 3~4번 깨끗하게 씻어낸다. 씻기가 쉽지 않은 과정이다. 씻으면서 작은 돌맹이나 조개 껍데기 같은게 나오는 경우도 있는데 대부분 요즘 파는건 깨끗하게 씻어 나오는것 같다.",
		"2. 씻은 파래는 채에 받쳐 물을 빼주고 손으로 꼬옥 다시 한번 물기를 빼준다.",
		"3. 무는 채를 썰어서 준비한다. 너무 얇게 썰으면 지저분해 지는것 같아 난 적당하게 하는 편",
		"4. 맛을 볼때 식초와 설탕을 좀 넉넉히 해서 먹는다. 아무래도 파래는 새콤달콤한게 맛이니까 ^^ 취향에 따라 고추가루를 아주 살짝 넣어도 된다.빨갛게 무치는게 아니라 그냥 넣었다 할 정도만 ^^;;;"
	],
	"recipe_img": [
		"https://recipe1.ezmember.co.kr/cache/recipe/2016/08/12/00669e12fb0536c8460d81c6788983811.jpg"
	]
}