{
	"id": "1587429",
	"name": "콩나물국",
	"thumbnail": "https://recipe1.ezmember.co.kr/cache/recipe/2015/07/27/6b6f795d2600222a0f94e7435c5eb26f.jpg",
	"url": "https://www.10000recipe.com/recipe/1587429",
	"ingredient_ids": [
		47,
		233,
		282,
		505,
		295
	],
	"time": "15",
	"ingre_list": [
		{
			"ingre_name": "콩나물",
			"ingre_count": "200",
			"ingre_unit": "g"
		},
		{
			"ingre_name": "다시마육수",
			"ingre_count": "4",
			"ingre_unit": "컵"
		},
		{
			"ingre_name": "다진마늘",
			"ingre_count": "1",
			"ingre_unit": "작은술"
		},
		{
			"ingre_name": "굵은소금",
			"ingre_count": "",
			"ingre_unit": "조금"
		},
		{
			"ingre_name": "실파",
			"ingre_count": "",
			"ingre_unit": "조금"
		},
		{
			"ingre_name": "청양고추",
			"ingre_count": "",
			"ingre_unit": "조금"
		},
		{
			"ingre_name": "다시마작은것",
			"ingre_count": "2",
			"ingre_unit": "장"
		}
	],
	"recipe": [
		"1. 냄비에 물 5컵에 다시마 작은 것 2장을 넣고 5분정도 끓여 다시마 육수 5컵 분량을 만듭니다.멸치육수를 사용해도 되지만 멸치육수는 맑은 콩나물국을 표현하지 못합니다.",
		"2. 콩나물은 깨끗이 씻어 물기를 빼구요.",
		"3. 냄비에 다시마 육수를 넣고 끓기 전에 콩나물을 넣어 끓입니다.",
		"4. 콩나물국이 끓으면 미리 준비한 청양고추와 잘게 썬 대파. 다진 마늘을 넣고. 굵은 소금으로 간을 맞추고 한소꿈 끓여 불에서 내립니다. 굵은 소금으로 간을 맞추면 더 개운한 콩나물국이 된답니다.",
		"5. 콩나물국의 시원함... 맑은 국물이 표현하고 있습니다.",
		"6. 시원한 콩나물국이 드시고 싶다면~~ 콩나물국을 식힌 다음 밀폐용기에 담습니다.냉동고에 약 2시간 정도 모셔 놓습니다.",
		"7. 2시간 후... 살얼음이 살짝 내려앉았습니다.살얼음이 살짝 얼은 상태에서 먹어야 콩나물의 제 맛을 즐길 수 있습니다"
	],
	"recipe_img": [
		"https://recipe1.ezmember.co.kr/cache/recipe/2015/07/29/7852f758fa2ffb8d7cb205a7a91ba60e1.jpg",
		"https://recipe1.ezmember.co.kr/cache/recipe/2015/07/29/e28abf47333af3c3bca3c89331950ef81.jpg",
		"https://recipe1.ezmember.co.kr/cache/recipe/2015/07/29/c359c63e9f3ef4478073f0b19ebb579b1.jpg",
		"https://recipe1.ezmember.co.kr/cache/recipe/2015/07/29/4d9187be4bb48d71bdc99230e6c34a4d1.jpg",
		"https://recipe1.ezmember.co.kr/cache/recipe/2015/07/29/fedae5780554867c5002be544c00f7a21.jpg",
		"https://recipe1.ezmember.co.kr/cache/recipe/2015/07/29/ad9ec418aea53b9b371931b8fa4448551.jpg",
		"https://recipe1.ezmember.co.kr/cache/recipe/2015/07/29/2bb266f5ebc325ae74d367cd6300a8ee1.jpg"
	]
}