{
	"id": "1588208",
	"name": "골뱅이무침보다 쫄깃한 소라무침",
	"thumbnail": "https://recipe1.ezmember.co.kr/cache/recipe/2015/06/08/b3bdc8e8bc2348b7150363c1366a2046.jpg",
	"url": "https://www.10000recipe.com/recipe/1588208",
	"ingredient_ids": [
		437,
		473,
		224,
		233,
		226,
		231,
		660,
		497,
		543
	],
	"time": "30",
	"ingre_list": [
		{
			"ingre_name": "소라",
			"ingre_count": "2",
			"ingre_unit": "개"
		},
		{
			"ingre_name": "고추장",
			"ingre_count": "2",
			"ingre_unit": "큰술"
		},
		{
			"ingre_name": "고춧가루",
			"ingre_count": "1",
			"ingre_unit": "큰술"
		},
		{
			"ingre_name": "다진마늘",
			"ingre_count": "1/2",
			"ingre_unit": "큰술"
		},
		{
			"ingre_name": "다진파",
			"ingre_count": "1",
			"ingre_unit": "큰술"
		},
		{
			"ingre_name": "설탕",
			"ingre_count": "2",
			"ingre_unit": "큰술"
		},
		{
			"ingre_name": "식초",
			"ingre_count": "2",
			"ingre_unit": "큰술"
		},
		{
			"ingre_name": "참기름",
			"ingre_count": "1",
			"ingre_unit": "큰술"
		},
		{
			"ingre_name": "소금",
			"ingre_count": "",
			"ingre_unit": "약간"
		},
		{
			"ingre_name": "통깨",
			"ingre_count": "1",
			"ingre_unit": "큰술"
		}
	],
	"recipe": [
		"1. 소라는 푹 잘 삶아서 먹기 좋게 썰어주세요.",
		"2. 양배추,오이,잔파,고추.양파를 넉넉하게 썰어주세요.",
		"3. 분량의 재료를 섞어 양념을 만들어 주세요.",
		"4. 소라, 야채, 양념을 넣고 골고루 버무려 주세요."
	],
	"recipe_img": []
}