{
	"id": "1589380",
	"name": "진한 사골 떡국",
	"thumbnail": "https://recipe1.ezmember.co.kr/cache/recipe/2015/09/30/41ac670a68c25e83c70d2f8d1646d1f5.jpg",
	"url": "https://www.10000recipe.com/recipe/1589380",
	"ingredient_ids": [
		9,
		233
	],
	"time": "30",
	"ingre_list": [
		{
			"ingre_name": "사골국물",
			"ingre_count": "",
			"ingre_unit": ""
		},
		{
			"ingre_name": "파",
			"ingre_count": "",
			"ingre_unit": ""
		},
		{
			"ingre_name": "떡국떡",
			"ingre_count": "",
			"ingre_unit": ""
		},
		{
			"ingre_name": "김가루",
			"ingre_count": "",
			"ingre_unit": ""
		},
		{
			"ingre_name": "당근",
			"ingre_count": "",
			"ingre_unit": ""
		},
		{
			"ingre_name": "지단",
			"ingre_count": "",
			"ingre_unit": ""
		},
		{
			"ingre_name": "다진마늘",
			"ingre_count": "",
			"ingre_unit": ""
		},
		{
			"ingre_name": "소금이나국간장",
			"ingre_count": "",
			"ingre_unit": "약간"
		}
	],
	"recipe": [
		"1. 떡국떡은 물에 넣고 불립니다.",
		"2. 김가루와 당근 계란 지단은 적당히 썰어 준비합니다.",
		"3. 사골국물을 끓입니다.",
		"4. 사골국이 끓기시작하면 대파와 마늘 다진것, 쌀떡 넣고 끓여주시면 됩니다. 간은 국간장이나 소금으로 간 맞추시면 됩니다. 떡국위에 준비한 고명을 올립니다."
	],
	"recipe_img": [
		"https://recipe1.ezmember.co.kr/cache/recipe/2015/09/30/687642aaeafdb3de8c6ff61a79af1e8c1.jpg",
		"https://recipe1.ezmember.co.kr/cache/recipe/2015/09/30/47ffa51a804107b195e168bd7476a44d1.jpg",
		"https://recipe1.ezmember.co.kr/cache/recipe/2015/09/30/66713e9f8ee0da5e60a388fcd3e528061.jpg",
		"https://recipe1.ezmember.co.kr/cache/recipe/2015/09/30/9b5c8c6c7e35e7b746c036e456bf656b1.jpg"
	]
}