{
	"id": "1591518",
	"name": "매콤달콤 쥐포무침 ",
	"thumbnail": "https://recipe1.ezmember.co.kr/cache/recipe/2015/09/14/471aa456e9589974a203f580a0aebf15.jpg",
	"url": "https://www.10000recipe.com/recipe/1591518",
	"ingredient_ids": [
		473,
		575,
		379,
		233,
		505,
		846,
		660
	],
	"time": "15",
	"ingre_list": [
		{
			"ingre_name": "동전쥐포",
			"ingre_count": "200",
			"ingre_unit": "g"
		},
		{
			"ingre_name": "고추장",
			"ingre_count": "2",
			"ingre_unit": "Ts"
		},
		{
			"ingre_name": "매실액기스",
			"ingre_count": "1",
			"ingre_unit": "Ts"
		},
		{
			"ingre_name": "올리고당",
			"ingre_count": "1",
			"ingre_unit": "Ts"
		},
		{
			"ingre_name": "간장",
			"ingre_count": "1/2",
			"ingre_unit": "Ts"
		},
		{
			"ingre_name": "다진마늘",
			"ingre_count": "15",
			"ingre_unit": "g"
		},
		{
			"ingre_name": "실파",
			"ingre_count": "4",
			"ingre_unit": "뿌리"
		},
		{
			"ingre_name": "참깨",
			"ingre_count": "",
			"ingre_unit": "적당량"
		},
		{
			"ingre_name": "고추가루",
			"ingre_count": "2",
			"ingre_unit": "ts"
		},
		{
			"ingre_name": "청주",
			"ingre_count": "2",
			"ingre_unit": "ts"
		},
		{
			"ingre_name": "참기름",
			"ingre_count": "",
			"ingre_unit": "적당량"
		}
	],
	"recipe": [
		"1. 쥐포를 물에 담궈서 불려주시는게 아니구요. 살짝 물에 담궜다가 바로 빼내서 살짝 물만 머금게 해주세요. 쥐포가 얇고 부드러우면 그냥 이과정 안하셔도 되구요. 너무 딱딱하고 두껍다 싶으시면 요렇게 해주심 좀 덜 딱딱해져요.",
		"2. 모든양념재료를 그릇에 넣고 잘 섞어주세요. 그냥 다 넣고 휘리리릭~ 섞어만 주시면 끝이에요.",
		"3. 아주 살짝만 불려주신 쥐포에 양념장을 넣고 조물조물 무쳐주세요. 양념이 잘 베이도록 무쳐주시다가 양념장에도 2/3넣고 나머지는 요렇게 무치면서 실파를 넣어줬어요. 통깨도 솔솔 뿌려주시고요. 마지막에 참기름도 살짝 둘러주시고 마무리해주시면 쥐포무침이 완성되어요."
	],
	"recipe_img": [
		"https://recipe1.ezmember.co.kr/cache/recipe/2015/09/14/8b97af3bd33205a1d860e89a033c867f1.jpg",
		"https://recipe1.ezmember.co.kr/cache/recipe/2015/09/14/1d752f13c33256c7c9c1da81b8b2e7301.jpg",
		"https://recipe1.ezmember.co.kr/cache/recipe/2015/09/14/444c270a7b20c26514dd6d46201c365d1.jpg"
	]
}