{
	"id": "1592821",
	"name": "과메기조림 ",
	"thumbnail": "https://recipe1.ezmember.co.kr/cache/recipe/2015/09/23/eecd22ca7c017a84f5dfb668b48a48a4.jpg",
	"url": "https://www.10000recipe.com/recipe/1592821",
	"ingredient_ids": [
		800,
		643,
		29,
		543,
		292,
		575,
		224,
		225
	],
	"time": "30",
	"ingre_list": [
		{
			"ingre_name": "과메기",
			"ingre_count": "350",
			"ingre_unit": "g"
		},
		{
			"ingre_name": "홍고추",
			"ingre_count": "1",
			"ingre_unit": "개"
		},
		{
			"ingre_name": "풋고추",
			"ingre_count": "1",
			"ingre_unit": "개"
		},
		{
			"ingre_name": "마늘",
			"ingre_count": "4",
			"ingre_unit": "쪽"
		},
		{
			"ingre_name": "통깨",
			"ingre_count": "",
			"ingre_unit": "약간"
		},
		{
			"ingre_name": "진간장",
			"ingre_count": "3",
			"ingre_unit": "큰술"
		},
		{
			"ingre_name": "매실즙",
			"ingre_count": "1",
			"ingre_unit": "큰술"
		},
		{
			"ingre_name": "맛술",
			"ingre_count": "1",
			"ingre_unit": "큰술"
		},
		{
			"ingre_name": "올리고당",
			"ingre_count": "1",
			"ingre_unit": "큰술"
		},
		{
			"ingre_name": "고춧가루",
			"ingre_count": "1",
			"ingre_unit": "큰술"
		},
		{
			"ingre_name": "후춧가루",
			"ingre_count": "",
			"ingre_unit": "약간"
		}
	],
	"recipe": [
		"1. 과메기는 신선한 것으로 준비해 어슷 썰어 줍니다.",
		"2. 홍고추와 풋고추는 꼭지를 제거하고 어슷 썰어 주고 마늘은 껍질을 벗겨 씻은 후 편썰어 줍니다.",
		"3. 달군 프라이팬에 과메기를 넣어 볶아 줍니다. (달군 프라이팬에 과메기를 먼저 넣어서 볶아 주면 과메기의 비린맛을 제거할 수가 있어서 좋아요.)",
		"4. 홍고추와, 풋고추, 마늘을 넣어 함께 볶아 줍니다. 진간장, 매실즙, 맛술, 올리고당, 고춧가루를 넣어 조려 주다가 후춧가루를 넣어 고루 섞은 후 불에서 내려요."
	],
	"recipe_img": [
		"https://recipe1.ezmember.co.kr/cache/recipe/2015/09/23/f318ba5930015d7e85cb77e5c93e9be71.jpg",
		"https://recipe1.ezmember.co.kr/cache/recipe/2015/09/23/d8df5ee981586f2e948b347bac5918bd1.jpg",
		"https://recipe1.ezmember.co.kr/cache/recipe/2015/09/23/39682ebadb5906e0f977acc291edae241.jpg",
		"https://recipe1.ezmember.co.kr/cache/recipe/2015/09/23/e23c64e8490ebc9a81a704cbe8247e131.jpg"
	]
}