{
	"id": "1598611",
	"name": "식빵피자(NO! 오븐)",
	"thumbnail": "https://recipe1.ezmember.co.kr/cache/recipe/2015/09/21/2c4b4adf05af413656e0438621476866.jpg",
	"url": "https://www.10000recipe.com/recipe/1598611",
	"ingredient_ids": [],
	"time": "15",
	"ingre_list": [],
	"recipe": [
		"1. 스파게티 소스 남은거와 피자치즈, 돼지고기 양념했던것 남은거구워서 잘게 다졌어요.(양념 : 간장, 요리당 약간, 마늘, 배즙) 그리고 양파.",
		"2. 양파를 후라이팬에 포도씨유를 두른후에 볶다가 스파게티 소스를 넣어서 함께 볶아줘요.",
		"3. 토스트기에 식빵을 적당하게 구워내요.",
		"4. 바삭하게 구워낸 식빵위에 소스넣어 볶은 양파를 얹은후 고기를 약간 두르고 치즈를 뿌려준후에",
		"5. 약한불에 살짝 구워내어주시면 위의 치즈가 살짝녹을때 꺼내주시면 되요. 식빵이 탈까봐 걱정되시는분들은 후라이팬에 물을 약간 붓고 호일을 깐후에 그위에 구워내셔도 되고요."
	],
	"recipe_img": [
		"https://recipe1.ezmember.co.kr/cache/recipe/2015/09/30/8babef9c1fff50e40b097944993683621.jpg",
		"https://recipe1.ezmember.co.kr/cache/recipe/2015/09/30/f2185809a362eaa0bae88ab81893276b1.jpg",
		"https://recipe1.ezmember.co.kr/cache/recipe/2015/09/30/8035b24032c570e2d7275ef57054f4221.jpg",
		"https://recipe1.ezmember.co.kr/cache/recipe/2015/09/30/87b42fdc57ed35e123a4533213f5b12b1.jpg",
		"https://recipe1.ezmember.co.kr/cache/recipe/2015/09/30/2a4d5dfda1c1f68e8813c755e0deb2231.jpg"
	]
}