{
	"id": "1600875",
	"name": "된장을 풀어 더욱 진하고 구수한 사골 우거지탕",
	"thumbnail": "https://recipe1.ezmember.co.kr/cache/recipe/2015/09/21/f056466acf2002f488fc9e11ff2846e0.jpg",
	"url": "https://www.10000recipe.com/recipe/1600875",
	"ingredient_ids": [
		848,
		349,
		233,
		660,
		497,
		224,
		848
	],
	"time": "30",
	"ingre_list": [
		{
			"ingre_name": "사골국물",
			"ingre_count": "3",
			"ingre_unit": "컵"
		},
		{
			"ingre_name": "삶은배추",
			"ingre_count": "150~200g",
			"ingre_unit": "~g"
		},
		{
			"ingre_name": "된장",
			"ingre_count": "1",
			"ingre_unit": "큰술"
		},
		{
			"ingre_name": "국간장",
			"ingre_count": "0.",
			"ingre_unit": ".큰술"
		},
		{
			"ingre_name": "다진마늘",
			"ingre_count": "0.",
			"ingre_unit": ".큰술"
		},
		{
			"ingre_name": "다진파",
			"ingre_count": "0.",
			"ingre_unit": ".큰술"
		},
		{
			"ingre_name": "참기름",
			"ingre_count": "",
			"ingre_unit": "약간"
		},
		{
			"ingre_name": "소금",
			"ingre_count": "",
			"ingre_unit": "약간"
		},
		{
			"ingre_name": "후추",
			"ingre_count": "",
			"ingre_unit": "약간"
		},
		{
			"ingre_name": "고춧가루",
			"ingre_count": "0.",
			"ingre_unit": ".큰술"
		},
		{
			"ingre_name": "된장",
			"ingre_count": "1",
			"ingre_unit": "큰술"
		}
	],
	"recipe": [
		"1. 배추는 푸른잎 부분을 삶아서 살짝 데칩니다. 물기를 짠 우거지는 먹기좋은크기로 한번 썰어주세요.",
		"2. 우거지는 밑 양념을 합니다. 그래야 배추가 양념이 배어서 맛이 좋아요.",
		"3. 뽀얀 곰탕을 3컵 담고 양념한 우거지를 넣습니다. 그리고 된장을 1큰술 더 풀어줍니다. 그리고 고춧가루 0.5큰술을 넣어줍니다.",
		"4. 탕이 끓으면 다진마늘과, 고추를 넣어줍니다. 저 작은 고추 하나 썰어서 넣었는데 탕이 너무 매콤한듯하여 넣었다가 바로 뺐다죠.",
		"5. 간을 보시고 부족한 간은 소금으로 합니다. 그리고 대파를 넣어 마무리합니다."
	],
	"recipe_img": [
		"https://recipe1.ezmember.co.kr/cache/recipe/2015/09/22/add9792dc6e69ba6144fa91b594111b41.jpg",
		"https://recipe1.ezmember.co.kr/cache/recipe/2015/09/22/1d4c5717e211c1fbac191f128ba6516f1.jpg",
		"https://recipe1.ezmember.co.kr/cache/recipe/2015/09/22/19c157fbb6fd18de1525a06112a61d141.jpg",
		"https://recipe1.ezmember.co.kr/cache/recipe/2015/09/22/c21f85afefba9c81b90b221b6318209f1.jpg",
		"https://recipe1.ezmember.co.kr/cache/recipe/2015/09/22/9f1ac5a391d2e713dd8ea1619e4d27251.jpg"
	]
}