{
	"id": "1601110",
	"name": "안동찜닭",
	"thumbnail": "https://recipe1.ezmember.co.kr/cache/recipe/2015/09/21/7e245f227fda20b987e7d5d22d926144.jpg",
	"url": "https://www.10000recipe.com/recipe/1601110",
	"ingredient_ids": [
		3,
		9,
		302,
		1000,
		574,
		660,
		543,
		328,
		55,
		27,
		29,
		3,
		478,
		341,
		292,
		233
	],
	"time": "60",
	"ingre_list": [
		{
			"ingre_name": "닭1마리(750g)",
			"ingre_count": "1마리(750g)",
			"ingre_unit": "마리(g)"
		},
		{
			"ingre_name": "감자(중)",
			"ingre_count": "2",
			"ingre_unit": "개"
		},
		{
			"ingre_name": "양파",
			"ingre_count": "1/2",
			"ingre_unit": "개"
		},
		{
			"ingre_name": "당근",
			"ingre_count": "1/2",
			"ingre_unit": "개"
		},
		{
			"ingre_name": "당면",
			"ingre_count": "1",
			"ingre_unit": "줌"
		},
		{
			"ingre_name": "닭육수",
			"ingre_count": "3",
			"ingre_unit": "컵"
		},
		{
			"ingre_name": "올리브유",
			"ingre_count": "1",
			"ingre_unit": "T"
		},
		{
			"ingre_name": "참기름",
			"ingre_count": "",
			"ingre_unit": "약간"
		},
		{
			"ingre_name": "통깨",
			"ingre_count": "",
			"ingre_unit": "약간"
		},
		{
			"ingre_name": "단호박",
			"ingre_count": "1/6",
			"ingre_unit": "개"
		},
		{
			"ingre_name": "새송이",
			"ingre_count": "2",
			"ingre_unit": "개"
		},
		{
			"ingre_name": "팽이버섯",
			"ingre_count": "1",
			"ingre_unit": "단"
		},
		{
			"ingre_name": "대파",
			"ingre_count": "1",
			"ingre_unit": "줌"
		},
		{
			"ingre_name": "마늘",
			"ingre_count": "10",
			"ingre_unit": "쪽"
		},
		{
			"ingre_name": "대파(흰부분)",
			"ingre_count": "1",
			"ingre_unit": "대"
		},
		{
			"ingre_name": "양파",
			"ingre_count": "1/2",
			"ingre_unit": "개"
		},
		{
			"ingre_name": "진간장",
			"ingre_count": "2/3",
			"ingre_unit": "컵"
		},
		{
			"ingre_name": "흑설탕",
			"ingre_count": "2",
			"ingre_unit": "T"
		},
		{
			"ingre_name": "물엿",
			"ingre_count": "2",
			"ingre_unit": "T"
		},
		{
			"ingre_name": "맛술",
			"ingre_count": "2",
			"ingre_unit": "T"
		},
		{
			"ingre_name": "다진마늘",
			"ingre_count": "1",
			"ingre_unit": "Ts"
		},
		{
			"ingre_name": "매운건고추",
			"ingre_count": "5",
			"ingre_unit": "개"
		},
		{
			"ingre_name": "후추",
			"ingre_count": "",
			"ingre_unit": "약간"
		}
	],
	"recipe": [
		"1. 저처럼 포장된 닭을 사용하시면 자르거나 손질할 필요없이 그냥 찬물에 1시간 정도 담가 핏물을 빼고 씻어두세요.",
		"2. 그동안 당면은 30분 정도 찬물에 불리면 돼요.",
		"3. 그리고 찜닭에 들어갈 각종 야채를 깨끗이 씻어서 먹기좋게 자르고 감자, 당근, 단호박은 모서리를 둥글게 다듬어요. 모서리가 있으면 조리하는 동안 부서져서 국물이 탁해질까봐 다듬는 겁니다.",
		"4. 닭이 잠길 정도의 찬물에 양파 1/2개, 마늘 10쪽, 대파 한 대를 넣고 끓이다가",
		"5. 끓으면 닭을 넣고 데치세요.",
		"6. 물에 뿌옇게 불순물이 떠오를 때까지 데치면 됩니다. 오래 안걸려요. 몇 분이면 됩니다.",
		"7. 그리고 찬물에 닭을 헹궈주세요. 닭을 데친 물은 걸러서 육수로 사용할 거니까 버리지 마세요.",
		"8. 데친 닭은 팬에 올리브유를 두르고 겉면이 살짝 익을 정도로 굽고",
		"9. 여기에 감자,당근,단호박을 넣고 잠시만 볶아요. 단호박은 더 뒤에 넣으시는게 좋은데 전 그냥 같이 넣었어요.",
		"10. 분량의 재료로 만든 소스와 닭육수 3컵(600ml)을 넣고 끓이다가",
		"11. 반정도로 졸아들면 새송이버섯과 양파를 넣어요. 더욱 매운맛을 원하시면 소스에 들어가는 건고추가 매울수록 매콤한 안동찜닭이 됩니다. 씨도 같이 넣어야 더욱 매콤하니까 씨를 빼지마세요. 만약에 매운 건고추가 없다면 청양고추를 조금 넣어주세요. 그렇지만 매운 건고추를 넣는 것이 가장 좋습니다.",
		"12. 그리고 1/3 정도의 국물이 남으면 불린 당면을 넣고",
		"13. 당면이 거의 익어가면 팽이버섯, 시금치, 대파를 넣고 뒤적거려 마무리해요.",
		"14. 불을 끄고 참기름을 약간 두르고 참깨를 뿌리면 끝~"
	],
	"recipe_img": [
		"https://recipe1.ezmember.co.kr/cache/recipe/2015/09/30/9a98666e3826dd38b6081d3fa4fda2571.jpg",
		"https://recipe1.ezmember.co.kr/cache/recipe/2015/09/30/20f97ff20cafbe857b1bd6a283a05def1.jpg",
		"https://recipe1.ezmember.co.kr/cache/recipe/2015/09/30/2bf471f96d38cd82f04cd65e9318a0d51.jpg",
		"https://recipe1.ezmember.co.kr/cache/recipe/2015/09/30/55bf7e4c597abc129847fd5adfc61b251.jpg",
		"https://recipe1.ezmember.co.kr/cache/recipe/2015/09/30/8f91c8532c9b993127849a677957aae31.jpg",
		"https://recipe1.ezmember.co.kr/cache/recipe/2015/09/30/a0aa8aa27eb94039b1721fdcd9dc679e1.jpg",
		"https://recipe1.ezmember.co.kr/cache/recipe/2015/09/30/ba00db1c6fd17d3a4edc02fd95d79bea1.jpg",
		"https://recipe1.ezmember.co.kr/cache/recipe/2015/09/30/934dd7ab1fb3c7afb370dd7a7889d0d51.jpg",
		"https://recipe1.ezmember.co.kr/cache/recipe/2015/09/30/fdf82a6c2fbc75a5b0188edc86f751281.jpg",
		"https://recipe1.ezmember.co.kr/cache/recipe/2015/09/30/ad84d276f7ce7b8b1b5e96f3d37a31391.jpg",
		"https://recipe1.ezmember.co.kr/cache/recipe/2015/09/30/1ad6b26e0b16aff2f40b43b27ad6c8de1.jpg",
		"https://recipe1.ezmember.co.kr/cache/recipe/2015/09/30/add00304f288d82e4fad1b7fa6eedf641.jpg",
		"https://recipe1.ezmember.co.kr/cache/recipe/2015/09/30/b87a088f91038ae7b3cb8148c02cb4581.jpg",
		"https://recipe1.ezmember.co.kr/cache/recipe/2015/09/30/2beea1340a5c39cb05db1dcd154ee2f21.jpg"
	]
}