{
	"id": "1604199",
	"name": "간장게장보다 더 맛있는 간장새우장",
	"thumbnail": "https://recipe1.ezmember.co.kr/cache/recipe/2015/06/08/7f4c335241643022a210f7b13226b92b.jpg",
	"url": "https://www.10000recipe.com/recipe/1604199",
	"ingredient_ids": [
		643,
		29,
		379,
		995,
		846,
		292,
		226,
		28,
		857,
		134
	],
	"time": "30",
	"ingre_list": [
		{
			"ingre_name": "새우1kg(50~60마리정도)",
			"ingre_count": "1kg(50~60마리 정도)",
			"ingre_unit": "kg(~마리 정도)"
		},
		{
			"ingre_name": "양파중",
			"ingre_count": "1",
			"ingre_unit": "개"
		},
		{
			"ingre_name": "풋고추",
			"ingre_count": "6",
			"ingre_unit": "개"
		},
		{
			"ingre_name": "마늘",
			"ingre_count": "5",
			"ingre_unit": "톨"
		},
		{
			"ingre_name": "간장",
			"ingre_count": "2",
			"ingre_unit": "컵"
		},
		{
			"ingre_name": "물",
			"ingre_count": "3",
			"ingre_unit": "컵"
		},
		{
			"ingre_name": "청주",
			"ingre_count": "1/2",
			"ingre_unit": "컵"
		},
		{
			"ingre_name": "맛술",
			"ingre_count": "1/2",
			"ingre_unit": "컵"
		},
		{
			"ingre_name": "설탕",
			"ingre_count": "3",
			"ingre_unit": "스푼"
		},
		{
			"ingre_name": "생강",
			"ingre_count": "2",
			"ingre_unit": "톨"
		},
		{
			"ingre_name": "마른고추",
			"ingre_count": "1",
			"ingre_unit": "개"
		},
		{
			"ingre_name": "통후추",
			"ingre_count": "1/2",
			"ingre_unit": "스푼"
		},
		{
			"ingre_name": "레몬",
			"ingre_count": "1/2",
			"ingre_unit": "개"
		}
	],
	"recipe": [
		"1. 새우간장물 재료인 간장(2컵), 물(3컵), 청주(2분의 1컵), 맛술(2분의 1컵), 설탕(3), 생강(2톨), 마른고추(1개 분량), 통후추(0.5), 레몬(2분의 1개)를 넣고 간장을 팔팔 끓여주세요. 먼저 새우장을 만들겠다고 마음을 먹었다면 다음과 같이 간장을 달여놓아야 해요. 뜨거울 때 붓는것이 아닌, 간장물을 끓여서 식혀서 사용할거거든요. .보통 장아찌나 피클 만들듯이 뜨거울 때 간장물을 넣게되면 간장새우장이 아닌 새우간장탕국이 되어 버리니깐 조심하시고요.",
		"2. 싱싱한 새우는 씻어서 물기를 톡톡 빼주고, 긴 수염 부분만 다듬어서 준비합니다. 새우의 양은 1킬로 준비했어요~~~",
		"3. 보관할 용기에 씻어놓은 새우를 넣고, 그 위에 굵직하게 채 썬 양파와 2등분을 한 풋고추를 넣고, 마늘 5톨도 함께 넣고서",
		"4. 미리 끓여서 식혀 놓은 간장물을 붓기만 하면 끝. 이렇게 만들어진 간장새우장은 냉장고에 넣고서 하룻동안 보관하고",
		"5. 다음날 사진에서 보여지는 것처럼 간장만 쪽 따라서 냄비에 넣고 건더기만 이렇게 잠시 두고",
		"6. 간장만 따라낸 것은 한번 부르르르 끓이고 다시 충분히 간장물을 차게 식혀서 본래 새우에 다시 부어주면 끝. 하루이틀 지나서 한번 더 이 과정을 해주셔도 좋고요. 빨리 드실것이라면 이정도만 해주셔도 좋아요. 염도가 짜지 않아서 되도록이면 빨리 드시면 좋고요. 냉장고에 보관하기 보다는 김치냉장고에 보관하면 더욱 신선하게 드실 수 있답니다.",
		"7. 완성된 간장새우장. 새우장이 많이 짜지 않고 살도 연한 것이 느무 맛있네요."
	],
	"recipe_img": [
		"https://recipe1.ezmember.co.kr/cache/recipe/2015/10/16/97c174daa1a325422481a779123f452e1.jpg",
		"https://recipe1.ezmember.co.kr/cache/recipe/2015/10/16/3ea3398b2197be41209c104b00cb52131.jpg",
		"https://recipe1.ezmember.co.kr/cache/recipe/2015/10/16/26f76a475973a595cf30bb3f20c060d21.jpg",
		"https://recipe1.ezmember.co.kr/cache/recipe/2015/10/16/80a5d43a4540f0726afb21d417af77b61.jpg",
		"https://recipe1.ezmember.co.kr/cache/recipe/2015/10/16/b74904c066551015ea2954f8db09dd2b1.jpg",
		"https://recipe1.ezmember.co.kr/cache/recipe/2015/10/16/ad4c715689dc185f4eaadd6f0501b98f1.jpg",
		"https://recipe1.ezmember.co.kr/cache/recipe/2015/10/16/b6428b4a497841d4cd142cf31d2464171.jpg"
	]
}