{
	"id": "1607382",
	"name": "사랑가득 하트 파이 쿠키",
	"thumbnail": "https://recipe1.ezmember.co.kr/cache/recipe/2015/08/29/f87a4c2433b82f1f0ec46d9f14c900e6.jpg",
	"url": "https://www.10000recipe.com/recipe/1607382",
	"ingredient_ids": [
		198,
		546,
		497
	],
	"time": "120",
	"ingre_list": [
		{
			"ingre_name": "박력분",
			"ingre_count": "200",
			"ingre_unit": "g"
		},
		{
			"ingre_name": "차가운우유",
			"ingre_count": "40",
			"ingre_unit": "ml"
		},
		{
			"ingre_name": "차가운물",
			"ingre_count": "40",
			"ingre_unit": "ml"
		},
		{
			"ingre_name": "버터",
			"ingre_count": "160",
			"ingre_unit": "g"
		},
		{
			"ingre_name": "슈가파우더",
			"ingre_count": "20",
			"ingre_unit": "g"
		},
		{
			"ingre_name": "소금",
			"ingre_count": "2",
			"ingre_unit": "g"
		}
	],
	"recipe": [
		"1. 분량의 재료를 넣고 반죽해 냉장고에 휴지시키면서 3절접기를 3~4번 정도 해줍니다.",
		"2. 바닥에 설탕을 충분히 뿌리고 밀대로 넓게 밀어줍니다.",
		"3. 대략 1/4 조금 안되게 양끝을 각각 접습니다.",
		"4. 한번 더 양끝을 접어줍니다. 가운데에 틈이 있도록 해야 반으로 접을수 있으니 위에 말한듯이 1/4가 덜되게 접도록 하세요.",
		"5. 반으로 접은 다음 랩으로 싸서 풀리지 않게 고정시킨 다음냉장에 20~30분 정도 휴지시킵니다.",
		"6. 반죽을 꺼내 다시 설탕에 굴린 다음 1cm 두께로 잘라줍니다. 구워지는 동안 많이 부풀게 되니 간격을 넓게 두고 올려준다음 180도로 예열된 오븐에 15~20분정도 구워냅니다. 굽는 중에 벌어질수 있기 때문에 굽고 약 5분정도 되면 젓가락으로 모아 모양을 잡아가며 구워줍니다. 다구워지면 식힘망에 식혀줍니다.오븐"
	],
	"recipe_img": [
		"https://recipe1.ezmember.co.kr/cache/recipe/2015/08/31/7449a959bc84220a10a4f16b8fa28f791.jpg",
		"https://recipe1.ezmember.co.kr/cache/recipe/2015/08/31/25bddf8e1058f96c225763b1e2e3151e1.jpg",
		"https://recipe1.ezmember.co.kr/cache/recipe/2015/08/31/47bd8e95b1943ce6ef2ffaf83b2250fc1.jpg",
		"https://recipe1.ezmember.co.kr/cache/recipe/2015/08/31/9dd658dfa76d8f75e9b6382ec60b46c01.jpg",
		"https://recipe1.ezmember.co.kr/cache/recipe/2015/08/31/57c73dfe4c21cf77e2e396c8c85257ee1.jpg",
		"https://recipe1.ezmember.co.kr/cache/recipe/2015/08/31/c965fdedbc6a20fc29ea099ac8fb1a561.jpg"
	]
}