{
	"id": "1617363",
	"name": "오늘저녁엔 달달한 호박전",
	"thumbnail": "https://recipe1.ezmember.co.kr/cache/recipe/2015/07/11/c3f05912450d0c143c2cbe22846fa626.jpg",
	"url": "https://www.10000recipe.com/recipe/1617363",
	"ingredient_ids": [
		7,
		234,
		219,
		504,
		497
	],
	"time": "15",
	"ingre_list": [
		{
			"ingre_name": "애호박",
			"ingre_count": "1",
			"ingre_unit": "개"
		},
		{
			"ingre_name": "밀가루",
			"ingre_count": "1",
			"ingre_unit": "큰술"
		},
		{
			"ingre_name": "달걀",
			"ingre_count": "1",
			"ingre_unit": "개"
		},
		{
			"ingre_name": "식용유",
			"ingre_count": "",
			"ingre_unit": "조금"
		},
		{
			"ingre_name": "홍고추",
			"ingre_count": "",
			"ingre_unit": "조금"
		},
		{
			"ingre_name": "소금",
			"ingre_count": "",
			"ingre_unit": "약간"
		}
	],
	"recipe": [
		"1. 호박은 알맞은크기로 잘라서 소금을 살짝 뿌려 두었다가 헹궈서 꼭 짜줍니다.",
		"2. 밀가루를 골고루바 르고, 미리풀어논 달걀물에 담가줍니다.",
		"3. 기름을 두른팬에 호박을 올리고, 홍고추를 썰어올리고, 앞뒤로 노릇하게 지져냅니다.",
		"4. 고소하니 달달한 호박전을 완성."
	],
	"recipe_img": [
		"https://recipe1.ezmember.co.kr/cache/recipe/2015/07/13/ab58a43394bf8afd7017e780fc200b3d1.jpg",
		"https://recipe1.ezmember.co.kr/cache/recipe/2015/07/13/7657dfbf950bfe4e94b08493c89ac79c1.jpg",
		"https://recipe1.ezmember.co.kr/cache/recipe/2015/07/13/e0e094fb774828f8dbef59ab2eeb74dd1.jpg",
		"https://recipe1.ezmember.co.kr/cache/recipe/2015/07/13/08f57bbacd6dc4c02f7b35a2763d5f571.jpg"
	]
}