{
	"id": "1618973",
	"name": "복지리탕",
	"thumbnail": "https://recipe1.ezmember.co.kr/cache/recipe/2015/06/08/c294d33dac5c0ed7886256c05947f0ca.jpg",
	"url": "https://www.10000recipe.com/recipe/1618973",
	"ingredient_ids": [
		28,
		233,
		295,
		497
	],
	"time": "60",
	"ingre_list": [
		{
			"ingre_name": "복어",
			"ingre_count": "1",
			"ingre_unit": "마리"
		},
		{
			"ingre_name": "생강",
			"ingre_count": "",
			"ingre_unit": "약간"
		},
		{
			"ingre_name": "다진마늘",
			"ingre_count": "1",
			"ingre_unit": "큰술"
		},
		{
			"ingre_name": "청양고추",
			"ingre_count": "2",
			"ingre_unit": "개"
		},
		{
			"ingre_name": "소금",
			"ingre_count": "1",
			"ingre_unit": "큰술"
		}
	],
	"recipe": [
		"1. 복어는 손질된거라 적당한 크기로 자르기만 하면 돼요.",
		"2. 냄비에 물을 먼저 끓이다가 무우 얄팍~얄팍~~하게 썰어서 한줌정도만 넣어줍니다. 무우를 너무 많이넣으면 달작지근해서 시원한맛이 안 나죠.~~",
		"3. 끓으면서 뜨는 거품은 걷어내고~~~ 시원하게 지리로 끓일때는 청양고추를 한두개 넣어주면 얼큰하면서 더 시원합니다. 끓을때 생강즙도 넣어주고 냄비 뚜껑은 열어놓고 끓입니다. 생선비릿한맛이 사라지라고.",
		"4. 복어가 푹~~~익었을때 마무리 단계에서 콩나물 조금,소금1큰술(가감하시고) 차례대로 미나리도 넣고 대파도 넣고 다진마늘도 넣으면서~~백후추 뿌리고 마무리.~~~                     ",
		"5. 식탁으로 옮겨서 약불로 끓이면서 먹어야 맛이 좋습니다."
	],
	"recipe_img": [
		"https://recipe1.ezmember.co.kr/cache/recipe/2017/07/26/feb180b85804f98c1f0bd6093d9fd23d1.jpg",
		"https://recipe1.ezmember.co.kr/cache/recipe/2017/07/26/961cab1d1d6f757126aceba2c93fd9cb1.jpg",
		"https://recipe1.ezmember.co.kr/cache/recipe/2017/07/26/39be440c842ca4e008540f5a8db75d821.jpg",
		"https://recipe1.ezmember.co.kr/cache/recipe/2017/07/26/2394df7e613aa7c8e2195a94a62ad5401.jpg"
	]
}