{
	"id": "1629578",
	"name": "정성가득 닭도리탕",
	"thumbnail": "https://recipe1.ezmember.co.kr/cache/recipe/2015/09/18/cd797d3c182a68c9930a336d95e5e201.jpg",
	"url": "https://www.10000recipe.com/recipe/1629578",
	"ingredient_ids": [
		804,
		9,
		27,
		34,
		1015,
		497,
		497,
		225,
		292,
		473,
		224,
		853,
		938,
		341,
		455,
		233,
		660,
		225
	],
	"time": "2이상",
	"ingre_list": [
		{
			"ingre_name": "볶음용닭",
			"ingre_count": "1",
			"ingre_unit": "팩"
		},
		{
			"ingre_name": "닭봉",
			"ingre_count": "1",
			"ingre_unit": "팩"
		},
		{
			"ingre_name": "감자중",
			"ingre_count": "2",
			"ingre_unit": "개"
		},
		{
			"ingre_name": "당근",
			"ingre_count": "1/3",
			"ingre_unit": "개"
		},
		{
			"ingre_name": "양파(대)",
			"ingre_count": "1",
			"ingre_unit": "개"
		},
		{
			"ingre_name": "대파",
			"ingre_count": "1",
			"ingre_unit": "대"
		},
		{
			"ingre_name": "고추",
			"ingre_count": "2",
			"ingre_unit": "개"
		},
		{
			"ingre_name": "육수",
			"ingre_count": "3~4컵",
			"ingre_unit": "~컵"
		},
		{
			"ingre_name": "오일",
			"ingre_count": "3",
			"ingre_unit": "T"
		},
		{
			"ingre_name": "소금",
			"ingre_count": "",
			"ingre_unit": "약간"
		},
		{
			"ingre_name": "우유",
			"ingre_count": "",
			"ingre_unit": "적당량"
		},
		{
			"ingre_name": "소금",
			"ingre_count": "",
			"ingre_unit": "약간"
		},
		{
			"ingre_name": "후춧가루",
			"ingre_count": "",
			"ingre_unit": "약간"
		},
		{
			"ingre_name": "맛술",
			"ingre_count": "3",
			"ingre_unit": "T"
		},
		{
			"ingre_name": "고추장",
			"ingre_count": "4",
			"ingre_unit": "T"
		},
		{
			"ingre_name": "고춧가루",
			"ingre_count": "4",
			"ingre_unit": "T"
		},
		{
			"ingre_name": "맛간장",
			"ingre_count": "3",
			"ingre_unit": "T"
		},
		{
			"ingre_name": "매실청",
			"ingre_count": "2",
			"ingre_unit": "T"
		},
		{
			"ingre_name": "물엿",
			"ingre_count": "1",
			"ingre_unit": "T"
		},
		{
			"ingre_name": "생강가루",
			"ingre_count": "1",
			"ingre_unit": "t"
		},
		{
			"ingre_name": "다진마늘",
			"ingre_count": "4",
			"ingre_unit": "T"
		},
		{
			"ingre_name": "참기름",
			"ingre_count": "",
			"ingre_unit": "약간"
		},
		{
			"ingre_name": "후춧가루",
			"ingre_count": "",
			"ingre_unit": "약간"
		}
	],
	"recipe": [
		"1. 맨처음에 분량의 소스를 만들어요. 양념소스는 숙성의 과정이 필요하기 때문에 미리 만들어 놓는 게 제일 중요해요. 하루 전에 만들어서 미리 숙성시키면 더 깊은 맛을 얻을 수 있어요. 소스 재료 중에 매실 청이 없으시면 꿀이나 설탕으로 대체하셔도 됩니다. 양은 입맛에 따라 가감하시구요.",
		"2. 깨끗이 씻은 닭은 우유에 담가 핏물도 빼고 잡냄새를 없애는 1차 전처리 과정을 합니다. 2시간 정도 해주는 게 좋은 것 같아요.",
		"3. 우유에서 건져 헹군 닭은 소금, 후춧가루, 맛술을 뿌려 2차 전처리 합니다. 한 20~30분정도요.",
		"4. 야채를 다듬어 주세요. 감자는 큼직한 크기로 자르시고, 모서리 다듬어서 준비해요. 모서리 다듬은 과정을 소홀히 하시면 야채들끼리 부딪히면서 모양이 다 일그러집니다.",
		"5. 2차 전처리까지 끝낸 닭은 팬에 오일 둘러서 볶아 줍니다. 전체적으로 겉이 익을 정도로만 볶아내요. 예전에는 끓는 물에 살짝 데쳐서 준비했었는데요. 기름은 기름으로 녹이는 게 더 좋다네요.",
		"6. 볶아낸 닭은 체에 받칩니다.",
		"7. 손질한 야채들은 살짝 볶아요. 저는 찐감자를 사용해서 순서에 변화는 좀 있었지만 이웃님들은 감자, 당근, 양파의 순으로 볶으시면 됩니다.",
		"8. 야채가 볶아지면, 아까 볶아낸 닭과 소스를 넣고 같이 볶아요. 소스가 재료에 골고루 묻도록 뒤적여 주세요.",
		"9. 이렇게 양념이 골고루 베이면 육수를 부어 주시는데요. 육수는 저는 보통은 치킨브로스와 물을 반반씩 섞어 사용하는데 오늘은 치킨브로스가 없는 관계로다가 생수에 치킨스톡 2cube로 대신했습니다. 이도 저도 없을 땐 그냥 맹물 쓰셔도 괜찮아요.",
		"10. 육수의 양은 닭이 잠길 듯 말 듯하게 부어 주시면 되구요.",
		"11. 센불에서 약 50분 정도 졸여요. 이 때, 뚜껑은 열고 졸여주세요. 닭의 잡내가 날아가고, 냄비가 타지 않도록이요.",
		"12. 국물이 처음 잡았던 양보다 많이 줄었어요. 끓이는 동안, 너무 뒤적이거나 하면 야채들이 일그러지니까 조심하세요. 이 정도면, 감자가 거의 익을 때이지만, 크기가 큰 것들은 약간 서걱거릴 수 있으니까 중불로 줄여서 뜸들인다는 느낌으로 한 10분정도만 더 끓이세요.",
		"13. 이제 국물도 거의 좋아지고, 아주 먹음직스러운 모습이 되었어요. 고추와 대파등을 넣고 한 번 더 센불에서 살짝!"
	],
	"recipe_img": [
		"https://recipe1.ezmember.co.kr/cache/recipe/2015/09/30/6dc944c8b1da7a1d1cc1902f749654a71.jpg",
		"https://recipe1.ezmember.co.kr/cache/recipe/2015/09/30/ff23ed22d820bd1efc1a07ceebcd63ef1.jpg",
		"https://recipe1.ezmember.co.kr/cache/recipe/2015/09/30/3b6d1cbec91e85cb8ef2562859e2e07e1.jpg",
		"https://recipe1.ezmember.co.kr/cache/recipe/2015/09/30/fe3dfcc3dc5369172be84f881ee94fdf1.jpg",
		"https://recipe1.ezmember.co.kr/cache/recipe/2015/09/30/e62ccd0afd3a91c147c0f878b85269cd1.jpg",
		"https://recipe1.ezmember.co.kr/cache/recipe/2015/09/30/5e4109bea8b7d18fb6dbe47311d2893d1.jpg",
		"https://recipe1.ezmember.co.kr/cache/recipe/2015/09/30/25ad0583f2c3ba81d33294fce3c484bc1.jpg",
		"https://recipe1.ezmember.co.kr/cache/recipe/2015/09/30/7f23fc9af88cebc393b63189b90d556f1.jpg",
		"https://recipe1.ezmember.co.kr/cache/recipe/2015/09/30/c8c86d7ce0ab64caa394c6fb4d2d6e4a1.jpg",
		"https://recipe1.ezmember.co.kr/cache/recipe/2015/09/30/a0d7c7f4f89f5cd4bc9301442f909d531.jpg",
		"https://recipe1.ezmember.co.kr/cache/recipe/2015/09/30/7bf0e0de58a8cc8f746a1343729f41531.jpg",
		"https://recipe1.ezmember.co.kr/cache/recipe/2015/09/30/b62cb77b79ae540ab7b90b6092b23c051.jpg",
		"https://recipe1.ezmember.co.kr/cache/recipe/2015/09/30/922bf163f81d36f5eb6f95b0dc8a6bec1.jpg"
	]
}