{
	"id": "1630231",
	"name": "초간단 김국",
	"thumbnail": "https://recipe1.ezmember.co.kr/cache/recipe/2015/10/05/f96dd56a660b02e47f4058140aa0f403.jpg",
	"url": "https://www.10000recipe.com/recipe/1630231",
	"ingredient_ids": [
		27,
		349,
		497
	],
	"time": "5",
	"ingre_list": [
		{
			"ingre_name": "멸치다싯물",
			"ingre_count": "3",
			"ingre_unit": "컵"
		},
		{
			"ingre_name": "마른김",
			"ingre_count": "3~4장",
			"ingre_unit": "~장"
		},
		{
			"ingre_name": "계란",
			"ingre_count": "1",
			"ingre_unit": "개"
		},
		{
			"ingre_name": "대파",
			"ingre_count": "0.",
			"ingre_unit": ".대"
		},
		{
			"ingre_name": "국간장",
			"ingre_count": "0.",
			"ingre_unit": ".큰술"
		},
		{
			"ingre_name": "소금",
			"ingre_count": "",
			"ingre_unit": "약간"
		}
	],
	"recipe": [
		"1. 멸치육수는 3컵냄비에 부어 끓입니다.",
		"2. 육수가 끓으면 달걀하나 그릇에 풀어서 넣어주고",
		"3. 파썰어넣고 김 손으로 찢어 넣어주세요.",
		"4. 그리고 국간장 0.5큰술넣고 간을보고 소금으로 간을 마춰주면 끝.",
		"5. 김국 5분도 안걸려서 완성. 재료 착하고 간단하지만 김향기가 솔솔 매력적인 국이랍니다. 국 뭐끓이징 고민되실때 한번 끓여보세요."
	],
	"recipe_img": [
		"https://recipe1.ezmember.co.kr/cache/recipe/2015/10/07/04e08cd47d1be6bd05f28fd61739bdc81.jpg",
		"https://recipe1.ezmember.co.kr/cache/recipe/2015/10/07/03a35eff07af6af5b9f819852394cafe1.jpg",
		"https://recipe1.ezmember.co.kr/cache/recipe/2015/10/07/b1d5beeb02bb054b5ee6c012a31afad71.jpg",
		"https://recipe1.ezmember.co.kr/cache/recipe/2015/10/07/b1bfd51881ff159c51b2eda0b4279cf61.jpg",
		"https://recipe1.ezmember.co.kr/cache/recipe/2015/10/07/c6a89eac9f9ca5fdea6b6c6bf5be51fd1.jpg"
	]
}