{
	"id": "1646511",
	"name": "간단한 한끼 오므라이스",
	"thumbnail": "https://recipe1.ezmember.co.kr/cache/recipe/2015/08/31/b4e2a021518eb96b160654e2b801060c.jpg",
	"url": "https://www.10000recipe.com/recipe/1646511",
	"ingredient_ids": [
		628,
		53,
		3,
		9,
		6,
		104,
		198,
		574,
		497
	],
	"time": "30",
	"ingre_list": [
		{
			"ingre_name": "껍질콩",
			"ingre_count": "4",
			"ingre_unit": "줄기"
		},
		{
			"ingre_name": "햄",
			"ingre_count": "30",
			"ingre_unit": "g"
		},
		{
			"ingre_name": "표고버섯",
			"ingre_count": "2",
			"ingre_unit": "개"
		},
		{
			"ingre_name": "양파",
			"ingre_count": "1/4",
			"ingre_unit": "개"
		},
		{
			"ingre_name": "당근",
			"ingre_count": "10",
			"ingre_unit": "g"
		},
		{
			"ingre_name": "파프리카",
			"ingre_count": "10",
			"ingre_unit": "g"
		},
		{
			"ingre_name": "옥수수",
			"ingre_count": "3",
			"ingre_unit": "큰술"
		},
		{
			"ingre_name": "밥",
			"ingre_count": "1.",
			"ingre_unit": ".공기"
		},
		{
			"ingre_name": "계란",
			"ingre_count": "2",
			"ingre_unit": "개"
		},
		{
			"ingre_name": "버터",
			"ingre_count": "1",
			"ingre_unit": "큰술"
		},
		{
			"ingre_name": "올리브유",
			"ingre_count": "2",
			"ingre_unit": "큰술"
		},
		{
			"ingre_name": "소금",
			"ingre_count": "",
			"ingre_unit": "약간"
		},
		{
			"ingre_name": "후추",
			"ingre_count": "",
			"ingre_unit": "약간"
		}
	],
	"recipe": [
		"1. 껍질콩과 모든 야채는 같은 사이즈로 썰어서 준비합니다.",
		"2. 계란은 멍울없이 풀어서 체에 한번 걸러줍니다. 그래야 나중에 계란을 부치실때 얼룩지지 않고 예쁘고 고르게 부치실수가 있으세요. 달군팬에 버터와 올리브유를 넣습니다. 그리고 양파를 넣어줍니다.",
		"3. 당근과 껍질콩 ,표고버섯, 햄, 파프리카 순으로 넣어 볶습니다. 이때 살짝 소금을 뿌려주시면 야채의 색상이 곱게 살아난답니다.",
		"4. 밥을 얹습니다. 야채와 밥을 잘 혼합후 옥수수를 넣어줍니다.",
		"5. 모든 야채와 밥이 한데 잘 어우러지면 소금과 후추로 간을 합니다. 넓은 후라이팬에 오일을 두른후 티슈로 살짝 닦아줍니다.",
		"6. 계란 풀어놓은것을 팬에 부어 넓게 펴줍니다. 이때는 약불로 서서히 부칩니다. 계란이 2/3정도 익어가면 볶은밥을 얹습니다.",
		"7. 양 사이드로 하나씩 접어서 오므라이스를 완성합니다.",
		"8. 접시를 후라이팬위에 올린후 후라이팬을 뒤집어주면 모양대로 잘 유지할수가 있겠지요."
	],
	"recipe_img": [
		"https://recipe1.ezmember.co.kr/cache/recipe/2015/08/31/361980477a3b5e6f8b84147c626dcfae1.jpg",
		"https://recipe1.ezmember.co.kr/cache/recipe/2015/08/31/6ca2ad137bb76a27da25d912be7ab7e71.jpg",
		"https://recipe1.ezmember.co.kr/cache/recipe/2015/08/31/95f4d1548175316097e539dca8d383581.jpg",
		"https://recipe1.ezmember.co.kr/cache/recipe/2015/08/31/259b3406a812c1ae6bd3c999929ca8481.jpg",
		"https://recipe1.ezmember.co.kr/cache/recipe/2015/08/31/423cda1579a2a4dbfcd9320a6b7559251.jpg",
		"https://recipe1.ezmember.co.kr/cache/recipe/2015/08/31/6550599ba03292cee41cbba438aaef6c1.jpg",
		"https://recipe1.ezmember.co.kr/cache/recipe/2015/08/31/57b85d05626e3dc98bd393ab81de43b41.jpg",
		"https://recipe1.ezmember.co.kr/cache/recipe/2015/08/31/a0a71ebac220600d3bb0611636518a33.jpg"
	]
}