{
	"id": "1650992",
	"name": "메추리알 장조림",
	"thumbnail": "https://recipe1.ezmember.co.kr/cache/recipe/2015/09/02/243cba1dba5325ab3e49c80f5157b311.jpg",
	"url": "https://www.10000recipe.com/recipe/1650992",
	"ingredient_ids": [],
	"time": "30",
	"ingre_list": [
		{
			"ingre_name": "통마늘",
			"ingre_count": "5-6쪽",
			"ingre_unit": "-쪽"
		},
		{
			"ingre_name": "생강작게",
			"ingre_count": "1",
			"ingre_unit": "쪽"
		},
		{
			"ingre_name": "청량고추",
			"ingre_count": "1",
			"ingre_unit": "개"
		}
	],
	"recipe": [
		"1. 물에 다시마와 파를 넣고 끓여줍니다. 다시마는 적당히 끓으면 약한 불에 조금 더 우려내고 꺼내서 버려요.",
		"2. 우려낸 물에 까놓은 메추리알을 넣고 통마늘 5-6쪽, 생강 작게 한쪽, 청량고추 1개, 통후추 약간 넣고 진간장과 설탕(저는 매실엑기스도 조금 넣었어요)으로 간해서 바글바글 끓였어요.",
		"3. 어느정도 끓으면서 쫄아들면 불을 줄이고 은근히 기다려 줍니다. 자글자글 맛있게 변해간답니다."
	],
	"recipe_img": [
		"https://recipe1.ezmember.co.kr/cache/recipe/2015/09/02/e9f5557f60be7fb7741633c4b9a5e31d1.jpg",
		"https://recipe1.ezmember.co.kr/cache/recipe/2015/09/02/2105219da8dd204364962df4a8e81ada1.jpg",
		"https://recipe1.ezmember.co.kr/cache/recipe/2015/09/02/f31e84546764195d6ca03388d970749a1.jpg"
	]
}