{
	"id": "1653709",
	"name": "얼큰 시원 김치북어국",
	"thumbnail": "https://recipe1.ezmember.co.kr/cache/recipe/2015/06/08/3b2f854008c9a90898e642907b3302ae.jpg",
	"url": "https://www.10000recipe.com/recipe/1653709",
	"ingredient_ids": [
		953,
		422,
		219,
		660,
		233,
		224
	],
	"time": "30",
	"ingre_list": [
		{
			"ingre_name": "김치",
			"ingre_count": "1/8",
			"ingre_unit": "포기"
		},
		{
			"ingre_name": "북어",
			"ingre_count": "1",
			"ingre_unit": "줌"
		},
		{
			"ingre_name": "달걀",
			"ingre_count": "2",
			"ingre_unit": "개"
		},
		{
			"ingre_name": "어슷썬파",
			"ingre_count": "",
			"ingre_unit": "약간"
		},
		{
			"ingre_name": "참기름",
			"ingre_count": "",
			"ingre_unit": "약간"
		},
		{
			"ingre_name": "다진마늘",
			"ingre_count": "1/2",
			"ingre_unit": "숟가락"
		},
		{
			"ingre_name": "고춧가루",
			"ingre_count": "1",
			"ingre_unit": "숟가락"
		}
	],
	"recipe": [
		"1. 김치는 송송 썰어 준비해 주세요. 북어는 물에 10분정도 불려 물기를 꼬옥 짜 주세요. 김치와 북어를 고춧가루와 참기름을 넣고 달달 볶아 주세요.",
		"2. 만들어 놓은 육수를 적당량 넣고 팔팔 끓여 주세요. 물양은 재료의 2배정도 넣으시면 될꺼예요. 달걀도 풀어 준비해 주세요.",
		"3. 팔팔 끓는 국에 풀어 놓은 달걀과 다진마늘, 어슷썬파를 넣고 한소큼 끓여 주시면 된답니다. 달걀을 넣고 저어 주지 마세요. 저어 주면 약간 지저분하게 되더라구요."
	],
	"recipe_img": [
		"https://recipe1.ezmember.co.kr/cache/recipe/2015/09/01/5cf85a5c051cbd5defaa3dbcb77dc5141.jpg",
		"https://recipe1.ezmember.co.kr/cache/recipe/2015/09/01/32ffa84fc662dab318137ce243b9cad71.jpg",
		"https://recipe1.ezmember.co.kr/cache/recipe/2015/09/01/292534f5a4a5ca7dc207ea9f3cad2d5a1.jpg"
	]
}