{
	"id": "1654535",
	"name": "고구마, 야채튀김 만들기입니다.",
	"thumbnail": "https://recipe1.ezmember.co.kr/cache/recipe/2015/10/13/4ff6c1c296ef218c54d007945d81e545.jpg",
	"url": "https://www.10000recipe.com/recipe/1654535",
	"ingredient_ids": [
		15,
		9,
		3,
		234,
		234,
		995,
		219,
		497
	],
	"time": "60",
	"ingre_list": [
		{
			"ingre_name": "고구마4개(300g)",
			"ingre_count": "4개(300g)",
			"ingre_unit": "개(g)"
		},
		{
			"ingre_name": "쑥갓10줄기정도",
			"ingre_count": "10",
			"ingre_unit": "줄기 정도"
		},
		{
			"ingre_name": "깻잎",
			"ingre_count": "10",
			"ingre_unit": "장"
		},
		{
			"ingre_name": "당근",
			"ingre_count": "1/4",
			"ingre_unit": "개"
		},
		{
			"ingre_name": "양파",
			"ingre_count": "1/2",
			"ingre_unit": "개"
		},
		{
			"ingre_name": "밀가루",
			"ingre_count": "1",
			"ingre_unit": "컵"
		},
		{
			"ingre_name": "밀가루",
			"ingre_count": "3",
			"ingre_unit": "컵"
		},
		{
			"ingre_name": "녹말가루",
			"ingre_count": "1",
			"ingre_unit": "컵"
		},
		{
			"ingre_name": "물",
			"ingre_count": "2",
			"ingre_unit": "컵"
		},
		{
			"ingre_name": "달걀",
			"ingre_count": "1",
			"ingre_unit": "개"
		},
		{
			"ingre_name": "소금",
			"ingre_count": "1/2",
			"ingre_unit": "큰술"
		},
		{
			"ingre_name": "후추",
			"ingre_count": "",
			"ingre_unit": "조금"
		}
	],
	"recipe": [
		"1. 깨끗이 씻은 깻잎과 쑥갓은 적당한 크기로 자릅니다.",
		"2. 당근은 채를 썰고 양파는 알맞은 두께로 칼질을 합니다. 채소는 얇게 칼질을 하기보다는 도톰하게 칼질을 합니다.",
		"3. 야채튀김용 고구마는 도톰하게 채를 썰고,",
		"4. 고구마튀김용은 적당한 크기로 예쁘게 칼질을 합니다.",
		"5. 밀가루와 녹말가루를 물에 혼합한 다음 달걀과 소금. 후추가루를 넣고 반죽을 합니다.반죽에 사용하는 물은 가급적 찬물을 이용해야 바삭한 튀김이 된답니다.튀김가루를 이용하여도 되는데 튀김가루만 이용하게 되면 튀김옷의 모양이 예쁘게 나오질 않습니다",
		"6. 튀김반죽은가급적 찬물을 이용하고 최소한으로 저어주어야 바삭한 튀김반죽이 되는데 밀가루나 녹말가루가 덜 풀리게 되면 튀김시에 퍽~하면서 기름이 튀는 경우가 있습니다. 화상의 위험이 있지요. 필히 밀가루와 녹말가루를 완전히 풀어서 반죽을 해야합니다.",
		"7. 칼질한 채소는 볼에 담고",
		"8. 밀가루를 넣어 고루 섞어줍니다.",
		"9. 밀가루 섞인 채소에 튀김 반죽을 넣고 고루 섞이도록 버무리면 채소가 되직하게 되지요.",
		"10. 튀김반죽은 고구마튀김용 반죽 한 컵 분량만 남기고 모두 야채튀김 반죽으로 넣습니다.튀김 반죽이 많이 들어가서 질으면 튀김이 잘 나오질 않습니다.",
		"11. 집게를 이용하여 스캐퍼에 모양을 낸 다음",
		"12. 180도의 기름에 살짝 밀어 넣습니다.예쁜 모양의 야채튀김이 고소하게 튀겨진답니다.",
		"13. 노릇하게 튀겨진 야채튀김은 건져내어 기름을 빼주고요.",
		"14. 적당한 크기로 자른 고구마에 밀가루를 묻히고",
		"15. 튀김반죽을 묻힌 다음",
		"16. 180도의 기름에 살짝 넣어주면 고소하고 바삭한 고구마튀김이 됩니다.",
		"17. 튀김을 한 후 기름을 빼고 한 김 식으면 다시 한번 기름에 튀김을 합니다.노릇노릇하게 튀겨지면 건져내어 기름을 빼고 그릇에 담아내면 바삭하고 고소한 튀김을 즐길 수 있습니다."
	],
	"recipe_img": [
		"https://recipe1.ezmember.co.kr/cache/recipe/2015/10/13/823694ca22d4f8128059c372f5bef7e11.jpg",
		"https://recipe1.ezmember.co.kr/cache/recipe/2015/10/13/30f87680a2750093d7a274883a9418091.jpg",
		"https://recipe1.ezmember.co.kr/cache/recipe/2015/10/13/f9281047d14dedc1b3997369c796be0b1.jpg",
		"https://recipe1.ezmember.co.kr/cache/recipe/2015/10/13/97a6d81a7b0231fef934dfdfe0c7bce41.jpg",
		"https://recipe1.ezmember.co.kr/cache/recipe/2015/10/13/fd28590a01c2d161553384f7e84643981.jpg",
		"https://recipe1.ezmember.co.kr/cache/recipe/2015/10/13/05368f75929e10498fef61fb371718fb1.jpg",
		"https://recipe1.ezmember.co.kr/cache/recipe/2015/10/13/e7ed0e74c5ab3936e2197298cef04e011.jpg",
		"https://recipe1.ezmember.co.kr/cache/recipe/2015/10/13/2418951e913c5a22ec091d6ef3346a6a1.jpg",
		"https://recipe1.ezmember.co.kr/cache/recipe/2015/10/13/227cefca1a1cd231510b17658b16e8ae1.jpg",
		"https://recipe1.ezmember.co.kr/cache/recipe/2015/10/13/2759f00abb50a2a8578f0575b88e788b1.jpg",
		"https://recipe1.ezmember.co.kr/cache/recipe/2015/10/13/16c9ebd95be6422cdb20b4db5f62857c1.jpg",
		"https://recipe1.ezmember.co.kr/cache/recipe/2015/10/13/5b2059220dff42ae89fe5bf8ea8eeea01.jpg",
		"https://recipe1.ezmember.co.kr/cache/recipe/2015/10/13/7569f0aa0e026782db2a8eeaf628379d1.jpg",
		"https://recipe1.ezmember.co.kr/cache/recipe/2015/10/13/d6aac3f0d178202ebcc0fc94714c47861.jpg",
		"https://recipe1.ezmember.co.kr/cache/recipe/2015/10/13/c7a958d070eef55604f6c8ade472fb851.jpg",
		"https://recipe1.ezmember.co.kr/cache/recipe/2015/10/13/7af5185914c11f8ba64fad5d499581b01.jpg",
		"https://recipe1.ezmember.co.kr/cache/recipe/2015/10/13/0e8e3a4a0b9a3fd21cffcb9ce1f5c0c21.jpg"
	]
}