{
	"id": "1654844",
	"name": "바삭한 땅콩멸치볶음",
	"thumbnail": "https://recipe1.ezmember.co.kr/cache/recipe/2015/06/08/4c595677dabfbce7361ce824bae3444a.jpg",
	"url": "https://www.10000recipe.com/recipe/1654844",
	"ingredient_ids": [
		320,
		379,
		350,
		660
	],
	"time": "30",
	"ingre_list": [
		{
			"ingre_name": "멸치",
			"ingre_count": "20",
			"ingre_unit": "g"
		},
		{
			"ingre_name": "볶은땅콩",
			"ingre_count": "30",
			"ingre_unit": "g"
		},
		{
			"ingre_name": "올리고당2스푼(밥숟가락)",
			"ingre_count": "2스푼(밥숟가락)",
			"ingre_unit": "스푼(밥숟가락)"
		},
		{
			"ingre_name": "간장",
			"ingre_count": "1/2",
			"ingre_unit": "티스푼"
		},
		{
			"ingre_name": "깨소금",
			"ingre_count": "",
			"ingre_unit": "약간"
		},
		{
			"ingre_name": "참기름",
			"ingre_count": "",
			"ingre_unit": "약간"
		},
		{
			"ingre_name": "간마늘",
			"ingre_count": "",
			"ingre_unit": "약간"
		}
	],
	"recipe": [
		"1. 이미 볶아진 땅콩을 사용했지만 꼬소하라고 한번 더 살짝 볶았구요. 잔멸치 역시도 비릿함을 제거하기위해 오일 두르지않고 볶았어요. 자잘한 가루류를 제거하기위해 체에 받쳐 털어내 주세요.",
		"2. 팬에 오일을 조금 넉넉하게 둘러서 간마늘을 넣어 살짝 볶아 주세요.",
		"3. 멸치를 넣고 조금 오랫동안 볶아주세요. 바삭바삭한 식감을위해서요.",
		"4. 중간즈음, 깨소금 솔솔 뿌려주시고 땅콩도 넣어서 함께 볶아 주세요. 불에서 내린뒤 간장, 올리고당, 참기름(3방울 정도)을 넣어 3번 정도만 휘저어 마무리 해주세요."
	],
	"recipe_img": [
		"https://recipe1.ezmember.co.kr/cache/recipe/2015/08/27/702803827062bfdf11e42a87d40159321.jpg",
		"https://recipe1.ezmember.co.kr/cache/recipe/2015/08/27/db4135d9fd56f1ef23aa8d9ee8ec8e1b1.jpg",
		"https://recipe1.ezmember.co.kr/cache/recipe/2015/08/27/793796726cc6e51cb61acd846fe588d11.jpg",
		"https://recipe1.ezmember.co.kr/cache/recipe/2015/08/27/1f02f61c526ae8f14ad7153c91954dc11.jpg"
	]
}