{
	"id": "1656286",
	"name": "별미 요리 팥 칼국수",
	"thumbnail": "https://recipe1.ezmember.co.kr/cache/recipe/2015/06/08/10d0d7d357c61da647e031e1eeac983c.jpg",
	"url": "https://www.10000recipe.com/recipe/1656286",
	"ingredient_ids": [
		115,
		995,
		497,
		226
	],
	"time": "30",
	"ingre_list": [
		{
			"ingre_name": "팥",
			"ingre_count": "2",
			"ingre_unit": "컵"
		},
		{
			"ingre_name": "물",
			"ingre_count": "15",
			"ingre_unit": "컵"
		},
		{
			"ingre_name": "칼국수면",
			"ingre_count": "500",
			"ingre_unit": "g"
		},
		{
			"ingre_name": "소금",
			"ingre_count": "",
			"ingre_unit": "약간"
		},
		{
			"ingre_name": "설탕",
			"ingre_count": "",
			"ingre_unit": "약간"
		}
	],
	"recipe": [
		"1. 불린 팥은 잘 씻은후 한번 끓입니다. 부르르 끓으면 첫물을 따라버립니다. 팥은 굳이 불리지 않아도 상관은 없는데 불리면 아무래도 끓이는 시간이 좀 단축되겠죠.",
		"2. 첫물을 따라버리고 새로운물을 받아서 한시간가량 끓입니다.",
		"3. 팥알이 터지고 잘 으깨질정도로 삶아졌다면 불을 끕니다.",
		"4. 소쿠리나 채반에 팥을 부은후 으깨서 앙금을 받습니다.",
		"5. 그러면 이렇게 껍질만 남아요. 이 껍질은 버립니다.",
		"6. 팥 앙금과 팥물을 함께 끓여줍니다.",
		"7. 보글보글 끓으면 준비한 칼국수 생면을 넣어줍니다. 이때는 팥물의 양에따라 칼국수면을 조절하면서 넣어줍니다.",
		"8. 칼국수면이 익으면 소금으로 간을 합니다. 설탕을 넣어가면서 당도를 맞춰줍니다."
	],
	"recipe_img": [
		"https://recipe1.ezmember.co.kr/cache/recipe/2015/08/28/edd234c024507fc5b3be18b9a52b0eb91.jpg",
		"https://recipe1.ezmember.co.kr/cache/recipe/2015/08/28/056b1c2066a95e4f7ddbbf1687011e081.jpg",
		"https://recipe1.ezmember.co.kr/cache/recipe/2015/08/28/2547d32649ef44e3f8bb613062494ec11.jpg",
		"https://recipe1.ezmember.co.kr/cache/recipe/2015/08/28/8e31a5db40a1bdee0ee7383156a4fa851.jpg",
		"https://recipe1.ezmember.co.kr/cache/recipe/2015/08/28/74563ce6293368144056f45aa2e3df1d1.jpg",
		"https://recipe1.ezmember.co.kr/cache/recipe/2015/08/28/20cc1d0396e375b20e53cf12bbe8a2591.jpg",
		"https://recipe1.ezmember.co.kr/cache/recipe/2015/08/28/1e67319f53e5594222819abd6699b47b1.jpg",
		"https://recipe1.ezmember.co.kr/cache/recipe/2015/08/28/749cb1e8282856eaab6e3715e4343ff61.jpg"
	]
}