{
	"id": "1658898",
	"name": "알싸한 향과 톡쏘는 맛으로 입맛을 돋우는 갓김치",
	"thumbnail": "https://recipe1.ezmember.co.kr/cache/recipe/2015/08/28/d9584ff9db0315e7381335699f59e781.jpg",
	"url": "https://www.10000recipe.com/recipe/1658898",
	"ingredient_ids": [
		925,
		27,
		30,
		142,
		282,
		224,
		233,
		457,
		543
	],
	"time": "90",
	"ingre_list": [
		{
			"ingre_name": "갓",
			"ingre_count": "2",
			"ingre_unit": "단"
		},
		{
			"ingre_name": "대파",
			"ingre_count": "2",
			"ingre_unit": "뿌리"
		},
		{
			"ingre_name": "부추",
			"ingre_count": "10",
			"ingre_unit": "뿌리"
		},
		{
			"ingre_name": "배",
			"ingre_count": "1/2",
			"ingre_unit": "개"
		},
		{
			"ingre_name": "굵은소금",
			"ingre_count": "",
			"ingre_unit": "적당량"
		},
		{
			"ingre_name": "김치전용액젓",
			"ingre_count": "12",
			"ingre_unit": "큰술"
		},
		{
			"ingre_name": "고춧가루",
			"ingre_count": "12",
			"ingre_unit": "큰술"
		},
		{
			"ingre_name": "다진마늘",
			"ingre_count": "2",
			"ingre_unit": "큰술"
		},
		{
			"ingre_name": "다진생강",
			"ingre_count": "1/2",
			"ingre_unit": "작은술"
		},
		{
			"ingre_name": "통깨",
			"ingre_count": "3",
			"ingre_unit": "큰술"
		}
	],
	"recipe": [
		"1. 갓은 다듬어서 씻은 후 굵은 소금을 뿌려서 절여 줍니다.",
		"2. 대파, 마늘, 생강은 껍질을 벗겨 씻은 후 대파는 어슷 썰고 마늘과 생강은 다져 줍니다. 부추는 다듬어서 씻은 후 물기를 제거한 후 적당한 크기로 썰고 배는 껍질을 벗겨 믹서기에 갈아 줍니다.",
		"3. 절여 놓은 갓은 흐르는 물에 깨끗하게 씻은 후 체에 밭쳐 물기를 제거해 줍니다.",
		"4. 갈아 놓은 배와 양념 재료를 볼에 담아 고루 섞어 줍니다.",
		"5. 대파와 부추를 넣어 살살 버무려 줍니다.",
		"6. 갓을 넣고 양념을 고루 묻혀 준 다음 1포기씩 모아 잡아 묶어서 용기에 담아 줍니다."
	],
	"recipe_img": [
		"https://recipe1.ezmember.co.kr/cache/recipe/2015/08/28/84302ad68dd94ed842cf2f47dcc705911.jpg",
		"https://recipe1.ezmember.co.kr/cache/recipe/2015/08/28/3e76446d9a5f803bb4214cbee65742f71.jpg",
		"https://recipe1.ezmember.co.kr/cache/recipe/2015/08/28/bd796206d33a6cbe3d5e30b01ec7a94d1.jpg",
		"https://recipe1.ezmember.co.kr/cache/recipe/2015/08/28/de34c66b86328513d03a9666e83840791.jpg",
		"https://recipe1.ezmember.co.kr/cache/recipe/2015/08/28/d95dec46d6be88b07fce175e50c57f6f1.jpg",
		"https://recipe1.ezmember.co.kr/cache/recipe/2015/08/28/c21a3ec66e25f4ad4ce152c4b15489751.jpg"
	]
}