{
	"id": "1660143",
	"name": "해물칼국수[피쉬아울렛]간편조리 절단낚지로 해물칼국수만들기~",
	"thumbnail": "https://recipe1.ezmember.co.kr/cache/recipe/2015/06/08/3eab10a6f4c1b98b7bc7d4d4a9c9ebc9.jpg",
	"url": "https://www.10000recipe.com/recipe/1660143",
	"ingredient_ids": [
		1002,
		233,
		473,
		349,
		497
	],
	"time": "60",
	"ingre_list": [
		{
			"ingre_name": "칼국수",
			"ingre_count": "2",
			"ingre_unit": "인분"
		},
		{
			"ingre_name": "다진마늘",
			"ingre_count": "1",
			"ingre_unit": "큰술"
		},
		{
			"ingre_name": "국멸치",
			"ingre_count": "",
			"ingre_unit": "약간"
		},
		{
			"ingre_name": "고추장",
			"ingre_count": "1",
			"ingre_unit": "큰술"
		},
		{
			"ingre_name": "고추가루",
			"ingre_count": "1",
			"ingre_unit": "작은술"
		},
		{
			"ingre_name": "국간장",
			"ingre_count": "1",
			"ingre_unit": "큰술"
		},
		{
			"ingre_name": "소금",
			"ingre_count": "",
			"ingre_unit": "약간"
		},
		{
			"ingre_name": "계란",
			"ingre_count": "1",
			"ingre_unit": "개"
		},
		{
			"ingre_name": "해산물가루",
			"ingre_count": "1",
			"ingre_unit": "큰술"
		}
	],
	"recipe": [
		"1. 흐르는 찬물에 여러번 헹궈서 녹입니다 깐새우가 좀 있어서 넣었어요.",
		"2. 애호박도 있으면 좋겠지만, 뭐 냉장고 사정대로 만듭니다.",
		"3. 다시마 등등 여러가지 해산물을 넣고 끓이면 더 해물맛이 진하겠죠 멸치 몇마리 국물내서 해산물가루 넣어서 해산물의 맛을 더 진하게 했습니다.(20분)",
		"4. 야채들을 넣어서 더 끓입니다. 고추장도 넣고 고추가루도 넣고 국간장이랑 해산물가루를 넣어서 간을 맞춰요.",
		"5. 싱싱한 낙지,깐새우 해산물을 넣은 칼국수는 술마신후 속풀이로 끝내주죠~"
	],
	"recipe_img": [
		"https://recipe1.ezmember.co.kr/cache/recipe/2017/07/26/19def01743b36ee59cbdd0a6869880881.jpg",
		"https://recipe1.ezmember.co.kr/cache/recipe/2017/07/26/df6b628f04d4f56846262ebb3033bb281.jpg",
		"https://recipe1.ezmember.co.kr/cache/recipe/2017/07/26/7e9ee7e5420cb0d175f5912c7fc4b4401.jpg",
		"https://recipe1.ezmember.co.kr/cache/recipe/2017/07/26/a0c72587e50f04c203d30b70f54b84b31.jpg",
		"https://recipe1.ezmember.co.kr/cache/recipe/2017/07/26/7c953b68f551184f9bfd18b94fac3a401.jpg"
	]
}