{
	"id": "1661897",
	"name": "두부돼콩찜",
	"thumbnail": "https://recipe1.ezmember.co.kr/cache/recipe/2015/06/08/48e476e052666862419a02ace31c6b29.jpg",
	"url": "https://www.10000recipe.com/recipe/1661897",
	"ingredient_ids": [
		47,
		323,
		27,
		3,
		327,
		473,
		349,
		477,
		224,
		226,
		341,
		233,
		27
	],
	"time": "15",
	"ingre_list": [
		{
			"ingre_name": "콩나물",
			"ingre_count": "300",
			"ingre_unit": "g"
		},
		{
			"ingre_name": "두부",
			"ingre_count": "1/2",
			"ingre_unit": "모"
		},
		{
			"ingre_name": "삼겹살",
			"ingre_count": "250",
			"ingre_unit": "g"
		},
		{
			"ingre_name": "대파",
			"ingre_count": "1",
			"ingre_unit": "대"
		},
		{
			"ingre_name": "양파",
			"ingre_count": "1/2",
			"ingre_unit": "개"
		},
		{
			"ingre_name": "들기름",
			"ingre_count": "1",
			"ingre_unit": "큰술"
		},
		{
			"ingre_name": "고추장",
			"ingre_count": "1",
			"ingre_unit": "큰술"
		},
		{
			"ingre_name": "국간장",
			"ingre_count": "1",
			"ingre_unit": "큰술"
		},
		{
			"ingre_name": "굴소스",
			"ingre_count": "1",
			"ingre_unit": "큰술"
		},
		{
			"ingre_name": "고춧가루",
			"ingre_count": "3",
			"ingre_unit": "큰술"
		},
		{
			"ingre_name": "설탕",
			"ingre_count": "1/2",
			"ingre_unit": "작은술"
		},
		{
			"ingre_name": "물엿",
			"ingre_count": "1",
			"ingre_unit": "큰술"
		},
		{
			"ingre_name": "다진마늘",
			"ingre_count": "1",
			"ingre_unit": "큰술"
		},
		{
			"ingre_name": "대파",
			"ingre_count": "1",
			"ingre_unit": "대"
		},
		{
			"ingre_name": "후추",
			"ingre_count": "",
			"ingre_unit": "약간"
		}
	],
	"recipe": [
		"1. 팬에 들기름 먼저 뿌려 줍니다. 일반 들기름 넣으셔도 되고 뭐 없으면 참기름도 가능합니다. 콩나물 올리고 두부를 돌려 줍니다.",
		"2. 고기 올리고 대파, 양파썰어 올리고 미리 섞어둔 양념 올려 뚜껑덮어 끓여 줍니다.",
		"3. 콩나물이 익을만큼 정도만 끓여준뒤 뚜껑을 열어 골고루 섞어 후추로 마무리 합니다."
	],
	"recipe_img": [
		"https://recipe1.ezmember.co.kr/cache/recipe/2015/10/02/d896dbc77272ebdcf2b2c91eb8ef02991.jpg",
		"https://recipe1.ezmember.co.kr/cache/recipe/2015/10/02/ca8c435073e9a9b89714a42f2e04156f1.jpg",
		"https://recipe1.ezmember.co.kr/cache/recipe/2015/10/02/0207d3c042d61e8d6a95db4d4da50f7e1.jpg"
	]
}