{
	"id": "1669088",
	"name": "담배피는 신랑을 위한 건강반찬 파래무침 ",
	"thumbnail": "https://recipe1.ezmember.co.kr/cache/recipe/2015/06/08/99fd44aa65cdbed0d6794c1c90ea9bdf.jpg",
	"url": "https://www.10000recipe.com/recipe/1669088",
	"ingredient_ids": [
		92,
		349,
		224,
		231,
		233,
		350,
		660
	],
	"time": "30",
	"ingre_list": [
		{
			"ingre_name": "파래",
			"ingre_count": "1",
			"ingre_unit": "뭉치"
		},
		{
			"ingre_name": "채썬무",
			"ingre_count": "1/2",
			"ingre_unit": "줌"
		},
		{
			"ingre_name": "국간장",
			"ingre_count": "2/3",
			"ingre_unit": "큰술"
		},
		{
			"ingre_name": "고춧가루",
			"ingre_count": "2/3",
			"ingre_unit": "큰술"
		},
		{
			"ingre_name": "식초",
			"ingre_count": "1",
			"ingre_unit": "큰술"
		},
		{
			"ingre_name": "요리당",
			"ingre_count": "0.",
			"ingre_unit": ".큰술"
		},
		{
			"ingre_name": "다진마늘",
			"ingre_count": "0.",
			"ingre_unit": ".큰술"
		},
		{
			"ingre_name": "깨소금",
			"ingre_count": "2/3",
			"ingre_unit": "큰술"
		},
		{
			"ingre_name": "참기름",
			"ingre_count": "1",
			"ingre_unit": "작은술"
		}
	],
	"recipe": [
		"1. 파래는 조물조물 여러번 깨끗히 씻어 줍니다. 물기를 짠뒤 엉키지 않게 중간에 한번 짤라줍니다. 무는 곱게 채썰어 반줌정도 준비합니다.",
		"2. 볼에 국간장, 고춧가루, 깨소금2/3큰술씩 식초1큰술 다진마늘0.5큰술 참기름 1작은술 ,요리당 0.5큰술을 넣고 골고루 잘섞어줍니다.",
		"3. 파래와 채썬무를담고 조물조물 양념이 골고루 잘베도록 무쳐주면 끝."
	],
	"recipe_img": [
		"https://recipe1.ezmember.co.kr/cache/recipe/2015/09/30/7992165c2bda8264bee2b88b539d03ce1.jpg",
		"https://recipe1.ezmember.co.kr/cache/recipe/2015/09/30/2b0da05c7aea3014d5f9592af5250ea81.jpg",
		"https://recipe1.ezmember.co.kr/cache/recipe/2015/09/30/ee99c9ec57e5e4f1abc8fb3e1225cb911.jpg"
	]
}