{
	"id": "1677972",
	"name": "닭백숙과 누룽지닭죽 만들기 ",
	"thumbnail": "https://recipe1.ezmember.co.kr/cache/recipe/2015/06/08/c385d5c2026aed8ed9a8f23a7b9ec38a.jpg",
	"url": "https://www.10000recipe.com/recipe/1677972",
	"ingredient_ids": [
		30
	],
	"time": "30",
	"ingre_list": [
		{
			"ingre_name": "백숙용닭",
			"ingre_count": "1",
			"ingre_unit": "마리"
		},
		{
			"ingre_name": "삼계탕용약재",
			"ingre_count": "1",
			"ingre_unit": "봉지"
		},
		{
			"ingre_name": "부추",
			"ingre_count": "2",
			"ingre_unit": "줌"
		}
	],
	"recipe": [
		"1. 무쇠솥에 남은 밥 깔고 물 약간 부어 약불에 올려놓고 누룽지를 만들어주세요.",
		"2. 닭 한번 씻어서 무쇠솥에 넣고 잠길만큼 물 부은 다음 약재 넣고 50분 정도 푹 삶았어요. 삶았어요.",
		"3. 중간중간 거품 걷어 주시고 닭이 삶아지면 부추 넣어 주면 다 된겁니다. 부추는 살짝만 데쳐져야 맛있습니다.",
		"4. 누룽지를 좀 더 눌렸어야 했는데 배고프다는 통에 색이 좀 덜 나왔네요.",
		"5. 닭이랑 한약재 덜어낸 다음 누룽지 넣어서 끓이면 누룽지닭죽 완성!"
	],
	"recipe_img": [
		"https://recipe1.ezmember.co.kr/cache/recipe/2015/10/07/f068123cb277f85e0fbea1901795cf551.jpg",
		"https://recipe1.ezmember.co.kr/cache/recipe/2015/10/07/5a13e5f8a8f01d8da85291ae328fbe101.jpg",
		"https://recipe1.ezmember.co.kr/cache/recipe/2015/10/07/38c03c688dc73fea5a57a899396a53e11.jpg",
		"https://recipe1.ezmember.co.kr/cache/recipe/2015/10/07/1e839119b7a8fafbe613c4c8b6da59b01.jpg",
		"https://recipe1.ezmember.co.kr/cache/recipe/2015/10/07/b4b8a54391efea60d613a10c2ccfd4871.jpg"
	]
}