{
	"id": "1683862",
	"name": "매콤함이 일품인 김치칼국수",
	"thumbnail": "https://recipe1.ezmember.co.kr/cache/recipe/2015/08/25/f59ac528f2ef41cfbe216b2b91a9ce03.jpg",
	"url": "https://www.10000recipe.com/recipe/1683862",
	"ingredient_ids": [
		234,
		995,
		953,
		295,
		320,
		90,
		56,
		497,
		224
	],
	"time": "60",
	"ingre_list": [
		{
			"ingre_name": "밀가루",
			"ingre_count": "2",
			"ingre_unit": "컵"
		},
		{
			"ingre_name": "물",
			"ingre_count": "2/3",
			"ingre_unit": "컵"
		},
		{
			"ingre_name": "김치",
			"ingre_count": "",
			"ingre_unit": ""
		},
		{
			"ingre_name": "청양고추",
			"ingre_count": "",
			"ingre_unit": ""
		},
		{
			"ingre_name": "멸치",
			"ingre_count": "5~6개",
			"ingre_unit": "~개"
		},
		{
			"ingre_name": "다시마",
			"ingre_count": "1",
			"ingre_unit": "장"
		},
		{
			"ingre_name": "느타리버섯",
			"ingre_count": "",
			"ingre_unit": "조금"
		},
		{
			"ingre_name": "소금",
			"ingre_count": "",
			"ingre_unit": "약간"
		},
		{
			"ingre_name": "고춧가루",
			"ingre_count": "1/2",
			"ingre_unit": "스푼"
		}
	],
	"recipe": [
		"1. 종이컵을 기준으로 밀가루 2컵과 소금약간, 물2/3정도를 넣어 손에 달라붙지 않을정도로 반죽해주세요.",
		"2. 일단 만들어진 밀가루는 동글하게 만들어 비닐팩에 넣어 냉장고에 20~30분정도 숙성해주면 면이 더 쫄깃 하고 맛있답니다.",
		"3. 숙성된 밀가루는 밀대나 병을 이용하여 얇게 밀어 줍니다. 너무 얇아도 안되고 너무 두꺼워도 맛이없으니 적당히 밀어주세요~",
		"4. 잘 밀어진 반죽은 두번 접어놓고 칼로 잘 썰어주세요. 그럼 일단 면은 완성입니다~",
		"5. 멸치와 다시마를 넣고 팔팔 끓여 멸치국물을 내줍니다.",
		"6. 그리고 쫑쫑 썰어놓은 김치도 넣어주세요~",
		"7. 팔팔끓으면 나머지 느타리버섯과 청양고추를 넣고 고춧가루와 소금약간으로 간을 맞춰주세요.",
		"8. 팔팔 끓는 곳에 아까 만들어 놓은 칼국수를 넣어주세요~ 면이 익으면 칼국수 완성입니다."
	],
	"recipe_img": [
		"https://recipe1.ezmember.co.kr/cache/recipe/2015/08/25/91e2128e7c0ecc5e0ac6e73f6acb9c6a1.jpg",
		"https://recipe1.ezmember.co.kr/cache/recipe/2015/08/25/259c28649714a15dd6082cf6067061ea1.jpg",
		"https://recipe1.ezmember.co.kr/cache/recipe/2015/08/25/3688c78a31d3a8c0b1c196749d04a0c11.jpg",
		"https://recipe1.ezmember.co.kr/cache/recipe/2015/08/25/10e74d5b9220909c5bcdc47b9db4a5ce1.jpg",
		"https://recipe1.ezmember.co.kr/cache/recipe/2015/08/25/071577d5f601f7f91cb3dc19b863c3981.jpg",
		"https://recipe1.ezmember.co.kr/cache/recipe/2015/08/25/9778e5f64fde13b9477c19b8d620eec81.jpg",
		"https://recipe1.ezmember.co.kr/cache/recipe/2015/08/25/85747084e8ea4de7ae15ff5e09ca398c1.jpg",
		"https://recipe1.ezmember.co.kr/cache/recipe/2015/08/25/73b63faf2736bd86800939fadbebc6b31.jpg"
	]
}