{
	"id": "1685950",
	"name": "냉이무침 냉이 된장무침",
	"thumbnail": "https://recipe1.ezmember.co.kr/cache/recipe/2015/09/21/3449b00b7c1b1866fe671b472520ea0f.jpg",
	"url": "https://www.10000recipe.com/recipe/1685950",
	"ingredient_ids": [
		46,
		497,
		848,
		473,
		224,
		660,
		233,
		716,
		543
	],
	"time": "15",
	"ingre_list": [
		{
			"ingre_name": "냉이",
			"ingre_count": "200",
			"ingre_unit": "g"
		},
		{
			"ingre_name": "소금",
			"ingre_count": "",
			"ingre_unit": "조금"
		},
		{
			"ingre_name": "된장",
			"ingre_count": "1",
			"ingre_unit": "큰술"
		},
		{
			"ingre_name": "고추장",
			"ingre_count": "1",
			"ingre_unit": "작은술"
		},
		{
			"ingre_name": "고춧가루",
			"ingre_count": "1",
			"ingre_unit": "큰술"
		},
		{
			"ingre_name": "참기름",
			"ingre_count": "",
			"ingre_unit": "조금"
		},
		{
			"ingre_name": "다진마늘",
			"ingre_count": "1",
			"ingre_unit": "작은술"
		},
		{
			"ingre_name": "다진파",
			"ingre_count": "1",
			"ingre_unit": "큰술"
		},
		{
			"ingre_name": "실고추",
			"ingre_count": "",
			"ingre_unit": "조금"
		},
		{
			"ingre_name": "통깨",
			"ingre_count": "1",
			"ingre_unit": "큰술"
		}
	],
	"recipe": [
		"1. 냉이는 깨끗이 손질해 끓는물에 소금을 조금넣고, 살짝 데쳐줍니다. 뿌리부터 데치시고, 데쳐내면 찬물에 헹구어 물기를 꼭 짜줍니다.",
		"2. 이는 담백하게 된장무친도 맛있는데... 엄마랑 언니는 고추장과 고춧가루도 함께 넣고 무치시는걸 자주 하셔서 그런지 저도 이렇게 해먹게 되더라구요.",
		"3. 양념재료를 넣고 주물조물 버무린뒤, 참기름과 통깨를 넣고 마무리합니다."
	],
	"recipe_img": [
		"https://recipe1.ezmember.co.kr/cache/recipe/2015/09/22/c2387463be1bca5b7aa62b140947a7201.jpg",
		"https://recipe1.ezmember.co.kr/cache/recipe/2015/09/22/c2dd9a3caf3b48f8a856d44ef5d07ea31.jpg",
		"https://recipe1.ezmember.co.kr/cache/recipe/2015/09/22/cf7fa7fd56ddb47d3bfe6edbebed30fa1.jpg"
	]
}