{
	"id": "1692947",
	"name": "바나나오픈토스트, 잼토스트, 바나나롤토스트",
	"thumbnail": "https://recipe1.ezmember.co.kr/cache/recipe/2015/06/08/427b883bd2fa01b2004f32b6ac408a9c.jpg",
	"url": "https://www.10000recipe.com/recipe/1692947",
	"ingredient_ids": [
		141,
		198
	],
	"time": "30",
	"ingre_list": [
		{
			"ingre_name": "페스츄리식빵",
			"ingre_count": "2",
			"ingre_unit": "장"
		},
		{
			"ingre_name": "바나나",
			"ingre_count": "2",
			"ingre_unit": "개"
		},
		{
			"ingre_name": "버터",
			"ingre_count": "",
			"ingre_unit": "약간"
		},
		{
			"ingre_name": "시나몬가루",
			"ingre_count": "",
			"ingre_unit": ""
		}
	],
	"recipe": [
		"1. 페스츄리식빵에 녹인 버터를 골고루 발라줍니다",
		"2. 바나나는 껍질을 벗기고 길게 슬라이스 해줍니다 식빵위에 바나나를 가지런히 올리고 시나몬가루를 솔솔 뿌려줍니다",
		"3. 180도로 예열된 오븐에서 10분정도 구워줍니다오븐"
	],
	"recipe_img": [
		"https://recipe1.ezmember.co.kr/cache/recipe/2015/07/31/f1f7eeaaf58fcb9eb16641b5f46cb0f11.jpg",
		"https://recipe1.ezmember.co.kr/cache/recipe/2015/07/31/1904b83c62cef8c6e3ec4e6dc7a154ba1.jpg",
		"https://recipe1.ezmember.co.kr/cache/recipe/2015/07/31/b9f422e6742e5b288bc0e17c895585a51.jpg"
	]
}