{
	"id": "1697566",
	"name": "색다른 만두가 먹고 싶을때 호박만두",
	"thumbnail": "https://recipe1.ezmember.co.kr/cache/recipe/2015/06/08/2e04c65e46d2dad26c0e0e793f8dbe68.jpg",
	"url": "https://www.10000recipe.com/recipe/1697566",
	"ingredient_ids": [
		325,
		300,
		52,
		323,
		233,
		660,
		497
	],
	"time": "60",
	"ingre_list": [
		{
			"ingre_name": "호박",
			"ingre_count": "2",
			"ingre_unit": "개"
		},
		{
			"ingre_name": "닭가슴살",
			"ingre_count": "2",
			"ingre_unit": "장"
		},
		{
			"ingre_name": "숙주",
			"ingre_count": "2",
			"ingre_unit": "줌"
		},
		{
			"ingre_name": "두부",
			"ingre_count": "1",
			"ingre_unit": "모"
		},
		{
			"ingre_name": "계란",
			"ingre_count": "1",
			"ingre_unit": "개"
		},
		{
			"ingre_name": "다진마늘",
			"ingre_count": "3",
			"ingre_unit": "T"
		},
		{
			"ingre_name": "다진파",
			"ingre_count": "3",
			"ingre_unit": "T"
		},
		{
			"ingre_name": "참기름",
			"ingre_count": "3",
			"ingre_unit": "T"
		},
		{
			"ingre_name": "소금",
			"ingre_count": "3",
			"ingre_unit": "T"
		},
		{
			"ingre_name": "후추",
			"ingre_count": "",
			"ingre_unit": "약간"
		}
	],
	"recipe": [
		"1. 호박 2개는 채썰어서 소금을 3T정도 넉넉히 넣고 30분가량 절여줍니다. 닭가슴살은 칼로 다져줍니다. 숙주는 살짝 데쳐서 찬물에 행군후 잘게 다져줍니다. 으깬 두부, 절인호박, 데친 숙주를 짤순이에 짜서 물기를 빼줍니다. 모든 재료를 몽땅 넣어줍니다.",
		"2. 혼합한 만두소를 반으로 나눠서 한쪽은 고추가루없이 하얗게, 한쪽은 고추가루를 넣어 빨갛게 만들었어요.",
		"3. 만두피는 시판 찹쌀왕만두피 2팩 사다가 빚었답니다."
	],
	"recipe_img": [
		"https://recipe1.ezmember.co.kr/cache/recipe/2015/08/26/ebd0dfc0844eecf1fb4684405935307d1.jpg",
		"https://recipe1.ezmember.co.kr/cache/recipe/2015/08/26/aa12d9b5fac547d636002d430b527c881.jpg",
		"https://recipe1.ezmember.co.kr/cache/recipe/2015/08/26/d0dddad648866a09dba01ab859bb4d491.jpg"
	]
}