{
	"id": "1699255",
	"name": "매운 오뎅탕",
	"thumbnail": "https://recipe1.ezmember.co.kr/cache/recipe/2015/06/08/3cf8e21c58951fef77feddf6cbada8c6.jpg",
	"url": "https://www.10000recipe.com/recipe/1699255",
	"ingredient_ids": [
		19,
		3,
		295,
		27,
		473,
		233
	],
	"time": "30",
	"ingre_list": [
		{
			"ingre_name": "어묵꼬치",
			"ingre_count": "3",
			"ingre_unit": "개"
		},
		{
			"ingre_name": "무",
			"ingre_count": "",
			"ingre_unit": "조금"
		},
		{
			"ingre_name": "양파",
			"ingre_count": "1/2",
			"ingre_unit": "개"
		},
		{
			"ingre_name": "청양고추",
			"ingre_count": "3",
			"ingre_unit": "개"
		},
		{
			"ingre_name": "멸치가루(혹은다시멸치)",
			"ingre_count": "1",
			"ingre_unit": "큰술"
		},
		{
			"ingre_name": "새우가루1큰술(혹은건새우조금)",
			"ingre_count": "1큰술(혹은 건새우 조금)",
			"ingre_unit": "큰술(혹은 건새우 조금)"
		},
		{
			"ingre_name": "대파",
			"ingre_count": "",
			"ingre_unit": "조금"
		},
		{
			"ingre_name": "고추가루",
			"ingre_count": "1",
			"ingre_unit": "큰술"
		},
		{
			"ingre_name": "고추장",
			"ingre_count": "1/2",
			"ingre_unit": "큰술"
		},
		{
			"ingre_name": "다진마늘",
			"ingre_count": "1/2",
			"ingre_unit": "큰술"
		},
		{
			"ingre_name": "진간장",
			"ingre_count": "1",
			"ingre_unit": "큰술"
		},
		{
			"ingre_name": "집간장",
			"ingre_count": "1",
			"ingre_unit": "큰술"
		}
	],
	"recipe": [
		"1. 야채를 큼직하게 썰어주세요.",
		"2. 냄비에 물을 넉넉하게(실제 국물양보다 좀 많게) 준비하고 멸치가루, 새우가루를 넣습니다. 멸치가루가 없으면 다시멸치로 국물을 먼저 만들어 놓습니다. 새우가루는 건새우를 그냥 함께 넣고 끓여도 됩니다. 다시마가 있으면 같이 넣으면 맛있죠~",
		"3. 준비한 야채를 넣고 거품을 제거하면서 무가 푹 익을때까지 팔팔 끓입니다.",
		"4. 준비한 어묵을 뜨거운 물에 튀겨 냅니다. 물을 끓여 잠깐 담갔다가 건져도 되고 어묵을 체에 담은 후 끓는 물을 부어도 됩니다.",
		"5. 양념장을 만듭니다. 고추가루와 고추장의 비율이 1: 1/2 이 되게~ 그러니까 고추가루 1큰술에 고추장 1/2큰술로, 고추가루 양의 반만 고추장을 넣으면 됩니다.",
		"6. 무가 잘익으면 양념장을 넣어가며 매운 정도를 조절하세요. 익은 야채를 건져내도 되고 그냥 드셔도 되요. 소금으로 간을 합니다.",
		"7. 준비해 두었던 어묵을 넣고 끓이세요.",
		"8. 대파를 어슷하게 썰어 넣고 끓이면 끝~"
	],
	"recipe_img": [
		"https://recipe1.ezmember.co.kr/cache/recipe/2015/08/26/186e0ee80cbd593a46f2cddf4dbf6fc41.jpg",
		"https://recipe1.ezmember.co.kr/cache/recipe/2015/08/26/54b568b4eb411dc553ee716d9485e8d51.jpg",
		"https://recipe1.ezmember.co.kr/cache/recipe/2015/08/26/94cbfa75527c429f0bdf1ac10af529631.jpg",
		"https://recipe1.ezmember.co.kr/cache/recipe/2015/08/26/6f3ce62e523e356aea69d0ba1ee4720d1.jpg",
		"https://recipe1.ezmember.co.kr/cache/recipe/2015/08/26/ff16d83800f73b6db7e97c57b9e6e0391.jpg",
		"https://recipe1.ezmember.co.kr/cache/recipe/2015/08/26/68539d387c6bee47d57ca046a3f1716a1.jpg",
		"https://recipe1.ezmember.co.kr/cache/recipe/2015/08/26/32e51ebac8bdec84a6e6f638b7f4e3821.jpg",
		"https://recipe1.ezmember.co.kr/cache/recipe/2015/08/26/d1d10571ba4592b736bac7e1121c20441.jpg"
	]
}