{
	"id": "1701581",
	"name": "매콤한 어묵조림 ",
	"thumbnail": "https://recipe1.ezmember.co.kr/cache/recipe/2015/08/26/8186c334010d6ee7f97091acb7371cf9.jpg",
	"url": "https://www.10000recipe.com/recipe/1701581",
	"ingredient_ids": [
		3,
		27,
		34,
		379,
		224,
		226,
		233,
		995,
		225
	],
	"time": "10",
	"ingre_list": [
		{
			"ingre_name": "어묵4장(130g)",
			"ingre_count": "4장(130g)",
			"ingre_unit": "장(g)"
		},
		{
			"ingre_name": "양파",
			"ingre_count": "1/3",
			"ingre_unit": "개"
		},
		{
			"ingre_name": "대파",
			"ingre_count": "1/3",
			"ingre_unit": "대"
		},
		{
			"ingre_name": "고추",
			"ingre_count": "1",
			"ingre_unit": "개"
		},
		{
			"ingre_name": "간장",
			"ingre_count": "2.",
			"ingre_unit": ".큰술"
		},
		{
			"ingre_name": "고춧가루",
			"ingre_count": "2/3",
			"ingre_unit": "큰술"
		},
		{
			"ingre_name": "설탕",
			"ingre_count": "0.",
			"ingre_unit": ".큰술"
		},
		{
			"ingre_name": "요리당",
			"ingre_count": "1/2",
			"ingre_unit": "큰술"
		},
		{
			"ingre_name": "다진마늘",
			"ingre_count": "1",
			"ingre_unit": "큰술"
		},
		{
			"ingre_name": "물",
			"ingre_count": "1",
			"ingre_unit": "컵"
		},
		{
			"ingre_name": "후춧가루",
			"ingre_count": "",
			"ingre_unit": "약간"
		}
	],
	"recipe": [
		"1. 어묵 살짝 데치거나 끓는물을 끼얹어 기름기를 뺀뒤 먹기좋은크기로 썰어주시구요. 양파도 굵직하게 채썰어줍니다. 대파와 고추는 어슷썰어주시고요.",
		"2. 냄비에 재료와 양념, 물 모두 한번에 다 넣어줍니다.",
		"3. 재료와 양념을 몽땅 넣고 어묵에 양념이 잘베이도록 보글 보글 조려주면 땡. 조림장이 1/3쯤 남도록 촉촉하게 조려서 어묵이랑 조림국물이랑 같이 떠 먹으면 맛있어요."
	],
	"recipe_img": [
		"https://recipe1.ezmember.co.kr/cache/recipe/2015/08/26/20995431e4250a8c145029ded9daf4171.jpg",
		"https://recipe1.ezmember.co.kr/cache/recipe/2015/08/26/f8d154ea0ec8f06bbbf776e02458e2f81.jpg",
		"https://recipe1.ezmember.co.kr/cache/recipe/2015/08/26/24df5779185b3a06a73f0d1bb91f1be41.jpg"
	]
}