{
	"id": "1701984",
	"name": "매생이떡국 끓이기",
	"thumbnail": "https://recipe1.ezmember.co.kr/cache/recipe/2015/09/03/b2f8efc58358926652638c321c92fc62.jpg",
	"url": "https://www.10000recipe.com/recipe/1701984",
	"ingredient_ids": [
		93,
		27,
		660,
		497,
		349,
		233
	],
	"time": "30",
	"ingre_list": [
		{
			"ingre_name": "매생이",
			"ingre_count": "1/2",
			"ingre_unit": "타래"
		},
		{
			"ingre_name": "생굴",
			"ingre_count": "200",
			"ingre_unit": "그램"
		},
		{
			"ingre_name": "떡국떡",
			"ingre_count": "500",
			"ingre_unit": "그램"
		},
		{
			"ingre_name": "대파",
			"ingre_count": "1",
			"ingre_unit": "줄기"
		},
		{
			"ingre_name": "참기름",
			"ingre_count": "2",
			"ingre_unit": "큰술"
		},
		{
			"ingre_name": "소금",
			"ingre_count": "1",
			"ingre_unit": "작은술"
		},
		{
			"ingre_name": "국간장",
			"ingre_count": "1",
			"ingre_unit": "큰술"
		},
		{
			"ingre_name": "다시국물",
			"ingre_count": "2",
			"ingre_unit": "컵"
		},
		{
			"ingre_name": "다진마늘",
			"ingre_count": "1",
			"ingre_unit": "작은술"
		}
	],
	"recipe": [
		"1. 매생이는 맑은 초록물이 나올때까지 잡티를 걸러내며 여러번 씻어 헹궈 줍니다. 굴 또한 껍질과 불순물을 걸러내며 여러번 씻어 헹궈 줍니다. 중불로 달군 냄비에 참기름을 넣고 매생이를 눌지 않고 볶아 줍니다. 매생이를 볶다가 국간장을 넣고 굴과 다진마늘도 넣고 볶아 줍니다. 여기에 다시국물을 넣어 줍니다.",
		"2. 소금을 넣고 한소끔 끓이다가 김이 오르면 떡국떡을 넣어 줍니다. 보글보글 끓어 오르면 썰어둔 대파를 넣고 마무리 합니다. 간을 보고 모자라는 간은 추가해 주세요.",
		"3. 국물이 시원한 매생이 떡국 완성!!"
	],
	"recipe_img": [
		"https://recipe1.ezmember.co.kr/cache/recipe/2015/09/03/5358278957ba7f288e1addacb8199ae41.jpg",
		"https://recipe1.ezmember.co.kr/cache/recipe/2015/09/03/2186e5b4da5780ce5e979c1f613562831.jpg",
		"https://recipe1.ezmember.co.kr/cache/recipe/2015/09/03/7a5695cba3018beab228e65f1e4eab2a1.jpg"
	]
}