{
	"id": "1701808",
	"name": "떡볶이",
	"thumbnail": "https://recipe1.ezmember.co.kr/cache/recipe/2015/08/26/a4195018ebe12c17083e9871f7acca24.jpg",
	"url": "https://www.10000recipe.com/recipe/1701808",
	"ingredient_ids": [
		972,
		548,
		473,
		233
	],
	"time": "30",
	"ingre_list": [
		{
			"ingre_name": "떡볶이떡",
			"ingre_count": "2",
			"ingre_unit": "줌"
		},
		{
			"ingre_name": "어묵",
			"ingre_count": "1",
			"ingre_unit": "줌"
		},
		{
			"ingre_name": "고추장",
			"ingre_count": "2",
			"ingre_unit": "장"
		},
		{
			"ingre_name": "다진마늘",
			"ingre_count": "0.",
			"ingre_unit": ".큰술"
		},
		{
			"ingre_name": "맛선생",
			"ingre_count": "0.",
			"ingre_unit": ".큰술"
		}
	],
	"recipe": [
		"1. 끓는물에 고추장, 마늘, 맛선생, 떡볶이떡을 넣고 떡이 어느정도 익을때까지 끓여주세요.",
		"2. 판엿과 어묵을 넣고 졸여주면 완성.판엿을 넣으면 설탕, 물엿을 넣은것과 다르게 떡볶이 국물이 걸쭉해지고 달달한것이 참 맛나요.",
		"3. 국물이 자작할때까지 졸여주시고 접시에 냅니다."
	],
	"recipe_img": [
		"https://recipe1.ezmember.co.kr/cache/recipe/2015/08/26/3ded484dcfefd119aa3e56fe76a732ef1.jpg",
		"https://recipe1.ezmember.co.kr/cache/recipe/2015/08/26/0f35cad4948aff3500655f8c8c596f071.jpg",
		"https://recipe1.ezmember.co.kr/cache/recipe/2015/08/26/238948418ce51584ecd20abb046f804e1.jpg"
	]
}