{
	"id": "1703671",
	"name": "쫄깃한 닭똥집 볶음 ",
	"thumbnail": "https://recipe1.ezmember.co.kr/cache/recipe/2015/08/26/223afb35eeb85111453a0b4940db1b75.jpg",
	"url": "https://www.10000recipe.com/recipe/1703671",
	"ingredient_ids": [
		329,
		3,
		574,
		233,
		846,
		497
	],
	"time": "30",
	"ingre_list": [
		{
			"ingre_name": "닭똥집",
			"ingre_count": "250",
			"ingre_unit": "g"
		},
		{
			"ingre_name": "양파",
			"ingre_count": "1/2",
			"ingre_unit": "쪽"
		},
		{
			"ingre_name": "올리브유",
			"ingre_count": "",
			"ingre_unit": "적당량"
		},
		{
			"ingre_name": "다진마늘",
			"ingre_count": "1",
			"ingre_unit": "Ts"
		},
		{
			"ingre_name": "청주",
			"ingre_count": "1",
			"ingre_unit": "Ts"
		},
		{
			"ingre_name": "후추",
			"ingre_count": "",
			"ingre_unit": "조금"
		},
		{
			"ingre_name": "소금",
			"ingre_count": "",
			"ingre_unit": "조금"
		}
	],
	"recipe": [
		"1. 닭똥집은 먹기 좋은 크기로 썰어서 청주에 버무려 두세요. 소금, 후추. 청주를 같이 넣고 버무려 두셨다가 바로 볶으셔도 되고 그냥 따로 소금 후추를 넣어서 볶으셔도 되고 상관없어요.",
		"2. 들어갈 야채들을 썰어 준비하세요.",
		"3. 올리브유 0.5Ts, 참기름 0.5Ts로 넣고 다진마늘과 닭똥집을 넣고 볶아 주세요.",
		"4. 달달달~ 닭똥집이 익을때까지 볶아주세요. 홍고추 넣어서 볶으시다가 이때 소금을 조금 넣어서 간해주시면 된답니다. 소금간은 많이 하실 필요는 없어요. 나중에 부족한 간은 기름장 만들어서 찍어 먹으면 되니까요.",
		"5. 닭똥집이 거의 익었다 싶을때, 야채들을 넣고 달달달~~ 볶아주세요. 양파가 투명해지면 불에서 내리시면 됩니다."
	],
	"recipe_img": [
		"https://recipe1.ezmember.co.kr/cache/recipe/2015/08/26/d682db672962c047e9cce692bcd86b5d1.jpg",
		"https://recipe1.ezmember.co.kr/cache/recipe/2015/08/26/24354875c7b3928f57f015188e0e6d1f1.jpg",
		"https://recipe1.ezmember.co.kr/cache/recipe/2015/08/26/c000a84988d7fd0e348edc007bafa4dd1.jpg",
		"https://recipe1.ezmember.co.kr/cache/recipe/2015/08/26/d9d4267baa18017c65cfbf4ea143150a1.jpg",
		"https://recipe1.ezmember.co.kr/cache/recipe/2015/08/26/9ef33703af9b8e09a1887f0ab61e620f1.jpg"
	]
}