{
	"id": "1703300",
	"name": "까르보나라 스파게티",
	"thumbnail": "https://recipe1.ezmember.co.kr/cache/recipe/2015/06/08/13213505ccaacdf5bc49459c31fe0783.jpg",
	"url": "https://www.10000recipe.com/recipe/1703300",
	"ingredient_ids": [
		735,
		406,
		233,
		225,
		497,
		198,
		868,
		485
	],
	"time": "30",
	"ingre_list": [
		{
			"ingre_name": "스파게티면",
			"ingre_count": "3",
			"ingre_unit": "인분"
		},
		{
			"ingre_name": "베이컨",
			"ingre_count": "7",
			"ingre_unit": "줄"
		},
		{
			"ingre_name": "다진마늘",
			"ingre_count": "1",
			"ingre_unit": "숟가락"
		},
		{
			"ingre_name": "후춧가루",
			"ingre_count": "",
			"ingre_unit": "약간"
		},
		{
			"ingre_name": "소금",
			"ingre_count": "",
			"ingre_unit": "약간"
		},
		{
			"ingre_name": "버터",
			"ingre_count": "1",
			"ingre_unit": "숟가락"
		},
		{
			"ingre_name": "파슬리가루",
			"ingre_count": "",
			"ingre_unit": "약간"
		},
		{
			"ingre_name": "브로컬리",
			"ingre_count": "",
			"ingre_unit": "약간"
		},
		{
			"ingre_name": "파마산치즈가루",
			"ingre_count": "",
			"ingre_unit": "약간"
		},
		{
			"ingre_name": "생크림",
			"ingre_count": "300",
			"ingre_unit": "ml"
		},
		{
			"ingre_name": "우유",
			"ingre_count": "150",
			"ingre_unit": "ml"
		}
	],
	"recipe": [
		"1. 물을 넉넉히 넣고 팔팔 끓으면 소금을 1큰술,올리브유 1큰술 정도 넣어 스파게티 면을 삶아 주세요. 삶은 면을 체에 받쳐 물기를 쪼옥 빼 주세요.",
		"2. 버터 반 숟가락정도를 달구어진 후라이팬에 넣고 다진마늘을 볶다가 베이컨을 살짝 익혀 주세요. 생크림과 우유를 넣고 후춧가루, 소금으로 간을 하신 후에 걸쭉해 질정도로 끓여 주세요.",
		"3. 체에 받쳐 물기를 뺀 스파게티는 버터 반숟가락을 넣고 후라이팬에 살짝 볶아 주세요. 소스가 걸쭉해지면 버터를 코팅한 스파게티 국수를 넣고 고루 섞이도록 버무려 주신 후에 접시에 담아 주세요."
	],
	"recipe_img": [
		"https://recipe1.ezmember.co.kr/cache/recipe/2015/07/28/1fa5c90acb0b7466af9e5d02af3289351.jpg",
		"https://recipe1.ezmember.co.kr/cache/recipe/2015/07/28/8251260cce25fc6753e26da4890333f91.jpg",
		"https://recipe1.ezmember.co.kr/cache/recipe/2015/07/28/a5740f9d5fd4fcca84680a6efc88cb691.jpg"
	]
}