{
	"id": "1707734",
	"name": "황태채 볶음",
	"thumbnail": "https://recipe1.ezmember.co.kr/cache/recipe/2015/08/26/cfda7a31a807500d51c825d6b26e5fb5.jpg",
	"url": "https://www.10000recipe.com/recipe/1707734",
	"ingredient_ids": [
		973,
		660,
		543,
		473,
		379,
		341,
		226,
		292,
		233,
		574,
		497
	],
	"time": "15",
	"ingre_list": [
		{
			"ingre_name": "황태채",
			"ingre_count": "70",
			"ingre_unit": "g"
		},
		{
			"ingre_name": "참기름",
			"ingre_count": "1",
			"ingre_unit": "큰술"
		},
		{
			"ingre_name": "통깨",
			"ingre_count": "",
			"ingre_unit": "약간"
		},
		{
			"ingre_name": "고추장",
			"ingre_count": "1.",
			"ingre_unit": ".큰술"
		},
		{
			"ingre_name": "간장",
			"ingre_count": "1",
			"ingre_unit": "큰술"
		},
		{
			"ingre_name": "물엿",
			"ingre_count": "1",
			"ingre_unit": "큰술"
		},
		{
			"ingre_name": "설탕",
			"ingre_count": "0.",
			"ingre_unit": ".큰술"
		},
		{
			"ingre_name": "맛술",
			"ingre_count": "1",
			"ingre_unit": "큰술"
		},
		{
			"ingre_name": "다진파",
			"ingre_count": "",
			"ingre_unit": "약간"
		},
		{
			"ingre_name": "다진마늘",
			"ingre_count": "",
			"ingre_unit": "약간"
		},
		{
			"ingre_name": "올리브유",
			"ingre_count": "1",
			"ingre_unit": "큰술"
		},
		{
			"ingre_name": "소금",
			"ingre_count": "",
			"ingre_unit": "약간"
		}
	],
	"recipe": [
		"1. 황태채는 먹기좋게 잘라주시구요 체에 담아 찌꺼기를 한번 털어내 줍니다.",
		"2. 분량의 소스를 팬에 담아 끓여줍니다.",
		"3. 서히 끓어오를즈음 황태채를 넣어 섞어준후 불을 꺼줍니다. 여기에 참기름 1큰술과 통깨를 넣어 마무리 합니다."
	],
	"recipe_img": [
		"https://recipe1.ezmember.co.kr/cache/recipe/2015/08/26/25342ca58a4a31e95153ed3938eee94a1.jpg",
		"https://recipe1.ezmember.co.kr/cache/recipe/2015/08/26/51ef627965aabcc0379a3f17f36b88941.jpg",
		"https://recipe1.ezmember.co.kr/cache/recipe/2015/08/26/5e79db667a2550b587d292e7be66b9731.jpg"
	]
}