{
	"id": "1708078",
	"name": "무파래초무침만들기",
	"thumbnail": "https://recipe1.ezmember.co.kr/cache/recipe/2015/06/08/c4d0dd634bd96f0270815622361751b3.jpg",
	"url": "https://www.10000recipe.com/recipe/1708078",
	"ingredient_ids": [
		92,
		19,
		142,
		231,
		226,
		497,
		231,
		287,
		233,
		290
	],
	"time": "15",
	"ingre_list": [
		{
			"ingre_name": "파래",
			"ingre_count": "2",
			"ingre_unit": "뭉치"
		},
		{
			"ingre_name": "무",
			"ingre_count": "1",
			"ingre_unit": "줌"
		},
		{
			"ingre_name": "배",
			"ingre_count": "1",
			"ingre_unit": "줌"
		},
		{
			"ingre_name": "식초",
			"ingre_count": "1",
			"ingre_unit": "T"
		},
		{
			"ingre_name": "설탕",
			"ingre_count": "1/2",
			"ingre_unit": "T"
		},
		{
			"ingre_name": "소금",
			"ingre_count": "1",
			"ingre_unit": "T"
		},
		{
			"ingre_name": "식초",
			"ingre_count": "3",
			"ingre_unit": "T"
		},
		{
			"ingre_name": "설탕1+1/2T",
			"ingre_count": "1+1/2",
			"ingre_unit": "T"
		},
		{
			"ingre_name": "까나리액젓",
			"ingre_count": "1",
			"ingre_unit": "T"
		},
		{
			"ingre_name": "다진마늘",
			"ingre_count": "1",
			"ingre_unit": "T"
		},
		{
			"ingre_name": "다진파",
			"ingre_count": "1",
			"ingre_unit": "T"
		},
		{
			"ingre_name": "깨",
			"ingre_count": "",
			"ingre_unit": "약간"
		}
	],
	"recipe": [
		"1. 파래를 깨끗히 씻습니다. 물에 넣어 흔들흔들 씻고 파래에 껴있는 불순물 제거해주시고 소쿠리에 받혀 물기 빼서 준비하심 됩니다.",
		"2. 무와 배를 채썰어 주세요.",
		"3. 식초 1T, 설탕 1/2T, 소금 1t 무를 먼저 밑간해둬야 파래를 무쳤을때도 무가 따로 놀지않고 좋답니다.",
		"4. 식초 3T, 설탕 1½T, 까나리액젓 1T, 다진마늘 1T, 다진파 1T 양념을 한데 잘 섞어 두세요. 식초와 설탕의 양은 취향것 가감하시면 됩니다.",
		"5. 파래 두뭉치 볼에 넣으시고 잘 절여진 무와 배도 한데 넣고 양념장 붓고 깨 솔솔 뿌려서 해치듯이 무쳐줍니다. 파래를 머리 헝클어뜨리듯이 해쳐가며 무쳐주셔요. 무 절임 물도 모두 넣어주세요."
	],
	"recipe_img": [
		"https://recipe1.ezmember.co.kr/cache/recipe/2015/09/30/5d3266f90ba81038826ff082ff24d0471.jpg",
		"https://recipe1.ezmember.co.kr/cache/recipe/2015/09/30/925413101ff8bf11babd311b1b58273f1.jpg",
		"https://recipe1.ezmember.co.kr/cache/recipe/2015/09/30/36da680a2e8c749dc55c8da909c82eb71.jpg",
		"https://recipe1.ezmember.co.kr/cache/recipe/2015/09/30/222498bbe4e8606b665a62c2a0ae64c31.jpg",
		"https://recipe1.ezmember.co.kr/cache/recipe/2015/09/30/5eed8f3d63ffa5a04b54c8473fdbfb341.jpg"
	]
}