{
	"id": "1709905",
	"name": "조기매운탕만들기",
	"thumbnail": "https://recipe1.ezmember.co.kr/cache/recipe/2015/06/08/c5595fd27b7e99ef9e177782a5391a54.jpg",
	"url": "https://www.10000recipe.com/recipe/1709905",
	"ingredient_ids": [
		76,
		3,
		295,
		19,
		224,
		379,
		233,
		660,
		226,
		225
	],
	"time": "30",
	"ingre_list": [
		{
			"ingre_name": "조기",
			"ingre_count": "5",
			"ingre_unit": "마리"
		},
		{
			"ingre_name": "양파",
			"ingre_count": "1/2",
			"ingre_unit": "개"
		},
		{
			"ingre_name": "청양고추",
			"ingre_count": "1",
			"ingre_unit": "개"
		},
		{
			"ingre_name": "홍고추",
			"ingre_count": "1",
			"ingre_unit": "개"
		},
		{
			"ingre_name": "무",
			"ingre_count": "",
			"ingre_unit": "약간"
		},
		{
			"ingre_name": "고춧가루",
			"ingre_count": "2",
			"ingre_unit": "숟가락"
		},
		{
			"ingre_name": "간장",
			"ingre_count": "1",
			"ingre_unit": "숟가락"
		},
		{
			"ingre_name": "다진마늘",
			"ingre_count": "1",
			"ingre_unit": "숟가락"
		},
		{
			"ingre_name": "참기름",
			"ingre_count": "1/2",
			"ingre_unit": "숟가락"
		},
		{
			"ingre_name": "설탕",
			"ingre_count": "1",
			"ingre_unit": "꼬집"
		},
		{
			"ingre_name": "매실액1/2숟가락(또는미림이나맛술)",
			"ingre_count": "1/2숟가락(또는 미림이나 맛술)",
			"ingre_unit": "숟가락(또는 미림이나 맛술)"
		},
		{
			"ingre_name": "후춧가루",
			"ingre_count": "",
			"ingre_unit": "약간"
		},
		{
			"ingre_name": "어슷썬파",
			"ingre_count": "1",
			"ingre_unit": "대"
		}
	],
	"recipe": [
		"1. 재료를 손질해서 준비하고요.",
		"2. 맨 밑에 무를 잘라 깔아 주시고 그 위에 손질한 조기와 물에 개어 놓은 양념을 얹어 뚜껑을 덮고 중불에서 은근히 끓여 주세요.",
		"3. 조기가 어느정도 간이 되었느냐에 따라 간이 결정이 되는데요. 혹시 싱겁다 하실경우 소금을 조금 더 첨가하시고 짜다 하실 경우 끓인물을 조금 더 넣어 간을 조절해 주시면 된답니다. 조기조림으로 드시고 싶을 경우 물양을 조금 덜 잡으시면 되고요. 국물을 자박하게 잡으시면 조기찌개 또는 조기매운탕이 되는 거랍니다.",
		"4. 완성입니다."
	],
	"recipe_img": [
		"https://recipe1.ezmember.co.kr/cache/recipe/2015/09/30/a471c47263f4199f74c2b530263a7b5b1.jpg",
		"https://recipe1.ezmember.co.kr/cache/recipe/2015/09/30/b7ae1f2d726a1ec626d23ea912b9fccd1.jpg",
		"https://recipe1.ezmember.co.kr/cache/recipe/2015/09/30/7a24e6f7f5a6c75480f7491f9c29f00a1.jpg",
		"https://recipe1.ezmember.co.kr/cache/recipe/2015/09/30/b39029889089b3ff348d71d0ff47ef491.jpg"
	]
}