{
	"id": "1721340",
	"name": "생선매운탕",
	"thumbnail": "https://recipe1.ezmember.co.kr/cache/recipe/2015/06/08/35b4b04c0c45369e4128f123c0030302.gif",
	"url": "https://www.10000recipe.com/recipe/1721340",
	"ingredient_ids": [
		848,
		224,
		473,
		497
	],
	"time": "30",
	"ingre_list": [
		{
			"ingre_name": "냉장고속야채",
			"ingre_count": "",
			"ingre_unit": ""
		},
		{
			"ingre_name": "생선",
			"ingre_count": "",
			"ingre_unit": ""
		},
		{
			"ingre_name": "된장",
			"ingre_count": "",
			"ingre_unit": ""
		},
		{
			"ingre_name": "고춧가루",
			"ingre_count": "",
			"ingre_unit": ""
		},
		{
			"ingre_name": "고추장",
			"ingre_count": "",
			"ingre_unit": ""
		},
		{
			"ingre_name": "소금",
			"ingre_count": "",
			"ingre_unit": ""
		}
	],
	"recipe": [],
	"recipe_img": []
}