{
	"id": "1721356",
	"name": "생크림 없는 크림스파게티",
	"thumbnail": "https://recipe1.ezmember.co.kr/cache/recipe/2015/06/08/7805a907dc3e3ff784e1ef60533db4f9.jpg",
	"url": "https://www.10000recipe.com/recipe/1721356",
	"ingredient_ids": [
		29,
		3,
		82,
		198,
		497
	],
	"time": "30",
	"ingre_list": [
		{
			"ingre_name": "스파게티면2인분(160g)",
			"ingre_count": "2인분(160g)",
			"ingre_unit": "인분(g)"
		},
		{
			"ingre_name": "밀가루1+1/2큰술",
			"ingre_count": "1+1/2",
			"ingre_unit": "큰술"
		},
		{
			"ingre_name": "우유",
			"ingre_count": "1",
			"ingre_unit": "컵"
		},
		{
			"ingre_name": "마늘",
			"ingre_count": "3",
			"ingre_unit": "톨"
		},
		{
			"ingre_name": "양파",
			"ingre_count": "1/2",
			"ingre_unit": "개"
		},
		{
			"ingre_name": "굴",
			"ingre_count": "2/3",
			"ingre_unit": "컵"
		},
		{
			"ingre_name": "버터",
			"ingre_count": "1",
			"ingre_unit": "큰술"
		},
		{
			"ingre_name": "소금",
			"ingre_count": "",
			"ingre_unit": "약간"
		},
		{
			"ingre_name": "후추",
			"ingre_count": "",
			"ingre_unit": "약간"
		}
	],
	"recipe": [
		"1. 굴은 흐르는물에 씻어서 레몬즙을 약간 뿌려 고루 섞어두시고 마늘은 편으로 양파는 가늘게 채썰어주세요",
		"2. 팬에 버터를 넣고 약불로 녹여주신후 밀가루를 넣고 덩어리지지않게 고루 저어주세요. 우유를 넣고 걸죽해질때까지 저어주신후 크림스프처럼 걸죽하고 고소한 향이 나면 불을 꺼주세요",
		"3. 팬에 올리브유를 두르고 마늘편을 먼저 볶아 향을 내주신후 양파채를 넣고 고루 볶아주세요. 양파가 투명하게 고루 익었으면 레몬즙 뿌려둔 굴을 넣고 가볍게 휘저으며 볶아주세요. 굴이 불투명해지면서 익은게 보이면 미리 만들어둔 크림소스를 넣고 고루 저어 주세요",
		"4. 잠시 볶아주다 소금, 후추로 간을 하고 치즈가루를 뿌려 마무리를 해주세요",
		"5. 소스를 만들기 시작하며 면 삶을 물을 끓여 소스가 완성될때쯤 면도 다 삶아졌어요"
	],
	"recipe_img": [
		"https://recipe1.ezmember.co.kr/cache/recipe/2015/07/28/5ada7bd308b941482a5c6ea9657f79bf1.jpg",
		"https://recipe1.ezmember.co.kr/cache/recipe/2015/07/28/21be6bbc2edda47aa01a5e6ff882e6081.jpg",
		"https://recipe1.ezmember.co.kr/cache/recipe/2015/07/28/ad65f875948bbeca9f4194cc0421baa31.jpg",
		"https://recipe1.ezmember.co.kr/cache/recipe/2015/07/28/f492df376796ad77dd0b6cfb4a7328ab1.jpg",
		"https://recipe1.ezmember.co.kr/cache/recipe/2015/07/28/8bc8576ef4573200b3537bdb3648401c1.jpg"
	]
}