{
	"id": "1723482",
	"name": "진미채 무침",
	"thumbnail": "https://recipe1.ezmember.co.kr/cache/recipe/2015/06/08/ab9970a26aadcce083f63bf7a00901e5.jpg",
	"url": "https://www.10000recipe.com/recipe/1723482",
	"ingredient_ids": [
		3,
		295,
		27,
		473,
		224,
		575,
		846,
		233,
		660,
		543,
		545
	],
	"time": "15",
	"ingre_list": [
		{
			"ingre_name": "백진미",
			"ingre_count": "300",
			"ingre_unit": "g"
		},
		{
			"ingre_name": "양파",
			"ingre_count": "1",
			"ingre_unit": "개"
		},
		{
			"ingre_name": "청양고추",
			"ingre_count": "3",
			"ingre_unit": "개"
		},
		{
			"ingre_name": "대파",
			"ingre_count": "1/2",
			"ingre_unit": "대"
		},
		{
			"ingre_name": "고추장",
			"ingre_count": "1",
			"ingre_unit": "큰술"
		},
		{
			"ingre_name": "고춧가루",
			"ingre_count": "1",
			"ingre_unit": "큰술"
		},
		{
			"ingre_name": "진간장",
			"ingre_count": "2",
			"ingre_unit": "큰술"
		},
		{
			"ingre_name": "올리고당",
			"ingre_count": "3",
			"ingre_unit": "큰술"
		},
		{
			"ingre_name": "청주",
			"ingre_count": "1",
			"ingre_unit": "큰술"
		},
		{
			"ingre_name": "다진마늘",
			"ingre_count": "1",
			"ingre_unit": "큰술"
		},
		{
			"ingre_name": "참기름",
			"ingre_count": "",
			"ingre_unit": "약간"
		},
		{
			"ingre_name": "통깨",
			"ingre_count": "",
			"ingre_unit": "약간"
		},
		{
			"ingre_name": "천일염",
			"ingre_count": "1",
			"ingre_unit": "작은술"
		}
	],
	"recipe": [
		"1. 냄비에 물과 소금을 넣어 살짝 데칩니다.",
		"2. 데친 진미채는 찬물에 헹궈 둡니다.",
		"3. 분량의 소스를 팬에 넣어 끓어오르면 불을 끕니다.",
		"4. 야채를 먼저 넣어줍니다.",
		"5. 진미채를 넣고 불을 끈 상태에서 잘 섞어줍니다."
	],
	"recipe_img": [
		"https://recipe1.ezmember.co.kr/cache/recipe/2015/06/16/fb649e0e1cc7c5d8e7142e284f02360f1.jpg",
		"https://recipe1.ezmember.co.kr/cache/recipe/2015/06/16/457ba62167607c77b737acfc473fe4e11.jpg",
		"https://recipe1.ezmember.co.kr/cache/recipe/2015/06/16/5ef1a037cf94dc5971ccffde47bca98c1.jpg",
		"https://recipe1.ezmember.co.kr/cache/recipe/2015/06/16/b395d719d193ca79e9d8d8d89ecabf421.jpg",
		"https://recipe1.ezmember.co.kr/cache/recipe/2015/06/16/9611ae5a473c32f4bb3a39c28fd8ec4f1.jpg"
	]
}