{
	"id": "1724118",
	"name": "구수한 청국장 한그릇",
	"thumbnail": "https://recipe1.ezmember.co.kr/cache/recipe/2015/08/25/259da042df16d6425fdbf3a587fd59ab.jpg",
	"url": "https://www.10000recipe.com/recipe/1724118",
	"ingredient_ids": [
		670,
		323
	],
	"time": "30",
	"ingre_list": [
		{
			"ingre_name": "청국장",
			"ingre_count": "120",
			"ingre_unit": "g"
		},
		{
			"ingre_name": "두부",
			"ingre_count": "1/2",
			"ingre_unit": "모"
		},
		{
			"ingre_name": "육수1+1/2cup",
			"ingre_count": "1+1/2",
			"ingre_unit": "cup"
		}
	],
	"recipe": [
		"1. 양파,고추,파 등 썰어주시고 두부는 반은 깍뚝썰고 반은 칼등으로 으깨어 준비했어요.",
		"2. 집에 무말랭이가 한가득 있어 무말랭이 넣어 만들어 보았어요. 이것 역시 취향껏 고기 볶아 김치 넣어 만드셔도 되고 이것도 귀찮다 없다 하시면 아무것도 넣지 않으셔도 되지용 무말랭이를 기름에 살짝 볶아 육수를 부워 끓여주세요.",
		"3. 육수가 끓으면 청국장을 넣어 풀어주세요.",
		"4. 청국장이 잘 풀어지면 양파 넣어주시구요. 호박.버섯등 있다면 넣어주시면 더욱 맛있겠지요.",
		"5. 그리고 으깨어둔 두부 넣어 풀어주시다가 깍뚝썰은 두부 마저 넣어 끓여줍니다.",
		"6. 그리고 고추와 파로 마무리 하면 끝!!"
	],
	"recipe_img": [
		"https://recipe1.ezmember.co.kr/cache/recipe/2015/08/27/e6ca4d63bd2da0e2e43a02511d8a0a231.jpg",
		"https://recipe1.ezmember.co.kr/cache/recipe/2015/08/27/d1de35a47caf8847234a5ff168bc542c1.jpg",
		"https://recipe1.ezmember.co.kr/cache/recipe/2015/08/27/9e9f0b6aa68435c41964631b4c94a02a1.jpg",
		"https://recipe1.ezmember.co.kr/cache/recipe/2015/08/27/3dbb055837ab35c34c5b53f9c7eeb1f41.jpg",
		"https://recipe1.ezmember.co.kr/cache/recipe/2015/08/27/947ffa2b87cb964fa7274fab74a9c9f71.jpg",
		"https://recipe1.ezmember.co.kr/cache/recipe/2015/08/27/0d956a4dd7e34500febf4c574b8f6894.jpg"
	]
}