{
	"id": "1758257",
	"name": "육포 만들기 ",
	"thumbnail": "https://recipe1.ezmember.co.kr/cache/recipe/2015/09/16/634bea702e50f47e08ccd76027cf8080.jpg",
	"url": "https://www.10000recipe.com/recipe/1758257",
	"ingredient_ids": [
		511,
		379,
		226,
		227,
		847,
		618
	],
	"time": "2이상",
	"ingre_list": [
		{
			"ingre_name": "소고기우둔살",
			"ingre_count": "1800",
			"ingre_unit": "g"
		},
		{
			"ingre_name": "간장",
			"ingre_count": "150",
			"ingre_unit": "ml"
		},
		{
			"ingre_name": "설탕",
			"ingre_count": "6",
			"ingre_unit": "숟가락"
		},
		{
			"ingre_name": "꿀",
			"ingre_count": "12",
			"ingre_unit": "숟가락"
		},
		{
			"ingre_name": "배즙",
			"ingre_count": "8",
			"ingre_unit": "숟가락"
		},
		{
			"ingre_name": "마늘즙",
			"ingre_count": "4",
			"ingre_unit": "숟가락"
		},
		{
			"ingre_name": "정종",
			"ingre_count": "4",
			"ingre_unit": "숟가락"
		},
		{
			"ingre_name": "흰후추",
			"ingre_count": "",
			"ingre_unit": "약간"
		}
	],
	"recipe": [
		"1. 소고기는 우둔살로 준비를 했답니다. (장조림용) 정육점에서 사실경우 육포용으로 0.3cm 두께로 썰어 달라 하시면 될꺼예요. 먼저 키친타월에 얹어 핏물을 빼주세요.",
		"2. 제시해 드린 양념들을 큰 불에 고루 섞어 주세요. 잘라 놓은 고기를 20분정도 담가 재워 주신 후에 채반이나 건조기에 올려 말려 주시면 된답니다. 전 건조기로 10시간 정도 70도에 말렸더니 바짝 말라 있더라구요.",
		"3. 10시간정도 말린 소고기 육포예요. 3근정도 했는데 양이 얼마나 적던지~~ 말린 육포를 차곡차곡 쌓아 무거운 물건으로 눌러 1시간 정도 눌러 주세요.",
		"4. 너무나 맛난 소고기육포가 완성이 되었어요. 드시는 방법은 전 양념을 재울때 참기름을 넣지 않았답니다. 참기름 살짝 발라 전자렌지에 1분정도 돌려 드시면 될꺼예요. 저흰 그냥 참기름 바르지 않고 전자렌지에 돌려 먹었답니다. 그냥 심심풀이로 먹기에도 넘 좋고 단백질 듬뿍 아이들 간식으로도 넘 좋고 술상에 올리는 고급 술안주가 되더라구요. 사실 건조기가 없으신 분들 약간 고민되시죠??? 요즘 실내 참 많이 따뜻하잖아요. 채반에 널어 조금만 말려보세요.전자레인지"
	],
	"recipe_img": [
		"https://recipe1.ezmember.co.kr/cache/recipe/2015/09/16/8eca41d2d55c0a09b435f60f34309ae71.jpg",
		"https://recipe1.ezmember.co.kr/cache/recipe/2015/09/16/efff22a8d840083aa22a7bed4414bbc01.jpg",
		"https://recipe1.ezmember.co.kr/cache/recipe/2015/09/16/f3ceb209e83f697fde9f90beb37481591.jpg",
		"https://recipe1.ezmember.co.kr/cache/recipe/2015/09/16/57b461add30eb8ff2fceba5b279603e8.jpg"
	]
}