{
	"id": "1760216",
	"name": "굴 떡만두국 끓이기",
	"thumbnail": "https://recipe1.ezmember.co.kr/cache/recipe/2015/09/16/6bae2577486220bac8aa05d4e92429e3.jpg",
	"url": "https://www.10000recipe.com/recipe/1760216",
	"ingredient_ids": [
		53,
		82,
		90,
		911,
		320,
		497,
		379
	],
	"time": "30",
	"ingre_list": [
		{
			"ingre_name": "떡",
			"ingre_count": "",
			"ingre_unit": "적당량"
		},
		{
			"ingre_name": "표고버섯",
			"ingre_count": "",
			"ingre_unit": ""
		},
		{
			"ingre_name": "굴",
			"ingre_count": "",
			"ingre_unit": "조금"
		},
		{
			"ingre_name": "만두",
			"ingre_count": "",
			"ingre_unit": "조금"
		},
		{
			"ingre_name": "계란",
			"ingre_count": "1",
			"ingre_unit": "개"
		},
		{
			"ingre_name": "다시마",
			"ingre_count": "",
			"ingre_unit": ""
		},
		{
			"ingre_name": "버섯",
			"ingre_count": "",
			"ingre_unit": ""
		},
		{
			"ingre_name": "멸치",
			"ingre_count": "",
			"ingre_unit": ""
		},
		{
			"ingre_name": "소금",
			"ingre_count": "",
			"ingre_unit": ""
		},
		{
			"ingre_name": "간장",
			"ingre_count": "",
			"ingre_unit": ""
		}
	],
	"recipe": [
		"1. 우선 떡은 물에 불려주시고요~",
		"2. 다시재료 팍팍 넣어서 다시국물을 시원하게 내요~",
		"3. 다시재료였던 표고를 썰어서 다시국물에 넣어주고~ 얼려뒀던 굴도 꺼내서~~궁물속에 퐁당~~넣어주세요~",
		"4. 굴과 표고를 넣고 다시한번 부글부글 끓여줍니다~",
		"5. 국물이 끓으면 불린 떡을 넣어줘요.",
		"6. 떡을 넣고 만두도 조금 넣어줬어요. 그렇게 다시 끓으면 계란을 넣고 휘저어주세요. 참!! 간은 소금이나 간장으로 취향에 맞게 하시면 됩니다.",
		"7. 다되면 그릇에 넣어주면 됩니다~ 그리고 위에 마지막으로 김을 올려주면 끝!!!!"
	],
	"recipe_img": [
		"https://recipe1.ezmember.co.kr/cache/recipe/2015/09/16/a4db866a8ab50b6a20baca612297ca351.jpg",
		"https://recipe1.ezmember.co.kr/cache/recipe/2015/09/16/5e675bfc9e200d9597892dd2af9510071.jpg",
		"https://recipe1.ezmember.co.kr/cache/recipe/2015/09/16/915c89c08f84c9d9774206586a519cb81.jpg",
		"https://recipe1.ezmember.co.kr/cache/recipe/2015/09/16/7483fbd6aea298dc6c3cb4df03ee62bb1.jpg",
		"https://recipe1.ezmember.co.kr/cache/recipe/2015/09/16/1f5a6d1a77b7d76d2617b3fd4e0d2de51.jpg",
		"https://recipe1.ezmember.co.kr/cache/recipe/2015/09/16/8ad0878dad9b29052983dcbe385f82221.jpg",
		"https://recipe1.ezmember.co.kr/cache/recipe/2015/09/16/22fa0a93f414113829c81678dc38ae66.jpg"
	]
}