{
	"id": "1760739",
	"name": "고소한 비지찌개",
	"thumbnail": "https://recipe1.ezmember.co.kr/cache/recipe/2015/06/08/c3064de39597ae5e23ac85731fc0d64f.jpg",
	"url": "https://www.10000recipe.com/recipe/1760739",
	"ingredient_ids": [
		487,
		953
	],
	"time": "30",
	"ingre_list": [
		{
			"ingre_name": "돼지고기",
			"ingre_count": "",
			"ingre_unit": "조금"
		},
		{
			"ingre_name": "김치",
			"ingre_count": "",
			"ingre_unit": "조금"
		}
	],
	"recipe": [
		"1. 돼지고기를 잘게 썰고 다진마늘,다진 파,참기름을 넣고 무칩니다.",
		"2. 김치는 먹기좋게 썰어줍니다.",
		"3. 고기와 김치를 들기름을 붓고 잘 볶습니다.",
		"4. 고기가 익으면 비지를 넣습니다. 그리고 약한 불에서 끓입니다.",
		"5. 간은 새우젓으로 하는게 맞는데 없으시면 소금으로 하셔도 괜찮아요. 비지찌개 완성입니다."
	],
	"recipe_img": [
		"https://recipe1.ezmember.co.kr/cache/recipe/2015/08/11/e4154e95d924e23e928a9ba95cc9510a1.jpg",
		"https://recipe1.ezmember.co.kr/cache/recipe/2015/08/11/8554311747b6f5026a84154dcb1d42e61.jpg",
		"https://recipe1.ezmember.co.kr/cache/recipe/2015/08/11/bccbd268b8054639cc8bfc1e7badbe961.jpg",
		"https://recipe1.ezmember.co.kr/cache/recipe/2015/08/11/26e5f41ed256792457f699c2051dea8a1.jpg",
		"https://recipe1.ezmember.co.kr/cache/recipe/2015/08/11/c1c115cfb2164a7fb9b2e9d2fdd715371.jpg"
	]
}