{
	"id": "1764745",
	"name": "감칠맛나는 고추장 불고기",
	"thumbnail": "https://recipe1.ezmember.co.kr/cache/recipe/2015/06/08/f88741d441410988ae3aef733a953b31.jpg",
	"url": "https://www.10000recipe.com/recipe/1764745",
	"ingredient_ids": [
		21,
		15,
		9,
		3,
		643,
		473,
		848,
		379,
		959,
		960,
		575,
		233,
		660
	],
	"time": "120",
	"ingre_list": [
		{
			"ingre_name": "제육볶음용돼지고기",
			"ingre_count": "400",
			"ingre_unit": "g"
		},
		{
			"ingre_name": "양배추",
			"ingre_count": "1",
			"ingre_unit": "줌"
		},
		{
			"ingre_name": "깻잎",
			"ingre_count": "5",
			"ingre_unit": "장"
		},
		{
			"ingre_name": "당근",
			"ingre_count": "",
			"ingre_unit": "약간"
		},
		{
			"ingre_name": "양파",
			"ingre_count": "1/2",
			"ingre_unit": "개"
		},
		{
			"ingre_name": "대파채",
			"ingre_count": "",
			"ingre_unit": "약간"
		},
		{
			"ingre_name": "풋고추",
			"ingre_count": "2",
			"ingre_unit": "개"
		},
		{
			"ingre_name": "고추장",
			"ingre_count": "2",
			"ingre_unit": "T"
		},
		{
			"ingre_name": "고추가루",
			"ingre_count": "1",
			"ingre_unit": "T"
		},
		{
			"ingre_name": "된장",
			"ingre_count": "1/2",
			"ingre_unit": "T"
		},
		{
			"ingre_name": "간장",
			"ingre_count": "1",
			"ingre_unit": "T"
		},
		{
			"ingre_name": "사과즙",
			"ingre_count": "2",
			"ingre_unit": "T"
		},
		{
			"ingre_name": "생강술",
			"ingre_count": "1",
			"ingre_unit": "T"
		},
		{
			"ingre_name": "올리고당",
			"ingre_count": "2",
			"ingre_unit": "T"
		},
		{
			"ingre_name": "다진마늘",
			"ingre_count": "1",
			"ingre_unit": "T"
		},
		{
			"ingre_name": "참기름",
			"ingre_count": "1/2",
			"ingre_unit": "T"
		},
		{
			"ingre_name": "후추가루",
			"ingre_count": "",
			"ingre_unit": "약간"
		}
	],
	"recipe": [
		"1. 분량의 양념대로 양념장을 만들어 고기를 재워줍니다. 된장을 조금 넣어주면 고추장 불고기에 감칠맛이 더해진답니다. 사과즙이 없으시면 배즙이나, 양파즙, 키위즙 등 과일을 갈아서 넣어주면 육질도 부드러워지고 단맛도 더해집니다.",
		"2. 요렇게 조물조물 빠~알갛게 재워서 냉장고 직행!! 적어도 한두시간은 재워두셔야 양념 쏙쏙 베어들어서 맛난답니다~",
		"3. 대파채와 양파는 물에 살짝 담궈 아린맛을 없애주세요. 모든 재료는 얇게 채썰어서 준비하시구요.",
		"4. 준비된 야채를 접시에 고루 펼쳐 놓습니다.",
		"5. 기름 살짝 두른 후라이팬에 고기를 볶아 주세요. 바짝 볶아 줍니다.",
		"6. 야채 깔아놓은 접시에 잘 볶아진 고기 얌전히 올려주시면~ 끝!"
	],
	"recipe_img": [
		"https://recipe1.ezmember.co.kr/cache/recipe/2015/08/25/046c589df8d190692ba95c158b9747a31.jpg",
		"https://recipe1.ezmember.co.kr/cache/recipe/2015/08/25/0a84e9f549fb0867e2dc8975f039ae231.jpg",
		"https://recipe1.ezmember.co.kr/cache/recipe/2015/08/25/ea34f96d4ee3bc383f18f73bca7b74f01.jpg",
		"https://recipe1.ezmember.co.kr/cache/recipe/2015/08/25/a8680d1a0e35ab9132cf1ef1f8fb64671.jpg",
		"https://recipe1.ezmember.co.kr/cache/recipe/2015/08/25/ad7cbf1444796e46c1643da2777d9a171.jpg",
		"https://recipe1.ezmember.co.kr/cache/recipe/2015/08/25/1b0d31d1258b55109c54ec37412ad63d1.jpg"
	]
}