{
	"id": "1766960",
	"name": "돗나물 무침 만들기 ",
	"thumbnail": "https://recipe1.ezmember.co.kr/cache/recipe/2015/09/16/75e846709700000ac35221c932b18b6e.jpg",
	"url": "https://www.10000recipe.com/recipe/1766960",
	"ingredient_ids": [
		8,
		3,
		473,
		226,
		233,
		231
	],
	"time": "10",
	"ingre_list": [
		{
			"ingre_name": "돗나물",
			"ingre_count": "1",
			"ingre_unit": "줌"
		},
		{
			"ingre_name": "오이",
			"ingre_count": "1/2",
			"ingre_unit": "개"
		},
		{
			"ingre_name": "양파",
			"ingre_count": "1/4",
			"ingre_unit": "개"
		},
		{
			"ingre_name": "고추장",
			"ingre_count": "2",
			"ingre_unit": "큰술"
		},
		{
			"ingre_name": "설탕",
			"ingre_count": "1",
			"ingre_unit": "큰술"
		},
		{
			"ingre_name": "다진마늘",
			"ingre_count": "1",
			"ingre_unit": "큰술"
		},
		{
			"ingre_name": "다진파",
			"ingre_count": "",
			"ingre_unit": "조금"
		},
		{
			"ingre_name": "식초",
			"ingre_count": "2",
			"ingre_unit": "큰술"
		}
	],
	"recipe": [
		"1. 오이와 양파를 적당하게 썹니다. 금방 먹을거라서 오이를 절이지 않았습니다.",
		"2. 돗나물은 흐르는 물에 깨끗하게 살살 씻어 물기를 뺍니다.",
		"3. 양념장을 만듭니다.",
		"4. 재료를 살살 버무리면 됩니다."
	],
	"recipe_img": [
		"https://recipe1.ezmember.co.kr/cache/recipe/2015/09/16/48a5f67ee40ea4423a99b176b17f83c51.jpg",
		"https://recipe1.ezmember.co.kr/cache/recipe/2015/09/16/aade8ebbd044b96c03e8578680c64b4a1.jpg",
		"https://recipe1.ezmember.co.kr/cache/recipe/2015/09/16/85c4744d2de3d83525536c7eb34793051.jpg",
		"https://recipe1.ezmember.co.kr/cache/recipe/2015/09/16/563998d29bce7edb9bcd48a8d64c7de81.jpg"
	]
}