{
	"id": "1767556",
	"name": "바지락 조개탕",
	"thumbnail": "https://recipe1.ezmember.co.kr/cache/recipe/2015/08/25/f25577f82cecaa09cfa5e53c3cd13ed8.jpg",
	"url": "https://www.10000recipe.com/recipe/1767556",
	"ingredient_ids": [
		29,
		995,
		497
	],
	"time": "30",
	"ingre_list": [
		{
			"ingre_name": "바지락조개1봉지(200g)",
			"ingre_count": "1봉지(200g)",
			"ingre_unit": "봉지(g)"
		},
		{
			"ingre_name": "파",
			"ingre_count": "",
			"ingre_unit": "조금"
		},
		{
			"ingre_name": "마늘",
			"ingre_count": "2",
			"ingre_unit": "쪽"
		},
		{
			"ingre_name": "물",
			"ingre_count": "2",
			"ingre_unit": "컵"
		},
		{
			"ingre_name": "소금",
			"ingre_count": "",
			"ingre_unit": "약간"
		}
	],
	"recipe": [
		"1. 소금 1작은술을 넣고 조개를 담궈 주세요.",
		"2. 팔팔 끓는물 2컵에 조개를 넣구요.",
		"3. 조개가 입을 벌리기 시작하면,",
		"4. 편썰기 해놓은 마늘을 먼저 넣고 송송 썬 파를 넣으면 끝."
	],
	"recipe_img": [
		"https://recipe1.ezmember.co.kr/cache/recipe/2015/08/25/8247648eba30f7df904db96c45cb5834.jpg",
		"https://recipe1.ezmember.co.kr/cache/recipe/2015/08/25/f5db72562794a2c247b4ddda1625171c1.jpg",
		"https://recipe1.ezmember.co.kr/cache/recipe/2015/08/25/6f595a03577a5345083aa409cc944f051.jpg",
		"https://recipe1.ezmember.co.kr/cache/recipe/2015/08/25/862f7cedb48a4665b32dca85eab7a2621.jpg"
	]
}