{
	"id": "1767576",
	"name": "쇠고기 미역국 만들기 ",
	"thumbnail": "https://recipe1.ezmember.co.kr/cache/recipe/2015/06/08/ddd678d4110ab351de7d02b2be30b1a7.jpg",
	"url": "https://www.10000recipe.com/recipe/1767576",
	"ingredient_ids": [
		91,
		233,
		660,
		995,
		349
	],
	"time": "30",
	"ingre_list": [
		{
			"ingre_name": "미역",
			"ingre_count": "1",
			"ingre_unit": "줌"
		},
		{
			"ingre_name": "소고기국거리(양지머리)",
			"ingre_count": "100",
			"ingre_unit": "g"
		},
		{
			"ingre_name": "다진마늘",
			"ingre_count": "1",
			"ingre_unit": "T"
		},
		{
			"ingre_name": "참기름",
			"ingre_count": "1",
			"ingre_unit": "T"
		},
		{
			"ingre_name": "물",
			"ingre_count": "5",
			"ingre_unit": "컵"
		},
		{
			"ingre_name": "국간장",
			"ingre_count": "2",
			"ingre_unit": "T"
		}
	],
	"recipe": [
		"1. 미역을 잘 불려주세요~",
		"2. 소고기와 불린 미역에 참기름을 넣고 달달 볶아주세요.",
		"3. 물 5컵을 넣고 팔팔 끓기 시작하면 중불에서 30분이상 끓여주세요. 꼭 다진마늘만 넣어주세요. 미역국엔 파 안들어가요. 파는 미역의 향긋함을 잃게 만들거든요. 자연산인 경우엔 뭉근히 끓이면 사골처럼 뽀얗고 찐한 국물이 우러나와 우리몸에 좋은 음식보약이 됩니다.",
		"4. 마지막으로 국간장 한큰술을 더 넣어요. 기호에 따라 소금으로 간하셔도 되구요."
	],
	"recipe_img": [
		"https://recipe1.ezmember.co.kr/cache/recipe/2015/09/16/0751ae5b7436cb1736adddcbc185b1c51.jpg",
		"https://recipe1.ezmember.co.kr/cache/recipe/2015/09/16/1b67125d3e298904b9e45a7f736cb38c1.jpg",
		"https://recipe1.ezmember.co.kr/cache/recipe/2015/09/16/753ba61d5bae9d6a4aa214658221b7ae1.jpg",
		"https://recipe1.ezmember.co.kr/cache/recipe/2015/09/16/adc2eb8df4305c3763341efb0e0e33f11.jpg"
	]
}