{
	"id": "1772907",
	"name": "대게 손질하고 찌는법",
	"thumbnail": "https://recipe1.ezmember.co.kr/cache/recipe/2015/08/26/ec6689d6c6388de7b04e8cff58957d0b.jpg",
	"url": "https://www.10000recipe.com/recipe/1772907",
	"ingredient_ids": [
		305
	],
	"time": "30",
	"ingre_list": [
		{
			"ingre_name": "대게",
			"ingre_count": "",
			"ingre_unit": ""
		},
		{
			"ingre_name": "없음",
			"ingre_count": "",
			"ingre_unit": ""
		}
	],
	"recipe": [
		"1. 대게가 살아있을때 찌면 대게가 움직이고 다리도 부러질수 있고 그래서 죽여서 쪄야해요. 미지근한 물에 10분정도 두면 죽더라구요.",
		"2. 견져낸 대게를 흐르는 물에 씻어 주세요.",
		"3. 대게들을 냄비에 뒤집어 넣어요. 뒤집어서 넣는게 중요해요. 아니면 게의 맛있는 장이 흘러 나온다고 합니다.",
		"4. 강한불로 10분, 약한불로 15분동안 찌고 5분동안 뚜껑닫아놓고 뜸들여주세요."
	],
	"recipe_img": [
		"https://recipe1.ezmember.co.kr/cache/recipe/2015/08/26/7222963c37716a87d1ba4b49369437c21.jpg",
		"https://recipe1.ezmember.co.kr/cache/recipe/2015/08/26/aed262fb601febeea8ede38c7c66bac01.jpg",
		"https://recipe1.ezmember.co.kr/cache/recipe/2015/08/26/dd01a4bb092410dd9b14720817a13e251.jpg",
		"https://recipe1.ezmember.co.kr/cache/recipe/2015/08/26/e72b1b6d4ae06be956c4dd96ce206b561.jpg"
	]
}