{
	"id": "1772892",
	"name": "메시지가 쏙~ 포춘쿠키만들기",
	"thumbnail": "https://recipe1.ezmember.co.kr/cache/recipe/2015/08/27/0fee95eecc9ecbbdbdfb1c664277026f.jpg",
	"url": "https://www.10000recipe.com/recipe/1772892",
	"ingredient_ids": [
		497
	],
	"time": "30",
	"ingre_list": [
		{
			"ingre_name": "박력분",
			"ingre_count": "50",
			"ingre_unit": "g"
		},
		{
			"ingre_name": "슈거파우더",
			"ingre_count": "70",
			"ingre_unit": "g"
		},
		{
			"ingre_name": "달걀흰자",
			"ingre_count": "70",
			"ingre_unit": "g"
		},
		{
			"ingre_name": "식물성오일",
			"ingre_count": "20",
			"ingre_unit": "g"
		},
		{
			"ingre_name": "녹인버터",
			"ingre_count": "10",
			"ingre_unit": "g"
		},
		{
			"ingre_name": "소금",
			"ingre_count": "",
			"ingre_unit": "약간"
		}
	],
	"recipe": [
		"1. 선물했던 사람이 외국 가수라 영어로 좋은 글귀를 적었어요. 원래는 프린터기로 해서 깔끔하고 예쁘게 해야하는데. 프린트가 급 고장나서 그냥 손으로 썼답니다. A4에 가로로 써서 칼로 잘라주세요.",
		"2. 녹인 버터와 식물성 오일을 잘 섞어 주세요.",
		"3. 달걀흰자를 녹인 버터와 오일에 넣어 멍울이 지지않게 조심조심 거품이 생기지 않게 저어주세요.",
		"4. 채쳐놓은 밀가루, 슈거파우더, 약간의소금을 넣으세요.",
		"5. 거품이 나지 않게 잘 저어주세요.",
		"6. 팬에 테프론시크를 깔고 반죽을 한숟가락 떠서 살살 문질러 주면서 펴주세요.",
		"7. 6~7센티 정도로 되게 하시면 적당하더라구요.",
		"8. 요거 모양 잡기가 참 힘든데요. 밖에 꺼내서 작업하면 금방 굳어져서 모양 잡기가 힘들어요. 맨속으로 잡기는 너무 뜨겁고 사진처럼 깨끗한 면장갑을 끼고 오븐에 손을 넣을 채로 작업 하셔야 합니다. 그래야 온도가 유지되어서 모양 잡기가 쉬워요.오븐",
		"9. 중간부분을 살짝 누루면서 꺾으면 잘 꺽기구요. 모양이 일단 잡히면 오븐 밖에서 작업을 해도 되겠더라구요. 저는 이과정을 3번정도 하고 완성 했어요. 그만큼 모양 잡기가 힘든 쿠키예요.",
		"10. 저는 이과정을 3번정도 하고 완성 했어요. 그만큼 모양 잡기가 힘든 쿠키예요. 쿠키에 메세지 종이가 있는거 보이죵.",
		"11. 메시지가 들어가있는 포춘쿠키 완성입니다. 반으로 딱 잘라 먹으면 되더라구요."
	],
	"recipe_img": [
		"https://recipe1.ezmember.co.kr/cache/recipe/2015/08/27/2a6b8210efc3577dd4b34f79cef289141.jpg",
		"https://recipe1.ezmember.co.kr/cache/recipe/2015/08/27/a050faf0a7176cbe9da0d1af89802ea51.jpg",
		"https://recipe1.ezmember.co.kr/cache/recipe/2015/08/27/c037b008e730e887b09cc2eb3360c1331.jpg",
		"https://recipe1.ezmember.co.kr/cache/recipe/2015/08/27/9affcdc2369ab0ef96c3a6c194c5b74f1.jpg",
		"https://recipe1.ezmember.co.kr/cache/recipe/2015/08/27/e9d3c311fdae778f43ef18026499280e1.jpg",
		"https://recipe1.ezmember.co.kr/cache/recipe/2015/08/27/d930f14fcc718241f89d6950580ff0531.jpg",
		"https://recipe1.ezmember.co.kr/cache/recipe/2015/08/27/e2485491677eb8cea15172b9ebdf760a1.jpg",
		"https://recipe1.ezmember.co.kr/cache/recipe/2015/08/27/c0ad66114d3a664a4712cfa4cc1c0e461.jpg",
		"https://recipe1.ezmember.co.kr/cache/recipe/2015/08/27/f33e94c47ae04b82acb9a68f8cc0e5561.jpg",
		"https://recipe1.ezmember.co.kr/cache/recipe/2015/08/27/5308cdb65452de44c3e4bf4f88d96b231.jpg",
		"https://recipe1.ezmember.co.kr/cache/recipe/2015/08/27/1d718e405aeb401635e3de5710ffd8bc1.jpg"
	]
}