{
	"id": "1776209",
	"name": "계란하나로 만드는 간단한 한끼식사",
	"thumbnail": "https://recipe1.ezmember.co.kr/cache/recipe/2015/06/08/cf97082aa821b1735ef94640eb425077.jpg",
	"url": "https://www.10000recipe.com/recipe/1776209",
	"ingredient_ids": [],
	"time": "10",
	"ingre_list": [],
	"recipe": [
		"1. 기름 두루고 계란을 살짝 익히고",
		"2. 밥을 넣어줍니다. 그리고 간장과 참기름을 넣고 볶아주면 끝.",
		"3. 완성입니다."
	],
	"recipe_img": [
		"https://recipe1.ezmember.co.kr/cache/recipe/2015/09/30/9c5badfa27dc5d728aac031a403d0e081.jpg",
		"https://recipe1.ezmember.co.kr/cache/recipe/2015/09/30/a38a10b7b557b105975c0ba90207b10d1.jpg",
		"https://recipe1.ezmember.co.kr/cache/recipe/2015/09/30/e8a4246e72c479f8fcf42eecef4d6c051.jpg"
	]
}