{
	"id": "1776133",
	"name": "쪽파김치 담그기",
	"thumbnail": "https://recipe1.ezmember.co.kr/cache/recipe/2015/06/08/070d2641b098e9df916c86ceee528491.jpg",
	"url": "https://www.10000recipe.com/recipe/1776133",
	"ingredient_ids": [
		757
	],
	"time": "60",
	"ingre_list": [
		{
			"ingre_name": "쪽파",
			"ingre_count": "1/2",
			"ingre_unit": "단"
		},
		{
			"ingre_name": "풀국",
			"ingre_count": "1",
			"ingre_unit": "컵"
		},
		{
			"ingre_name": "고추가루",
			"ingre_count": "10",
			"ingre_unit": "스푼"
		},
		{
			"ingre_name": "새우젓다진거",
			"ingre_count": "3",
			"ingre_unit": "스푼"
		},
		{
			"ingre_name": "새우젓국물",
			"ingre_count": "3",
			"ingre_unit": "스푼"
		},
		{
			"ingre_name": "매실엑기스",
			"ingre_count": "2",
			"ingre_unit": "스푼"
		}
	],
	"recipe": [
		"1. 분량대로 양념장을 만들어 주세요.",
		"2. 다듬어 씻어 건진 쪽파는 머리 부분 먼저 절여 씻어 건져주세요.",
		"3. 고루 섞은 양념을 묻히듯 고루 발라 주세요. 주무르지 마시고요. 실온에서 익혀 냉장고에 넣어주세요."
	],
	"recipe_img": [
		"https://recipe1.ezmember.co.kr/cache/recipe/2015/08/25/a3f3a7976e6cd8ba229eabdeb370af2b1.jpg",
		"https://recipe1.ezmember.co.kr/cache/recipe/2015/08/25/5049f32c563654302cdd0ae547d4e0b31.jpg",
		"https://recipe1.ezmember.co.kr/cache/recipe/2015/08/25/6539cefa69faed523f6bcd4a315f92621.jpg"
	]
}