{
	"id": "1779505",
	"name": "꼬시래기 초고추장 무침(해초) 만들기 ",
	"thumbnail": "https://recipe1.ezmember.co.kr/cache/recipe/2015/06/08/003aed133132b52406e301360c93ce44.jpg",
	"url": "https://www.10000recipe.com/recipe/1779505",
	"ingredient_ids": [
		983,
		3,
		9,
		6,
		22,
		473,
		231,
		226,
		292,
		233,
		543
	],
	"time": "30",
	"ingre_list": [
		{
			"ingre_name": "꼬시래기",
			"ingre_count": "140",
			"ingre_unit": "g"
		},
		{
			"ingre_name": "양파",
			"ingre_count": "1/2",
			"ingre_unit": "개"
		},
		{
			"ingre_name": "당근",
			"ingre_count": "1/2",
			"ingre_unit": "개"
		},
		{
			"ingre_name": "파프리카",
			"ingre_count": "1/4",
			"ingre_unit": "개"
		},
		{
			"ingre_name": "피망",
			"ingre_count": "1/4",
			"ingre_unit": "개"
		},
		{
			"ingre_name": "고추장",
			"ingre_count": "1",
			"ingre_unit": "스푼"
		},
		{
			"ingre_name": "식초",
			"ingre_count": "1",
			"ingre_unit": "스푼"
		},
		{
			"ingre_name": "설탕",
			"ingre_count": "0.",
			"ingre_unit": ".스푼"
		},
		{
			"ingre_name": "맛술",
			"ingre_count": "0.",
			"ingre_unit": ".스푼"
		},
		{
			"ingre_name": "다진마늘",
			"ingre_count": "0.",
			"ingre_unit": ".스푼"
		},
		{
			"ingre_name": "통깨",
			"ingre_count": "1",
			"ingre_unit": "스푼"
		}
	],
	"recipe": [
		"1. 염장이라 소금옷을 뽀얗게 입은것을 몇번 씻어서 30분 정도 물에 담궈 짠맛을 빼줍니다.",
		"2. 당근, 파프리카,피망,양파는 채를치고 양파는 찬물에 담궈 매운맛을 빼서 물기 걷어놓구 (취향에 따라 요과정은 생략해두 됩니다) 초고추장 재료 몽땅 섞어주세요. 30분 지났지요",
		"3. 꼬시래기는 생수에 헹구어서 물기 쏙 빼서 준비해둔 채소 초고추장 넣고 무치기만 하면 됩니다."
	],
	"recipe_img": [
		"https://recipe1.ezmember.co.kr/cache/recipe/2015/09/22/f4c7f9e1a1ec7a77b10dca022941d1571.jpg",
		"https://recipe1.ezmember.co.kr/cache/recipe/2015/09/22/3df7c46f414009d41d263c82123937931.jpg",
		"https://recipe1.ezmember.co.kr/cache/recipe/2015/09/22/30e2002840ade0a22ac12a017b360a901.jpg"
	]
}