{
	"id": "1779519",
	"name": "물미역 무침 만들기 ",
	"thumbnail": "https://recipe1.ezmember.co.kr/cache/recipe/2015/09/15/d150563f22f1aa7a3d48c788ddcd2fcf.jpg",
	"url": "https://www.10000recipe.com/recipe/1779519",
	"ingredient_ids": [
		473,
		231,
		226,
		938,
		233,
		497
	],
	"time": "15",
	"ingre_list": [
		{
			"ingre_name": "물미역",
			"ingre_count": "5",
			"ingre_unit": "줌"
		},
		{
			"ingre_name": "노랑파프리카",
			"ingre_count": "1/2",
			"ingre_unit": "개"
		},
		{
			"ingre_name": "빨강파프리카",
			"ingre_count": "1/2",
			"ingre_unit": "개"
		},
		{
			"ingre_name": "고추장",
			"ingre_count": "2",
			"ingre_unit": ""
		},
		{
			"ingre_name": "고추가루",
			"ingre_count": "1",
			"ingre_unit": ""
		},
		{
			"ingre_name": "진간장",
			"ingre_count": "1",
			"ingre_unit": ""
		},
		{
			"ingre_name": "식초",
			"ingre_count": "",
			"ingre_unit": "."
		},
		{
			"ingre_name": "설탕",
			"ingre_count": "1",
			"ingre_unit": ""
		},
		{
			"ingre_name": "매실청",
			"ingre_count": "1",
			"ingre_unit": ""
		},
		{
			"ingre_name": "다진마늘",
			"ingre_count": "1",
			"ingre_unit": ""
		},
		{
			"ingre_name": "소금",
			"ingre_count": "",
			"ingre_unit": "적당량"
		}
	],
	"recipe": [
		"1. 미역은 소금물에 바락바락 주물러 씻어 여러번 헹궈주세요.",
		"2. 끓는 물에 소금 넣고 살짝만 데치세요.",
		"3. 먹기 좋은 크기로 잘라 물기는 꼭 짜서 무칠 그릇에 담고",
		"4. 파프리카 채처서 담고",
		"5. 양념 재료를 고루 개어서 가볍게 무치면 됩니다.",
		"6. 줄기가 오돌오돌 씹히는게 식감도 좋고 바다 냄새가 입안 가~득 입니다~"
	],
	"recipe_img": [
		"https://recipe1.ezmember.co.kr/cache/recipe/2015/09/15/1e7be23dc3c27a63d269f45589b78c9d1.jpg",
		"https://recipe1.ezmember.co.kr/cache/recipe/2015/09/15/103f9aee146f638c1aad18cee41fe2261.jpg",
		"https://recipe1.ezmember.co.kr/cache/recipe/2015/09/15/0b664f62f02e6ed8c496d69b8b7203141.jpg",
		"https://recipe1.ezmember.co.kr/cache/recipe/2015/09/15/cfa3411700b929bb0bfc07d2b13e97fa1.jpg",
		"https://recipe1.ezmember.co.kr/cache/recipe/2015/09/15/05d5f0ccb5a205b93c6028e4fbd25c101.jpg",
		"https://recipe1.ezmember.co.kr/cache/recipe/2015/09/15/ad5f48299de538d83b51ce051885693a.jpg"
	]
}