{
	"id": "1780784",
	"name": "설렁탕으로 끓여 국물이 진하고 구수한 사골 떡만두국",
	"thumbnail": "https://recipe1.ezmember.co.kr/cache/recipe/2015/08/25/c14017728817e4d281ab5b1f700de46b.jpg",
	"url": "https://www.10000recipe.com/recipe/1780784",
	"ingredient_ids": [
		995,
		27,
		497,
		660
	],
	"time": "30",
	"ingre_list": [
		{
			"ingre_name": "설렁탕750g(3인분)",
			"ingre_count": "750g(3인분)",
			"ingre_unit": "g(인분)"
		},
		{
			"ingre_name": "물",
			"ingre_count": "2",
			"ingre_unit": "컵"
		},
		{
			"ingre_name": "떡국떡",
			"ingre_count": "3",
			"ingre_unit": "컵"
		},
		{
			"ingre_name": "냉동만두",
			"ingre_count": "12",
			"ingre_unit": "개"
		},
		{
			"ingre_name": "대파",
			"ingre_count": "1/2",
			"ingre_unit": "대"
		},
		{
			"ingre_name": "계란",
			"ingre_count": "1",
			"ingre_unit": "개"
		},
		{
			"ingre_name": "후추",
			"ingre_count": "",
			"ingre_unit": "약간"
		},
		{
			"ingre_name": "소금",
			"ingre_count": "",
			"ingre_unit": "약간"
		},
		{
			"ingre_name": "참기름",
			"ingre_count": "",
			"ingre_unit": "약간"
		}
	],
	"recipe": [
		"1. 설렁탕을 먼저 한소끔 끓여주세요.",
		"2. 떡은 물에 헹궈내서 끓는 설렁탕 국물에 넣어주세요.",
		"3. 끓어오르면 냉동만두를 넣고 6분간 끓여주세요.",
		"4. 만두가 다 익으면 후추를 넣고 소금으로 간을 맞춰주세요.",
		"5. 계란을 풀어 둘러가면서 뿌려주세요."
	],
	"recipe_img": [
		"https://recipe1.ezmember.co.kr/cache/recipe/2015/08/26/98bdb5791a8376428c405b9b44d139691.jpg",
		"https://recipe1.ezmember.co.kr/cache/recipe/2015/08/26/e5ee732b6a1c8cdbdf2304ae18599a3c1.jpg",
		"https://recipe1.ezmember.co.kr/cache/recipe/2015/08/26/7849bffa76bc84afc1936aad1183e7891.jpg",
		"https://recipe1.ezmember.co.kr/cache/recipe/2015/08/26/2f0f18a92feaf4998c7dff10d2468f761.jpg",
		"https://recipe1.ezmember.co.kr/cache/recipe/2015/08/26/30e9e536d96fa595387f784a1cd9a8b51.jpg"
	]
}