{
	"id": "1789453",
	"name": "밥도둑 꽃게 무침 만들기 ",
	"thumbnail": "https://recipe1.ezmember.co.kr/cache/recipe/2015/09/15/9dbde8f90a383df4e29e76ec1df01c0b.jpg",
	"url": "https://www.10000recipe.com/recipe/1789453",
	"ingredient_ids": [
		748,
		224,
		226,
		575,
		350,
		939,
		660,
		505
	],
	"time": "30",
	"ingre_list": [
		{
			"ingre_name": "암게",
			"ingre_count": "",
			"ingre_unit": "적당량"
		},
		{
			"ingre_name": "고춧가루",
			"ingre_count": "4",
			"ingre_unit": "큰술"
		},
		{
			"ingre_name": "설탕",
			"ingre_count": "1",
			"ingre_unit": "큰술"
		},
		{
			"ingre_name": "올리고당",
			"ingre_count": "2",
			"ingre_unit": "큰술"
		},
		{
			"ingre_name": "마늘소스",
			"ingre_count": "2",
			"ingre_unit": "큰술"
		},
		{
			"ingre_name": "깨소금",
			"ingre_count": "",
			"ingre_unit": "약간"
		},
		{
			"ingre_name": "멸치액소스",
			"ingre_count": "2",
			"ingre_unit": "큰술"
		},
		{
			"ingre_name": "액젓",
			"ingre_count": "3~4큰술",
			"ingre_unit": "~큰술"
		},
		{
			"ingre_name": "참기름",
			"ingre_count": "",
			"ingre_unit": "약간"
		},
		{
			"ingre_name": "생강소스",
			"ingre_count": "1",
			"ingre_unit": "큰술"
		},
		{
			"ingre_name": "양파간것",
			"ingre_count": "1/2",
			"ingre_unit": "개"
		},
		{
			"ingre_name": "실파",
			"ingre_count": "",
			"ingre_unit": "약간"
		},
		{
			"ingre_name": "다진청고추",
			"ingre_count": "2",
			"ingre_unit": "개"
		},
		{
			"ingre_name": "홍고추",
			"ingre_count": "1/2",
			"ingre_unit": "개"
		}
	],
	"recipe": [
		"1. 사진처럼 게의 배가 둥그렇게 보이는게 암게랍니다. 암게를 준비해야 배에 알이 있기 때문에 더 맛있어서 암게를 준비해주세요~",
		"2. 해동한뒤 깨끗이 씻은 다음 등딱지를 분리한 게는 회색의 모래 주머니를 떼어내고, 반을 잘라서 준비를 합니다.",
		"3. 볼에 고춧가루 4큰술, 설탕 1큰술, 올리고당 2큰술, 마늘소스 2큰술, 깨소금, 멸치액소스 2큰술, 액젓 3~4큰술, 참기름 약간, 생강소스 1큰술, 양파 간 것 1/2개, 실파 약간, 다진 청고추 2개, 홍고추 1/2개를 넣고 골고루 섞어 줍니다.",
		"4. 손질한 게를 넣고 살살 무쳐 줍니다.",
		"5. 게딱지에는 양념을 살짝 올려 뒀어요. 살살 버무릴까도 했는데 아까운 알이 다 떨어질것 같아서요.",
		"6. 바로 먹어도 맛있지만, 냉장고에 하루 보관했다가 먹으면 더 맛있어요.",
		"7. 게를 꾸욱~ 눌러 보면 저렇게 게살들이 넘쳐 흘러요."
	],
	"recipe_img": [
		"https://recipe1.ezmember.co.kr/cache/recipe/2015/09/15/272502838395c3b88edaf377fd41c2621.jpg",
		"https://recipe1.ezmember.co.kr/cache/recipe/2015/09/15/e64874b4c338caf9c003ef3428afbe2d1.jpg",
		"https://recipe1.ezmember.co.kr/cache/recipe/2015/09/15/cec0b7d51dabf07e5e4dc03be6dbfbdd1.jpg",
		"https://recipe1.ezmember.co.kr/cache/recipe/2015/09/15/ef11250d36de6a0086dfd91d862dad131.jpg",
		"https://recipe1.ezmember.co.kr/cache/recipe/2015/09/15/f0aadb0525fd039be08654a942798af71.jpg",
		"https://recipe1.ezmember.co.kr/cache/recipe/2015/09/15/924dc178bdf1ecf85d1732626dbf7a141.jpg",
		"https://recipe1.ezmember.co.kr/cache/recipe/2015/09/15/d269e43fbad9ad0607a7f003182c4c33.jpg"
	]
}