{
	"id": "1790803",
	"name": "부드러운 토마토 리조또",
	"thumbnail": "https://recipe1.ezmember.co.kr/cache/recipe/2015/08/28/65ca44bb9f69f232014a84e0700f8f39.jpg",
	"url": "https://www.10000recipe.com/recipe/1790803",
	"ingredient_ids": [
		198,
		27,
		3,
		9,
		392,
		608,
		857,
		198,
		497
	],
	"time": "60",
	"ingre_list": [
		{
			"ingre_name": "완숙토마토",
			"ingre_count": "2",
			"ingre_unit": "개"
		},
		{
			"ingre_name": "쌀1컵(2인분)",
			"ingre_count": "1컵(2인분)",
			"ingre_unit": "컵(인분)"
		},
		{
			"ingre_name": "야채스탁2+1/2컵(500ml)",
			"ingre_count": "2+1/2컵 (500ml)",
			"ingre_unit": "컵 (ml)"
		},
		{
			"ingre_name": "다진양파",
			"ingre_count": "1/4",
			"ingre_unit": "개"
		},
		{
			"ingre_name": "간마늘",
			"ingre_count": "1/2",
			"ingre_unit": "스푼"
		},
		{
			"ingre_name": "올리브오일",
			"ingre_count": "1",
			"ingre_unit": "스푼"
		},
		{
			"ingre_name": "버터",
			"ingre_count": "1",
			"ingre_unit": "스푼"
		},
		{
			"ingre_name": "화이트와인1/4컵(50ml)",
			"ingre_count": "1/4컵 (50ml)",
			"ingre_unit": "컵 (ml)"
		},
		{
			"ingre_name": "파슬리가루",
			"ingre_count": "",
			"ingre_unit": "약간"
		},
		{
			"ingre_name": "찬물5컵(1000ml)",
			"ingre_count": "5컵(1000ml)",
			"ingre_unit": "컵(ml)"
		},
		{
			"ingre_name": "대파",
			"ingre_count": "1",
			"ingre_unit": "대"
		},
		{
			"ingre_name": "양파",
			"ingre_count": "1/2",
			"ingre_unit": "개"
		},
		{
			"ingre_name": "당근",
			"ingre_count": "50",
			"ingre_unit": "g"
		},
		{
			"ingre_name": "샐러리",
			"ingre_count": "2",
			"ingre_unit": "줄"
		},
		{
			"ingre_name": "통마늘",
			"ingre_count": "3",
			"ingre_unit": "개"
		},
		{
			"ingre_name": "월계수잎",
			"ingre_count": "1",
			"ingre_unit": "장"
		},
		{
			"ingre_name": "통후추",
			"ingre_count": "5",
			"ingre_unit": "알"
		},
		{
			"ingre_name": "올리브오일",
			"ingre_count": "1",
			"ingre_unit": "스푼"
		},
		{
			"ingre_name": "버터",
			"ingre_count": "1",
			"ingre_unit": "스푼"
		},
		{
			"ingre_name": "그라나파다노",
			"ingre_count": "",
			"ingre_unit": "약간"
		},
		{
			"ingre_name": "소금",
			"ingre_count": "",
			"ingre_unit": "약간"
		},
		{
			"ingre_name": "후추",
			"ingre_count": "",
			"ingre_unit": "약간"
		}
	],
	"recipe": [
		"1. 끓는물을 준비하시고 토마토는 깨끗히 씻어 엉덩이에 열십자로 칼집을 살짝 내주구요. 꼭지도 따내고 끓는물에 3초정도만 데쳐내서 차가운 얼음물에 퐁당 담가줍니다.",
		"2. 요렇게 하면 껍질이 잘 벗겨지지요.",
		"3. 껍질벗겨낸 토마토는 4등분해서 씨부분 도려내고 먹기좋게 썰어줍니다..",
		"4. 야채스탁을 준비합니다. 통마늘을 칼을 눕혀 퍽 두들겨주고 당근, 양파, 대파, 샐러리는 얇게 채썰거나 다져줍니다. 올리브오일 1스푼과 버터 1스푼을 두르고 모든 야채를 넣고 노릇하게 볶아주다가",
		"5. 찬물 5컵을 넣고 월계수잎과 통후추도 함께 넣어줍니다. 중불에 반으로 졸때까지 끓여주다가 체에 걸러 준비해둡니다.",
		"6. 팬을 준비하시구요. 올리브오일 1스푼, 버터 반스푼을 넣고 다진양파, 간마늘을 타지않고 투명하게 볶아주세요.",
		"7. 씻은 쌀을 넣고 같이 2~3분정도 볶아줍니다.",
		"8. 화이트와인을 넣고 알콜이 날아가게 잘 저어줍니다. 야채스탁 1컵을 먼저 넣고 끓여주면서 나머지 야채스탁을 추가합니다.",
		"9. 쌀이 70%정도 익었을때 준비한 토마토,파슬리를 넣고 소금, 후추간 약하게 해줍니다. 쌀은 취향껏 익혀주시는데 씹었을때 살짝 심이 씹힐정도가 맛나답니다.",
		"10. 다 되었다고 생각했을때 그라나파다노치즈와 버터 반스푼을 넣고 풍미를 더합니다. 치즈는 취향에 따라 넣어주시구요. 파마산치즈가루를 넣으셔도 되지요."
	],
	"recipe_img": [
		"https://recipe1.ezmember.co.kr/cache/recipe/2015/08/28/45701cc35e69fcc7a6cef4bb34584f5b1.jpg",
		"https://recipe1.ezmember.co.kr/cache/recipe/2015/08/28/98e68b371ff8def73ade7384582fbb7d1.jpg",
		"https://recipe1.ezmember.co.kr/cache/recipe/2015/08/28/ac3b5d04a7aa3c534d9508da56fead1d1.jpg",
		"https://recipe1.ezmember.co.kr/cache/recipe/2015/08/28/582564ecede9002960f19ae6555cf3ff1.jpg",
		"https://recipe1.ezmember.co.kr/cache/recipe/2015/08/28/67aa0c2f52da3e3daf5a9af22039668a1.jpg",
		"https://recipe1.ezmember.co.kr/cache/recipe/2015/08/28/c0e3fc57d0e654a65e97b03261c88e611.jpg",
		"https://recipe1.ezmember.co.kr/cache/recipe/2015/08/28/1c43761801eac40679b495dcc7bf98861.jpg",
		"https://recipe1.ezmember.co.kr/cache/recipe/2015/08/28/426c14853a4616b5146062713034b11d1.jpg",
		"https://recipe1.ezmember.co.kr/cache/recipe/2015/08/28/88cefd3ee375469be4195d0df38b18521.jpg",
		"https://recipe1.ezmember.co.kr/cache/recipe/2015/08/28/0f2dfdd0d4bb1a80cffeebb9d8e1f7b41.jpg"
	]
}