{
	"id": "1794652",
	"name": "감자샐러드 모닝빵 샌드위치",
	"thumbnail": "https://recipe1.ezmember.co.kr/cache/recipe/2015/06/08/c7f62053da5a9b435ceb7bf9d5246f19.jpg",
	"url": "https://www.10000recipe.com/recipe/1794652",
	"ingredient_ids": [
		352,
		371,
		16,
		228
	],
	"time": "30",
	"ingre_list": [
		{
			"ingre_name": "모닝빵",
			"ingre_count": "6",
			"ingre_unit": "개"
		},
		{
			"ingre_name": "감자2개(300g)",
			"ingre_count": "2개(300g)",
			"ingre_unit": "개(g)"
		},
		{
			"ingre_name": "다진당근",
			"ingre_count": "1",
			"ingre_unit": "큰술"
		},
		{
			"ingre_name": "다진오이",
			"ingre_count": "2",
			"ingre_unit": "큰술"
		},
		{
			"ingre_name": "캔옥수수",
			"ingre_count": "2",
			"ingre_unit": "큰술"
		},
		{
			"ingre_name": "오이피클",
			"ingre_count": "",
			"ingre_unit": "적당량"
		},
		{
			"ingre_name": "방울토마토",
			"ingre_count": "",
			"ingre_unit": "적당량"
		},
		{
			"ingre_name": "상추",
			"ingre_count": "6",
			"ingre_unit": "장"
		},
		{
			"ingre_name": "마요네즈",
			"ingre_count": "2",
			"ingre_unit": "큰술"
		},
		{
			"ingre_name": "허니머스타드",
			"ingre_count": "1",
			"ingre_unit": "큰술"
		},
		{
			"ingre_name": "후추",
			"ingre_count": "",
			"ingre_unit": "약간"
		}
	],
	"recipe": [
		"1. 상추는 깨끗이 씻어 찬물이나얼음물에 담가 물기를 빼주시고 감자는 깨끗이 씻어 껍질벗겨 전자렌지에 8-10분 돌려 익힌후 으깨어 다진당근,다진오이,캔옥수수 넣고 마요네즈,허니머스타드,후추 넣고 섞어주세요전자레인지",
		"2. 잘 섞은 감자샐러드를 모닝빵을 반잘라 잘 펴 발라주세요",
		"3. 감자샐러드를 펴 바른후에 상추 올리고 오이피클 올리고 방울토마토를 올린후에 한쪽빵으로 덮어주시면 완성"
	],
	"recipe_img": [
		"https://recipe1.ezmember.co.kr/cache/recipe/2015/08/24/3a54d9bc2fad2a7c37d6482d12780b2c1.jpg",
		"https://recipe1.ezmember.co.kr/cache/recipe/2015/08/24/e32a9685ac1cc0101adb7a7cca01ea051.jpg",
		"https://recipe1.ezmember.co.kr/cache/recipe/2015/08/24/4a9759ee437cdf0bdb8a4227642d81921.jpg"
	]
}