{
	"id": "1796412",
	"name": "봄이니까 냉이된장무침",
	"thumbnail": "https://recipe1.ezmember.co.kr/cache/recipe/2015/06/08/5e7ae8681e5d3053ed8e791ab3fb4c5b.jpg",
	"url": "https://www.10000recipe.com/recipe/1796412",
	"ingredient_ids": [
		46,
		848,
		473,
		233,
		660,
		350
	],
	"time": "15",
	"ingre_list": [
		{
			"ingre_name": "냉이",
			"ingre_count": "4",
			"ingre_unit": "줌"
		},
		{
			"ingre_name": "된장",
			"ingre_count": "1",
			"ingre_unit": "큰술"
		},
		{
			"ingre_name": "고추장",
			"ingre_count": "1",
			"ingre_unit": "큰술"
		},
		{
			"ingre_name": "다진마늘",
			"ingre_count": "1/2",
			"ingre_unit": "큰술"
		},
		{
			"ingre_name": "다진파",
			"ingre_count": "1/2",
			"ingre_unit": "큰술"
		},
		{
			"ingre_name": "참기름",
			"ingre_count": "1/2",
			"ingre_unit": "큰술"
		},
		{
			"ingre_name": "깨소금",
			"ingre_count": "1/2",
			"ingre_unit": "큰술"
		}
	],
	"recipe": [
		"1. 냉이는 누런 잎을 때어내고 깨끗하게 손질해 적당한 크기로 자른후 끓는 물에 데쳐 주세요.",
		"2. 데친 냉이는 물기를 꼭 짜고 분량의 양념을 넣어주세요",
		"3. 조물조물 버무리고 마무리~"
	],
	"recipe_img": [
		"https://recipe1.ezmember.co.kr/cache/recipe/2016/08/12/55fcca3fe127034926e56fc98c46c6891.jpg"
	]
}