{
	"id": "1800517",
	"name": "조청 직접 만드는 방법",
	"thumbnail": "https://recipe1.ezmember.co.kr/cache/recipe/2015/08/17/233213caf9545a93b1fbf1058e2c482b.jpg",
	"url": "https://www.10000recipe.com/recipe/1800517",
	"ingredient_ids": [
		96
	],
	"time": "2이상",
	"ingre_list": [
		{
			"ingre_name": "엿기름",
			"ingre_count": "2",
			"ingre_unit": "컵"
		},
		{
			"ingre_name": "쌀",
			"ingre_count": "4",
			"ingre_unit": "컵"
		},
		{
			"ingre_name": "물10컵(180ml컵기준)",
			"ingre_count": "10컵(180ml 컵 기준)",
			"ingre_unit": "컵(ml 컵 기준)"
		}
	],
	"recipe": [
		"1. 쌀4컵을 씻어 물을 조금 적게잡고 고두밥을 지어주세요. 찬밥활용하셔도 좋아요.",
		"2. 밥에 엿기름 2컵을 섞으신후 뒤섞어주시고 물을 부어 보온으로 7시간이상 삭혀주세요. 밥알을 먹는 식혜같은경우 엿기름물을 내어 섞지만 밥알까지 걸러서 짜는 조청의 경우 그냥 섞어 나중에 짜셔도 상관없어요.",
		"3. 보온으로 7시간이상 두신후 꺼내서 베보자기를 깔고 조금씩 덜어가면서 꽉 짜주세요.",
		"4. 센불로 젓지마시고 2/3정도 졸아들때까지 끓여주세요(좌측사진) 약 20~30분정도 그냥 두셨다가 가서 보시면 그정도 쫄아있을거예요. 그 후 불을 줄이시고 저으시면서 끓이심 색이 갈색빛을 띠면서 뽀글뽀글 방울이 올라와요(우측) 주걱으로 흘려봤을때 주르르 흐르는 정도면 완성이예요.식으면 더 걸죽해져요.",
		"5. 엿을 만드실 생각이시라면 잼정도의 질기까지 졸여주시면돼요. 땅콩이나 아몬드, 깨등 원하는 견과를 섞어주셔도 좋은데 저는 집에있는 깨만 넣어서 만들었을때 사진이예요.",
		"6. 전 700g정도 나왔어요. 처음 졸이기전의 양을 생각하면 터무니없지만 막상 사용해보면 꽤 오래 쓰더라구요. 그리고 냉장보관으로 8개월까지 보관해봤는데 다 사용하는 날까지 맛 변질되지 않았어요. 더 오래 보관도 가능할것 같더라구요.",
		"7. 입 심심할때 떡 조금 꺼내 굽고 냉장실에 보관하던 조청 조금 덜어내서 듬뿍 묻혀먹음 완전 맛있어요 ~"
	],
	"recipe_img": [
		"https://recipe1.ezmember.co.kr/cache/recipe/2015/08/19/d582f5d6e5e3cc6f1f3e0d9e2ae288d11.jpg",
		"https://recipe1.ezmember.co.kr/cache/recipe/2015/08/19/2d55e7ca1ad7003d11b10b61be7c20b81.jpg",
		"https://recipe1.ezmember.co.kr/cache/recipe/2015/08/19/f0c9c34a54b8aa04dea9f41917f82b361.jpg",
		"https://recipe1.ezmember.co.kr/cache/recipe/2015/08/19/49bcea08f69e982912ff20ef4fc8d5301.jpg",
		"https://recipe1.ezmember.co.kr/cache/recipe/2015/08/19/021ecde4b88336d1dd54bcdd64a768441.jpg",
		"https://recipe1.ezmember.co.kr/cache/recipe/2015/08/19/d7b2f46e1cbbfbff243dca1d60ef977b1.jpg",
		"https://recipe1.ezmember.co.kr/cache/recipe/2015/08/19/b1107ae8c6237fa17a364a30f505f91f.jpg"
	]
}