{
	"id": "1802633",
	"name": "베이컨떡꼬치",
	"thumbnail": "https://recipe1.ezmember.co.kr/cache/recipe/2015/06/08/4f5407219edb59ff69b9067672cfa380.jpg",
	"url": "https://www.10000recipe.com/recipe/1802633",
	"ingredient_ids": [],
	"time": "15",
	"ingre_list": [],
	"recipe": [
		"1. 떡뽁이떡, 베이컨을 준비합니다.",
		"2. 떡볶이떡에 베이컨을 말아서 꼬치에 꽂아주세요.",
		"3. 후라이팬에 올리브유를 두르고 소금, 후추를 가볍게 뿌린 후 약불에 천천히 노릇노릇 구워주세요.",
		"4. 완성입니다."
	],
	"recipe_img": [
		"https://recipe1.ezmember.co.kr/cache/recipe/2015/09/30/ee0ace4d35d786c5834549a8f3bb97411.jpg",
		"https://recipe1.ezmember.co.kr/cache/recipe/2015/09/30/a63f6f52eb7481c43a214afe8c3952cc1.jpg",
		"https://recipe1.ezmember.co.kr/cache/recipe/2015/09/30/bf58ea82299f16abe5cf0b391d4b3a301.jpg",
		"https://recipe1.ezmember.co.kr/cache/recipe/2015/09/30/28915b340aba37576953c3074f830d391.jpg"
	]
}