{
	"id": "1802836",
	"name": "사골시래기국 끓이기",
	"thumbnail": "https://recipe1.ezmember.co.kr/cache/recipe/2015/06/08/83afb156d70211d8848a53d636d6d5c4.jpg",
	"url": "https://www.10000recipe.com/recipe/1802836",
	"ingredient_ids": [
		233
	],
	"time": "30",
	"ingre_list": [
		{
			"ingre_name": "무청시래기",
			"ingre_count": "",
			"ingre_unit": "적당량"
		},
		{
			"ingre_name": "사골곰국",
			"ingre_count": "1",
			"ingre_unit": "팩"
		},
		{
			"ingre_name": "집된장",
			"ingre_count": "",
			"ingre_unit": ""
		},
		{
			"ingre_name": "다진마늘",
			"ingre_count": "",
			"ingre_unit": "약간"
		},
		{
			"ingre_name": "파",
			"ingre_count": "",
			"ingre_unit": "조금"
		}
	],
	"recipe": [
		"1. 일반 시래기를 준비하셔도 좋고, 정가네 무청 시래기는 바람을 잘 맞아 제대로 말려진게 느껴지는 시래기라 자주 구매해서 먹으니 참고하세요~",
		"2. 진사골곰국을 준비해주시고 사골국을 팔팔 끓여주세요.",
		"3. 여기에 삶아서 냉동시켜둔 무청 시래기를 넣어주세요.",
		"4. 집된장을 풀고 다진마늘 약간만 넣어 보글보글 끓여주세요",
		"5. 그 위에 파를 넣어 마무리하면 끝!"
	],
	"recipe_img": [
		"https://recipe1.ezmember.co.kr/cache/recipe/2015/09/14/c547fb6215171dc22315e750b7356fa91.jpg",
		"https://recipe1.ezmember.co.kr/cache/recipe/2015/09/14/d111887374ba4175180f1f64a63c6c271.jpg",
		"https://recipe1.ezmember.co.kr/cache/recipe/2015/09/14/d1e0473a4b1c5ba1cb2dbd384c3e72751.jpg",
		"https://recipe1.ezmember.co.kr/cache/recipe/2015/09/14/665594ac94171522d5fb7c18a70471531.jpg",
		"https://recipe1.ezmember.co.kr/cache/recipe/2015/09/14/3f1a2de42d3b2c55768260392c2ca06a1.jpg"
	]
}