{
	"id": "1805527",
	"name": "미트 토마토소스 해물 스파게티",
	"thumbnail": "https://recipe1.ezmember.co.kr/cache/recipe/2015/07/22/de05ce22050cfd540a5c804c948d6741.jpg",
	"url": "https://www.10000recipe.com/recipe/1805527",
	"ingredient_ids": [
		65,
		79,
		735,
		282,
		574,
		233,
		3,
		246,
		732,
		392,
		608,
		282,
		402
	],
	"time": "30",
	"ingre_list": [
		{
			"ingre_name": "오징어",
			"ingre_count": "1",
			"ingre_unit": "마리"
		},
		{
			"ingre_name": "새우",
			"ingre_count": "12",
			"ingre_unit": "마리"
		},
		{
			"ingre_name": "조갯살",
			"ingre_count": "50~60g",
			"ingre_unit": "~g"
		},
		{
			"ingre_name": "스파게티면",
			"ingre_count": "150",
			"ingre_unit": "g"
		},
		{
			"ingre_name": "삶을물",
			"ingre_count": "3",
			"ingre_unit": "컵가량"
		},
		{
			"ingre_name": "굵은소금",
			"ingre_count": "1",
			"ingre_unit": "큰술"
		},
		{
			"ingre_name": "올리브유",
			"ingre_count": "1",
			"ingre_unit": "큰술"
		},
		{
			"ingre_name": "다진쇠고기",
			"ingre_count": "250",
			"ingre_unit": "g"
		},
		{
			"ingre_name": "다진마늘",
			"ingre_count": "1",
			"ingre_unit": "큰술"
		},
		{
			"ingre_name": "올리브유1+1/2큰술",
			"ingre_count": "1+1/2",
			"ingre_unit": "큰술"
		},
		{
			"ingre_name": "양파",
			"ingre_count": "1",
			"ingre_unit": "개"
		},
		{
			"ingre_name": "레드와인",
			"ingre_count": "1",
			"ingre_unit": "큰술"
		},
		{
			"ingre_name": "토마토소스",
			"ingre_count": "750",
			"ingre_unit": "g"
		},
		{
			"ingre_name": "샐러리",
			"ingre_count": "1/2",
			"ingre_unit": "대"
		},
		{
			"ingre_name": "월계수잎",
			"ingre_count": "1",
			"ingre_unit": "장"
		},
		{
			"ingre_name": "굵은소금",
			"ingre_count": "",
			"ingre_unit": "약간"
		},
		{
			"ingre_name": "설탕1+1/2~2큰술",
			"ingre_count": "1+1/2~2큰술",
			"ingre_unit": "~큰술"
		},
		{
			"ingre_name": "흰후추",
			"ingre_count": "",
			"ingre_unit": "약간"
		},
		{
			"ingre_name": "화이트와인",
			"ingre_count": "1",
			"ingre_unit": "큰술"
		}
	],
	"recipe": [
		"1. 해물을 손질하여 준비합니다. 새우는 등쪽 두번째 마디에 이쑤시개를 넣어 내장을 꺼내주시구요. 머리 스킨 모두 제거 합니다. 꼬리만 남겨두었어요~~ 오징어는 껍질을 벗기고 먹기좋은 크기로 썰어서 준비합니다. 저는 작은사이즈 오징어라서 링모양으로 잘랐어요.",
		"2. 팬에 다짐육과 마늘, 올리브유를 넣고 볶아줍니다. 쇠고기에 붉은기가 없어지면 양파를 넣어 볶습니다.",
		"3. 양파가 투명해지면 레드와인 1큰술을 넣어줍니다. 분량의 토마토소스를 넣어 끓입니다. 토마토소스가 끓으면 준비해둔 해물과, 샐러리, 월계수잎을 넣어 줍니다.",
		"4. 모든재료가 익어갈즈음 설탕과 소금을 넣어 간을 해줍니다. 화이트와인 1큰술도 넣어줍니다.",
		"5. 팬에 물을 붓고 스파게티면과 굵은소금, 올리브유를 넣어 삶아줍니다. 8~ 11분 정도, 만드시는분 취향에 맞게 삶으시면 되겠어요. 스파게티면이 삶아지면 체에 받쳐 물기를 빼줍니다. 여기에 올리브유를 넣어 면에 코팅을 해줍니다.",
		"6. 팬에 소스 3~4국자를 넣어준후 끓으면 스파게티면을 넣어 살짝 볶아줍니다.",
		"7. 마지막으로 후추와 파슬리가루를 넣어 풍미를 살려줍니다."
	],
	"recipe_img": [
		"https://recipe1.ezmember.co.kr/cache/recipe/2015/07/22/786cfc09266de411121d57bd0986619d1.jpg",
		"https://recipe1.ezmember.co.kr/cache/recipe/2015/07/22/e44cf234c099b16f4577f705dcd84dec1.jpg",
		"https://recipe1.ezmember.co.kr/cache/recipe/2015/07/22/7b6888571ae0570259586b354075cb5c1.jpg",
		"https://recipe1.ezmember.co.kr/cache/recipe/2015/07/22/7c4e7c30cc36ebe6abdd03b7d1f26bd51.jpg",
		"https://recipe1.ezmember.co.kr/cache/recipe/2015/07/22/baef0f75aed095b246d0b3acabf68b681.jpg",
		"https://recipe1.ezmember.co.kr/cache/recipe/2015/07/22/ed525044c73f4aea98d5daeaae9a38f11.jpg",
		"https://recipe1.ezmember.co.kr/cache/recipe/2015/07/22/45d0dda06a836c00093bc773b6aa64811.jpg"
	]
}