{
	"id": "1806529",
	"name": "홈메이드 계란빵",
	"thumbnail": "https://recipe1.ezmember.co.kr/cache/recipe/2015/08/16/75937d05ad276efd521a560d0afab94c.jpg",
	"url": "https://www.10000recipe.com/recipe/1806529",
	"ingredient_ids": [
		373,
		226,
		497
	],
	"time": "30",
	"ingre_list": [
		{
			"ingre_name": "중력분",
			"ingre_count": "100",
			"ingre_unit": "g"
		},
		{
			"ingre_name": "베이킹파우더",
			"ingre_count": "1/2",
			"ingre_unit": "작은술"
		},
		{
			"ingre_name": "우유",
			"ingre_count": "30",
			"ingre_unit": "ml"
		},
		{
			"ingre_name": "계란",
			"ingre_count": "1/2",
			"ingre_unit": "개"
		},
		{
			"ingre_name": "설탕",
			"ingre_count": "",
			"ingre_unit": "약간"
		},
		{
			"ingre_name": "소금",
			"ingre_count": "",
			"ingre_unit": "약간"
		}
	],
	"recipe": [
		"1. 계란을 제외한 모든재료를 넣고 멍울이 없게 잘 저어주세요.",
		"2. 용기에 반정도를 준비한 반죽을 넣어주세요.",
		"3. 180도로 예열한 오븐에서 15분간 구워주세요.오븐",
		"4. 그 위에 싱싱한 계란을 깨뜨려 올려주세요. 보통 계란빵 만드시면 반죽이랑 계란이랑 섞어서들 많이 하시는데 반죽따로 익히고 계란을 올려 익혀 만드는 계란빵이랍니다.",
		"5. 그리고 케첩과 마요네즈를 뿌려주세요. 취향에 맞게 싫으시면 생략하셔도 되요.",
		"6. 오븐에 다시 넣고 10분간 구워주세요. 수시로 오븐을 보시면서 계란이 노른자까지 익었으면 꺼내시면 되요."
	],
	"recipe_img": [
		"https://recipe1.ezmember.co.kr/cache/recipe/2015/08/19/b1b1e127d9c032c233b8baeb11c6f8f71.jpg",
		"https://recipe1.ezmember.co.kr/cache/recipe/2015/08/19/a15d4326b10f76cf51e5c2401d84ea1e1.jpg",
		"https://recipe1.ezmember.co.kr/cache/recipe/2015/08/19/b1982e6e0c26b318272d5becc3c65b051.jpg",
		"https://recipe1.ezmember.co.kr/cache/recipe/2015/08/19/0bd47a240550cfcb2d13354cecd9a1541.jpg",
		"https://recipe1.ezmember.co.kr/cache/recipe/2015/08/19/e88c270151d954b2354f7c866041ed901.jpg",
		"https://recipe1.ezmember.co.kr/cache/recipe/2015/08/19/8468862b8542225c90e6b5923acf6d931.jpg"
	]
}