{
	"id": "1810058",
	"name": "마른 꼴뚜기 통마늘 볶음",
	"thumbnail": "https://recipe1.ezmember.co.kr/cache/recipe/2015/06/08/a5d459531afd0dd4f905eb651eadb252.jpg",
	"url": "https://www.10000recipe.com/recipe/1810058",
	"ingredient_ids": [
		293,
		543,
		846
	],
	"time": "90",
	"ingre_list": [
		{
			"ingre_name": "마른(건)꼴뚜기",
			"ingre_count": "1/2",
			"ingre_unit": "봉지"
		},
		{
			"ingre_name": "꽈리고추",
			"ingre_count": "6",
			"ingre_unit": "개"
		},
		{
			"ingre_name": "통마늘",
			"ingre_count": "8",
			"ingre_unit": "개"
		},
		{
			"ingre_name": "통깨",
			"ingre_count": "",
			"ingre_unit": "적당량"
		},
		{
			"ingre_name": "기름",
			"ingre_count": "",
			"ingre_unit": "적당량"
		},
		{
			"ingre_name": "진간장",
			"ingre_count": "2",
			"ingre_unit": "큰술"
		},
		{
			"ingre_name": "아가베시럽(설탕&올리고당등)2U/",
			"ingre_count": "2",
			"ingre_unit": "큰술"
		},
		{
			"ingre_name": "후추",
			"ingre_count": "",
			"ingre_unit": "약간"
		},
		{
			"ingre_name": "청주",
			"ingre_count": "1",
			"ingre_unit": "티스푼"
		}
	],
	"recipe": [
		"1. 마른 꼴뚜기는 물에 1시간 정도 담궈 불려 주세요.",
		"2. 충분히 불린 꼴뚜기는 여러번 헹구어 물기를 빼주세요. 이물질이 물 밑에 많이 내려 앉습니다. 여러번 헹구어 주세요.",
		"3. 분량의 재료를 넣어 볶음 양념장을 만들어 놓으세요.",
		"4. 팬에 기름을 두르고 통마늘과 꼴뚜기를 볶아 주세요.",
		"5. 살짝 꼴뚜기와 통마늘을 볶은 후 꽈리고추를 넣어 함께 볶아 주세요.",
		"6. 1/3쯤 볶아 졌을때 볶음 양념을 부어 주시고 뚜껑을 살짝 덮어 놓으세요. 중간에 한번씩 뒤집어 줘가며 졸이듯이 볶아 주세요."
	],
	"recipe_img": [
		"https://recipe1.ezmember.co.kr/cache/recipe/2015/08/25/6f3f871be807d4b80fe1afa227cabc5a1.jpg",
		"https://recipe1.ezmember.co.kr/cache/recipe/2015/08/25/51aea7e3b3423a14f5bbaa55a7c4cee71.jpg",
		"https://recipe1.ezmember.co.kr/cache/recipe/2015/08/25/9ec9f65e7c33d9898c9e877011c654b51.jpg",
		"https://recipe1.ezmember.co.kr/cache/recipe/2015/08/25/c680ef76af1416ea47faa75e00f6fadf1.jpg",
		"https://recipe1.ezmember.co.kr/cache/recipe/2015/08/25/dd1341af1e2f4c15c0b07a1d3b0aae901.jpg",
		"https://recipe1.ezmember.co.kr/cache/recipe/2015/08/25/925e82ded2e4363350761f97a527fcd51.jpg"
	]
}