{
	"id": "1811832",
	"name": "꼼장어양념구이",
	"thumbnail": "https://recipe1.ezmember.co.kr/cache/recipe/2015/08/26/39d5aa8f40e5468e56e5d832329153cf.jpg",
	"url": "https://www.10000recipe.com/recipe/1811832",
	"ingredient_ids": [
		27,
		543,
		473,
		224,
		843,
		233,
		660,
		592
	],
	"time": "30",
	"ingre_list": [
		{
			"ingre_name": "꼼장어",
			"ingre_count": "500",
			"ingre_unit": "g"
		},
		{
			"ingre_name": "대파",
			"ingre_count": "",
			"ingre_unit": "기호"
		},
		{
			"ingre_name": "통깨",
			"ingre_count": "",
			"ingre_unit": "약간"
		},
		{
			"ingre_name": "고추장",
			"ingre_count": "1.",
			"ingre_unit": ".Ts"
		},
		{
			"ingre_name": "고춧가루",
			"ingre_count": "1",
			"ingre_unit": "Ts"
		},
		{
			"ingre_name": "매실액",
			"ingre_count": "1",
			"ingre_unit": "Ts"
		},
		{
			"ingre_name": "올리고당(또는물엿)",
			"ingre_count": "1.",
			"ingre_unit": ".Ts"
		},
		{
			"ingre_name": "다진마늘",
			"ingre_count": "1",
			"ingre_unit": "Ts"
		},
		{
			"ingre_name": "참기름",
			"ingre_count": "1",
			"ingre_unit": "Ts"
		},
		{
			"ingre_name": "양파즙",
			"ingre_count": "50",
			"ingre_unit": "ml"
		}
	],
	"recipe": [
		"1. 깔끔하게 잘 손질된 꼼장어를 물에 잘~~헹구어 주세요.",
		"2. 가스렌지에 딸려 있는 생선구이용 오븐에 넣어서 1차적으로 구웠습니다.오븐",
		"3. 꼼장어가 구워지는 동안, 양념장을 만들어 두세요.",
		"4. 1차적으로 잘 구워진 꼼장어를 후라이팬에 올리고 2차적으로 한번 더 구워주시는데요... 굽는 중간에 이렇게 먹기 좋은 크기로 뚝뚝~ 잘라주세요.",
		"5. 그리고 위에 준비되어져 있던 양념장을 끼얹어 주시고 잘 섞어 주세요.",
		"6. 떡을 넣으실적엔, 미리 물에 불려 두셨다거 넣어주세요.",
		"7. 떡도 말캉말캉 해지고 꼼장어도 양념이 잘 베였다 싶으면... 대파를 송송~ 썰어서 올려주시고요. 한번 휘리릭~~ 섞듯이 볶아주신 후 불에서 내려주세요."
	],
	"recipe_img": [
		"https://recipe1.ezmember.co.kr/cache/recipe/2015/08/26/a6831e5d14f5b2df01dcab896cda95cb1.jpg",
		"https://recipe1.ezmember.co.kr/cache/recipe/2015/08/26/78b274197a458a309bd94f1292a8fb351.jpg",
		"https://recipe1.ezmember.co.kr/cache/recipe/2015/08/26/95a940c982e615a87d30230e79b5b1d21.jpg",
		"https://recipe1.ezmember.co.kr/cache/recipe/2015/08/26/5dd64eb75c964d1e7001817325ff43d81.jpg",
		"https://recipe1.ezmember.co.kr/cache/recipe/2015/08/26/de654f21696940f2344c8ac61f516a261.jpg",
		"https://recipe1.ezmember.co.kr/cache/recipe/2015/08/26/61f199fa1eae74340e08e6d34fd175401.jpg",
		"https://recipe1.ezmember.co.kr/cache/recipe/2015/08/26/ff92ed34386369dce91664eca66b14011.jpg"
	]
}