{
	"id": "1812012",
	"name": "홍합미역국",
	"thumbnail": "https://recipe1.ezmember.co.kr/cache/recipe/2015/08/20/6fb308b3b9263b42d095b7231e1e11c4.jpg",
	"url": "https://www.10000recipe.com/recipe/1812012",
	"ingredient_ids": [
		995,
		233,
		660,
		349,
		497
	],
	"time": "30",
	"ingre_list": [
		{
			"ingre_name": "그린홍합8개(일반홍합15개~20개)",
			"ingre_count": "8개(일반 홍합 15개~20개)",
			"ingre_unit": "개(일반 홍합 개~개)"
		},
		{
			"ingre_name": "물",
			"ingre_count": "1000",
			"ingre_unit": "ml"
		},
		{
			"ingre_name": "불린미역",
			"ingre_count": "2",
			"ingre_unit": "줌"
		},
		{
			"ingre_name": "다진마늘",
			"ingre_count": "0.",
			"ingre_unit": ".스푼"
		},
		{
			"ingre_name": "참기름",
			"ingre_count": "1",
			"ingre_unit": "스푼"
		},
		{
			"ingre_name": "국간장",
			"ingre_count": "2",
			"ingre_unit": "스푼"
		},
		{
			"ingre_name": "소금",
			"ingre_count": "",
			"ingre_unit": "약간"
		}
	],
	"recipe": [
		"1. 깨끗하게 손질한 홍합을 물에 넣고 5분 가량 끓이고 국물은 체에 걸러 불순물을 제거하고 홍합은 살만 발라내 주세요. 불린 미역과 다진마늘을 참기름에 충분히 볶아 주세요.",
		"2. 볶은 미역에 미리 끓여 놓은 홍합 국물을 부어 주고 따로 발라 놓은 홍합과 국간장을 넣고 끓여 주세요. 너무 오래 끓이면 홍합이 질겨진답니다. 적당히 끓여 주세요.",
		"3. 부족한 간은 소금으로 하고 마무리."
	],
	"recipe_img": [
		"https://recipe1.ezmember.co.kr/cache/recipe/2015/08/20/a07dc338f7ea75aaea0c43715824d8f61.jpg",
		"https://recipe1.ezmember.co.kr/cache/recipe/2015/08/20/4b93c5fa5bd2e76066d6b931451ff2881.jpg",
		"https://recipe1.ezmember.co.kr/cache/recipe/2015/08/20/67003c150be939d2452a7b0fb4280d051.jpg"
	]
}