{
	"id": "1820598",
	"name": "매콤달콤한 밑반찬 쥐포무침",
	"thumbnail": "https://recipe1.ezmember.co.kr/cache/recipe/2015/08/25/71f6dd2ae1eb854b2695373eaf8eeccf.jpg",
	"url": "https://www.10000recipe.com/recipe/1820598",
	"ingredient_ids": [
		769,
		505,
		473,
		575,
		379,
		233,
		846,
		660
	],
	"time": "15",
	"ingre_list": [
		{
			"ingre_name": "쥐포",
			"ingre_count": "200",
			"ingre_unit": "g"
		},
		{
			"ingre_name": "실파",
			"ingre_count": "4",
			"ingre_unit": "뿌리"
		},
		{
			"ingre_name": "고추장",
			"ingre_count": "2",
			"ingre_unit": "Ts"
		},
		{
			"ingre_name": "매실액기스",
			"ingre_count": "1",
			"ingre_unit": "Ts"
		},
		{
			"ingre_name": "올리고당",
			"ingre_count": "1",
			"ingre_unit": "Ts"
		},
		{
			"ingre_name": "간장",
			"ingre_count": "1/2",
			"ingre_unit": "Ts"
		},
		{
			"ingre_name": "다진마늘",
			"ingre_count": "15",
			"ingre_unit": "g"
		},
		{
			"ingre_name": "참깨",
			"ingre_count": "",
			"ingre_unit": "적당량"
		},
		{
			"ingre_name": "고추가루",
			"ingre_count": "2",
			"ingre_unit": "ts"
		},
		{
			"ingre_name": "청주",
			"ingre_count": "2",
			"ingre_unit": "ts"
		},
		{
			"ingre_name": "참기름",
			"ingre_count": "",
			"ingre_unit": "적당량"
		}
	],
	"recipe": [
		"1. 쥐포를 물에 담궈서 불려주시는게 아니구요 살짝 물에 담궜다가 바로 빼내서 살짝 물만 머금게 해주세요. 쥐포가 얇고 부드러우면 그냥 이과정 안하셔도 되구요.",
		"2. 모든양념재료를 그릇에 넣고 잘 섞어주세요.",
		"3. 주 살짝만 불려주신 쥐포에 양념장을 넣고 조물조물 무쳐주세요. 양념이 잘 베이도록 무쳐주시다가 양념장에도 2/3넣고 나머지는 요렇게 무치면서 실파를 넣어줬어요."
	],
	"recipe_img": [
		"https://recipe1.ezmember.co.kr/cache/recipe/2015/08/25/9c0cce195c34519a0a4073a49333d9bb1.jpg",
		"https://recipe1.ezmember.co.kr/cache/recipe/2015/08/25/9ca4de56f736255125f91c2013c5b4a71.jpg",
		"https://recipe1.ezmember.co.kr/cache/recipe/2015/08/25/41edbbe0b97d971ad54425b5a651c36e1.jpg"
	]
}