{
	"id": "1825003",
	"name": "실파무침 만들기",
	"thumbnail": "https://recipe1.ezmember.co.kr/cache/recipe/2015/08/25/78a89ec32a7b2f795295ee2ffaad2be4.jpg",
	"url": "https://www.10000recipe.com/recipe/1825003",
	"ingredient_ids": [
		505,
		55,
		497,
		660,
		543
	],
	"time": "10",
	"ingre_list": [
		{
			"ingre_name": "실파",
			"ingre_count": "100",
			"ingre_unit": "g"
		},
		{
			"ingre_name": "팽이버섯",
			"ingre_count": "",
			"ingre_unit": ""
		},
		{
			"ingre_name": "김가루",
			"ingre_count": "",
			"ingre_unit": ""
		},
		{
			"ingre_name": "소금",
			"ingre_count": "",
			"ingre_unit": "약간"
		},
		{
			"ingre_name": "후추",
			"ingre_count": "",
			"ingre_unit": "약간"
		},
		{
			"ingre_name": "참기름",
			"ingre_count": "",
			"ingre_unit": ""
		},
		{
			"ingre_name": "통깨",
			"ingre_count": "",
			"ingre_unit": "약간"
		}
	],
	"recipe": [
		"1. 실파와 팽이 버섯은 끓는 물에 소금을 넣고 살짝 데쳐주세요.",
		"2. 소금, 후추, 참기름을 넣고 살짝 한번 버무려줍니다.",
		"3. 김가루와 통깨를 넣고 한번더 살짝 버무려 주시면 완성입니다."
	],
	"recipe_img": [
		"https://recipe1.ezmember.co.kr/cache/recipe/2015/08/25/08d5dff35fbacc80095150e566cf60d11.jpg",
		"https://recipe1.ezmember.co.kr/cache/recipe/2015/08/25/fa89d385463fc66fd64968354cb7e5eb1.jpg",
		"https://recipe1.ezmember.co.kr/cache/recipe/2015/08/25/f8aafb7b07e5a28670cf25c31942ce621.jpg"
	]
}