{
	"id": "1827857",
	"name": "간단 소갈비찜",
	"thumbnail": "https://recipe1.ezmember.co.kr/cache/recipe/2015/08/26/6ee539c11a43b6bd5fe6025f2c293fd0.jpg",
	"url": "https://www.10000recipe.com/recipe/1827857",
	"ingredient_ids": [
		995,
		9,
		189,
		379,
		226,
		292,
		233,
		455,
		660,
		3
	],
	"time": "2이상",
	"ingre_list": [
		{
			"ingre_name": "소갈비1팩(750g)",
			"ingre_count": "1팩(750g)",
			"ingre_unit": "팩(g)"
		},
		{
			"ingre_name": "물",
			"ingre_count": "1000",
			"ingre_unit": "ml"
		},
		{
			"ingre_name": "무5cm",
			"ingre_count": "1",
			"ingre_unit": "토막"
		},
		{
			"ingre_name": "당근",
			"ingre_count": "1/2",
			"ingre_unit": "개"
		},
		{
			"ingre_name": "말린표고버섯",
			"ingre_count": "2",
			"ingre_unit": "줌"
		},
		{
			"ingre_name": "은행",
			"ingre_count": "10",
			"ingre_unit": "알"
		},
		{
			"ingre_name": "간장",
			"ingre_count": "8",
			"ingre_unit": "스푼"
		},
		{
			"ingre_name": "설탕",
			"ingre_count": "4",
			"ingre_unit": "스푼"
		},
		{
			"ingre_name": "맛술",
			"ingre_count": "4",
			"ingre_unit": "스푼"
		},
		{
			"ingre_name": "다진마늘",
			"ingre_count": "1",
			"ingre_unit": "스푼"
		},
		{
			"ingre_name": "다진파",
			"ingre_count": "1",
			"ingre_unit": "스푼"
		},
		{
			"ingre_name": "생강가루",
			"ingre_count": "0.",
			"ingre_unit": ".스푼"
		},
		{
			"ingre_name": "참기름",
			"ingre_count": "0.",
			"ingre_unit": ".스푼"
		},
		{
			"ingre_name": "양파",
			"ingre_count": "1/2",
			"ingre_unit": "개"
		},
		{
			"ingre_name": "후추가루",
			"ingre_count": "",
			"ingre_unit": "약간"
		}
	],
	"recipe": [
		"1. 갈비는 차가운 물에 1시간 정도 담가 핏물을 빼주세요. 물 1,000ml에 핏물 뺀 갈비를 넣고 30분 정도 익혀 주세요. 젓가락으로 찔러 핏물이 나오지 않을 정도로 익혀 주시면 된답니다.",
		"2. 한 번 삶은 갈비는 양념이 잘 배도록 칼집을 넣어주고 힘줄과 지방을 제거해 주세요. 육수는 체에 걸러 400ml를 준비해 주세요. 차갑게 식혀 위에 뜬 기름을 걷어내 주시면 담백한 갈비찜을 드실 수 있어요.",
		"3. 손질한 갈비에 간장, 설탕, 맛술, 양파 간 것, 다진마늘, 생강가루를 넣고 버무려 30분 정도 재워 주세요. 무와 당근은 적당한 크기로 썰어 모서리를 둥글게 깍고 말린 표고버섯은 설탕물에 불려 주세요. 은행은 마른 팬에 볶아 껍질을 벗겨 주세요.",
		"4. 양념에 재운 갈비에 육수를 붓고 끓여 주세요. 육수가 끓기 시작하면 손질한 채소와 은행을 넣고 끓이다가 국물이 자작해지면 참기름, 후추가루 넣고 마무리해주세요."
	],
	"recipe_img": [
		"https://recipe1.ezmember.co.kr/cache/recipe/2015/08/28/3c522030db685c51bbf98f3420b6d6c41.jpg",
		"https://recipe1.ezmember.co.kr/cache/recipe/2015/08/28/5c355d7e9b5783741346f9ecf3d1d32c1.jpg",
		"https://recipe1.ezmember.co.kr/cache/recipe/2015/08/28/ff8428ad5936356d0241b724ec74b1de1.jpg",
		"https://recipe1.ezmember.co.kr/cache/recipe/2015/08/28/30870e392d729d9897595a041955ee071.jpg"
	]
}