{
	"id": "1829313",
	"name": "다하누 육회 만들기",
	"thumbnail": "https://recipe1.ezmember.co.kr/cache/recipe/2015/08/25/a5b92aabe14ebd97d9b33d4ef725d8da.jpg",
	"url": "https://www.10000recipe.com/recipe/1829313",
	"ingredient_ids": [
		142,
		233,
		497,
		226,
		660,
		350
	],
	"time": "15",
	"ingre_list": [
		{
			"ingre_name": "육회",
			"ingre_count": "300",
			"ingre_unit": "그램"
		},
		{
			"ingre_name": "배",
			"ingre_count": "1/2",
			"ingre_unit": "개"
		},
		{
			"ingre_name": "다진마늘",
			"ingre_count": "1",
			"ingre_unit": "큰술"
		},
		{
			"ingre_name": "소금",
			"ingre_count": "1/3",
			"ingre_unit": "큰술"
		},
		{
			"ingre_name": "설탕",
			"ingre_count": "1/3",
			"ingre_unit": "큰술"
		},
		{
			"ingre_name": "참기름",
			"ingre_count": "2",
			"ingre_unit": "큰술"
		},
		{
			"ingre_name": "깨소금",
			"ingre_count": "",
			"ingre_unit": "약간"
		}
	],
	"recipe": [
		"1. 신선한 육회용고기를 준비해 썰어줍니다.",
		"2. 고기에 다진마늘 1큰술, 소금 1/3큰술, 설탕 1/3큰술, 참기름 2큰술, 깨소금을 넣고 젓가락으로 무쳐줍니다.",
		"3. 배 채썰어 돌려 담고 육회무침 올리고 노른자도 한개 올려 줍니다."
	],
	"recipe_img": [
		"https://recipe1.ezmember.co.kr/cache/recipe/2015/08/26/6f473a2670ecac0d9273973251164abb1.jpg",
		"https://recipe1.ezmember.co.kr/cache/recipe/2015/08/26/e1a654a42d757aedaf10e05ae945afc11.jpg",
		"https://recipe1.ezmember.co.kr/cache/recipe/2015/08/26/8b0c8dbaed998b29b48c9a15bb2b08831.jpg"
	]
}