{
	"id": "1849233",
	"name": "푸짐한 쭈꾸미볶음",
	"thumbnail": "https://recipe1.ezmember.co.kr/cache/recipe/2015/09/01/0881bb2ab2286b9198ef3ff9787846bc.jpg",
	"url": "https://www.10000recipe.com/recipe/1849233",
	"ingredient_ids": [
		63,
		52,
		3,
		27,
		660,
		473,
		224,
		226,
		379,
		233,
		846,
		225,
		660,
		543
	],
	"time": "30",
	"ingre_list": [
		{
			"ingre_name": "쭈꾸미",
			"ingre_count": "600",
			"ingre_unit": "g"
		},
		{
			"ingre_name": "숙주",
			"ingre_count": "300",
			"ingre_unit": "g"
		},
		{
			"ingre_name": "양파",
			"ingre_count": "1/2",
			"ingre_unit": "개"
		},
		{
			"ingre_name": "대파",
			"ingre_count": "1/2",
			"ingre_unit": "대"
		},
		{
			"ingre_name": "밥",
			"ingre_count": "1.",
			"ingre_unit": ".공기"
		},
		{
			"ingre_name": "김가루",
			"ingre_count": "",
			"ingre_unit": "적당량"
		},
		{
			"ingre_name": "보크라이스(or밥돌이밥순이등의제품)",
			"ingre_count": "",
			"ingre_unit": "적당량"
		},
		{
			"ingre_name": "참기름",
			"ingre_count": "",
			"ingre_unit": "적당히많이"
		},
		{
			"ingre_name": "고추장",
			"ingre_count": "1",
			"ingre_unit": "큰술"
		},
		{
			"ingre_name": "고춧가루",
			"ingre_count": "3",
			"ingre_unit": "큰술"
		},
		{
			"ingre_name": "설탕",
			"ingre_count": "1",
			"ingre_unit": "큰술"
		},
		{
			"ingre_name": "간장",
			"ingre_count": "2",
			"ingre_unit": "큰술"
		},
		{
			"ingre_name": "참치진국",
			"ingre_count": "1",
			"ingre_unit": "큰술"
		},
		{
			"ingre_name": "다진마늘",
			"ingre_count": "1",
			"ingre_unit": "큰술"
		},
		{
			"ingre_name": "생강즙이나가루",
			"ingre_count": "0.",
			"ingre_unit": ".큰술"
		},
		{
			"ingre_name": "청주",
			"ingre_count": "1",
			"ingre_unit": "큰술"
		},
		{
			"ingre_name": "후춧가루",
			"ingre_count": "",
			"ingre_unit": "약간"
		},
		{
			"ingre_name": "참기름",
			"ingre_count": "2",
			"ingre_unit": "큰술"
		},
		{
			"ingre_name": "통깨",
			"ingre_count": "1",
			"ingre_unit": "큰술"
		}
	],
	"recipe": [
		"1. 쭈꾸미는 머리를 떼어내실 분들은 떼어내세요. (떼어내지 않으면 먹물 때문에 요리가 쫌 지저분해 보일 수는 있어요. 그리고 밀가루와 굵은 소금을 넣고서 바락바락 손으로 문질러 주세요. 몇차례 말이죠..쭈꾸미 다리 사이사이에 뻘에 묻은 흙이 어느정도 나오게요~~보통 전 굵은 소금으로만 씻다가 낙지나 쭈꾸미에서 살짝 냄새가 난다 싶으면 밀가루를 넣고 다시 한번 바락바락 씻어줍니다. 밀가루와 굵은 소금으로 씻어주면 어느정도 이물질도 제거 되지만, 냄새제거에도 효과적이더라고요.",
		"2. 그리고 싱싱한 상태로면 그냥 바로 생으로 사용해도 되지만 한번 데쳐서 사용합니다. 팔팔 끓는 물에 굵은 소금은 적당히(반숟갈 정도) 넣고 손질한 쭈꾸미를 넣고 살짝 데쳐주세요. 쭈꾸미를 데치는 이유는 저처럼 시간이 조금 지나서이기도 하지만 볶음 종류를 할때 물이 그나마 덜 나오라고 이렇게 미리 데쳐내기도 합니다.",
		"3. 양념장 재료인 고추장(1), 고춧가루(3), 설탕(1), 간장(2), 참치진국(1), 다진 마늘(1), 생강즙이나 가루(0.3), 청주(1), 후춧가루(약간)를 한데 섞어주세요.",
		"4. 콩나물은 데치거나 그냥 생으로 사용하세요.",
		"5. 양파는 굵직하게 채 썰고, 대파도 큼직하게 어슷썰어주세요.",
		"6. 또 데쳐낸 쭈꾸미도 그냥 사용하면 너무 크니까, 이렇게 먹기 좋게 큼직하게 잘라줍니다.",
		"7. 달군 팬에 기름을 두르고, 데쳐낸 콩나물(또는 생 콩나물이나 숙주나물)을 넣고, 양파도 같이 넣어서 살짝 볶다가",
		"8. 바로 이어서 만들어 놓은 양념장을 모두 넣고 달달 볶아주세요.",
		"9. 데쳐낸 쭈꾸미와 대파를 넣고 재빨리 양념과 재료들이 섞이게 볶아주고",
		"10. 마지막으로 참기름(2)과 통깨(1)를 넣어주면 끝.",
		"11. 이렇게 완성된 쭈꾸미볶음은 다른 완성 접시에 담아서 가족들이 열심히 먹고 있는 동안 전 또 재빨리 가족들이 먹을 볶음밥을 준비했지요. 콩나물과 쭈꾸미 몇점, 그리고 국물을 남겨놓고 이곳에 밥(1공기 반정도)과 밥새우에서 나온 볶음밥용 보크라이스 종류 같이 넣어주고 돌자반 김이나 김가루 등을 같이 넣고 볶아주세요.",
		"12. 마지막을 장식하는 참기름 듬뿍 둘러줘야 꼬소하고 촉촉하니 맛있답니다."
	],
	"recipe_img": [
		"https://recipe1.ezmember.co.kr/cache/recipe/2015/09/01/b1ad1a01c1a02e680279ae41571aaa101.jpg",
		"https://recipe1.ezmember.co.kr/cache/recipe/2015/09/01/58e5d3670cc09b628720006c37d48f3f1.jpg",
		"https://recipe1.ezmember.co.kr/cache/recipe/2015/09/01/8eb132e88e6f153ba5c47a8fcd9cac8c1.jpg",
		"https://recipe1.ezmember.co.kr/cache/recipe/2015/09/01/33b4e05fe36911c14f13f4b8264c15a71.jpg",
		"https://recipe1.ezmember.co.kr/cache/recipe/2015/09/01/624c9cd2984fce7b59befaa6269040781.jpg",
		"https://recipe1.ezmember.co.kr/cache/recipe/2015/09/01/77e73860a83f07eb1eeed6d0abcfa14a1.jpg",
		"https://recipe1.ezmember.co.kr/cache/recipe/2015/09/01/839d7e5507fa0ec55605991170e6c79b1.jpg",
		"https://recipe1.ezmember.co.kr/cache/recipe/2015/09/01/a923dcf92cdd94e00ee94b6807a9054c1.jpg",
		"https://recipe1.ezmember.co.kr/cache/recipe/2015/09/01/16dc8486afc492d40d7f051339478f7f1.jpg",
		"https://recipe1.ezmember.co.kr/cache/recipe/2015/09/01/9ad6207915c2b2e78bbb02aac9cf9ee41.jpg",
		"https://recipe1.ezmember.co.kr/cache/recipe/2015/09/01/f9b5ffdf90cd19cf9e912047dc35c0de1.jpg",
		"https://recipe1.ezmember.co.kr/cache/recipe/2015/09/01/613aa4f4b2315f610723247b61290b401.jpg"
	]
}