{
	"id": "1858321",
	"name": "삼겹살김치찌개",
	"thumbnail": "https://recipe1.ezmember.co.kr/cache/recipe/2015/08/11/8e14da75ef0b142d239c9fb9906d2c44.jpg",
	"url": "https://www.10000recipe.com/recipe/1858321",
	"ingredient_ids": [
		3,
		323,
		27,
		586,
		224,
		665,
		224,
		233,
		846,
		225
	],
	"time": "60",
	"ingre_list": [
		{
			"ingre_name": "삼겹살",
			"ingre_count": "300",
			"ingre_unit": "g"
		},
		{
			"ingre_name": "잘익은김치",
			"ingre_count": "300",
			"ingre_unit": "g"
		},
		{
			"ingre_name": "양파",
			"ingre_count": "1/2",
			"ingre_unit": "개"
		},
		{
			"ingre_name": "두부",
			"ingre_count": "1/2",
			"ingre_unit": "모"
		},
		{
			"ingre_name": "대파",
			"ingre_count": "1",
			"ingre_unit": "대"
		},
		{
			"ingre_name": "애느타리버섯",
			"ingre_count": "1/2",
			"ingre_unit": "팩"
		},
		{
			"ingre_name": "청고추",
			"ingre_count": "1",
			"ingre_unit": "개"
		},
		{
			"ingre_name": "홍고추",
			"ingre_count": "1",
			"ingre_unit": "개"
		},
		{
			"ingre_name": "고춧가루",
			"ingre_count": "1",
			"ingre_unit": "큰술"
		},
		{
			"ingre_name": "멸치다시마육수",
			"ingre_count": "900",
			"ingre_unit": "ml"
		},
		{
			"ingre_name": "소금&간장약간(마지막간보기용)",
			"ingre_count": "약간(마지막간보기용)",
			"ingre_unit": "약간(마지막간보기용)"
		},
		{
			"ingre_name": "참치액",
			"ingre_count": "1",
			"ingre_unit": "큰술"
		},
		{
			"ingre_name": "고춧가루",
			"ingre_count": "1",
			"ingre_unit": "큰술"
		},
		{
			"ingre_name": "다진마늘",
			"ingre_count": "1",
			"ingre_unit": "큰술"
		},
		{
			"ingre_name": "청주",
			"ingre_count": "1",
			"ingre_unit": "작은술"
		},
		{
			"ingre_name": "후춧가루",
			"ingre_count": "",
			"ingre_unit": "조금"
		}
	],
	"recipe": [
		"1. 삼겹살은 먹기좋게 잘라 분량의 밑간재료들을 넣고 30여분정도 미리 재워두세요.",
		"2. 두부를 포함한 재료들은 취향껏 알맞게 썰어주세요.",
		"3. 냄비에 오일을 조금 두르고 골고루 팬에 발라준뒤 키친타올로 닦아내주세요. 다시 오일을 두르고 밑간해둔 삼겹살을 넣고 볶아주세요.",
		"4. 잘 익은 신김치를 넣고 달달 볶아주다 분량의 멸치다시마육수를 붓고 끓여주세요.",
		"5. 삼겹살과 신김치가 잘 익어가면 청홍고추와 대파를 제외한 나머지 재료들을 넣고 고춧가루를 넣고 끓여주세요.",
		"6. 마지막에 간을 한번 보시고 각 가정의 입맛에 맞게 간을 맞춰준뒤 대파와 청홍고추를 넣고 마무리하면 된답니다."
	],
	"recipe_img": [
		"https://recipe1.ezmember.co.kr/cache/recipe/2015/08/11/2e5def66c8aee3c701fa4936edbc85891.jpg",
		"https://recipe1.ezmember.co.kr/cache/recipe/2015/08/11/c7a2ed206449c845d102727bf1b973891.jpg",
		"https://recipe1.ezmember.co.kr/cache/recipe/2015/08/11/7dbcda7fdd7137a1d7ab6fd655b2871c1.jpg",
		"https://recipe1.ezmember.co.kr/cache/recipe/2015/08/11/033926e2b594ba30b5a6fddf6e813f1e1.jpg",
		"https://recipe1.ezmember.co.kr/cache/recipe/2015/08/11/1a1429832c48f4d49a01d579d73640e71.jpg",
		"https://recipe1.ezmember.co.kr/cache/recipe/2015/08/11/21396e1fe20786103b6208fde13ab4dc1.jpg"
	]
}