{
	"id": "1861144",
	"name": "돌미나리 해물전 ",
	"thumbnail": "https://recipe1.ezmember.co.kr/cache/recipe/2015/08/18/16e50268361eb2ca28028fc42ae09185.jpg",
	"url": "https://www.10000recipe.com/recipe/1861144",
	"ingredient_ids": [
		809,
		295,
		387,
		734,
		379,
		231,
		693,
		295,
		3
	],
	"time": "30",
	"ingre_list": [
		{
			"ingre_name": "돌미나리",
			"ingre_count": "1",
			"ingre_unit": "줌"
		},
		{
			"ingre_name": "모듬해물",
			"ingre_count": "1",
			"ingre_unit": "국자"
		},
		{
			"ingre_name": "청양고추",
			"ingre_count": "3",
			"ingre_unit": "개"
		},
		{
			"ingre_name": "계란",
			"ingre_count": "1",
			"ingre_unit": "개"
		},
		{
			"ingre_name": "기름",
			"ingre_count": "",
			"ingre_unit": "적당량"
		},
		{
			"ingre_name": "부침가루",
			"ingre_count": "4",
			"ingre_unit": "큰술"
		},
		{
			"ingre_name": "튀김가루",
			"ingre_count": "4",
			"ingre_unit": "큰술"
		},
		{
			"ingre_name": "생수",
			"ingre_count": "1",
			"ingre_unit": "컵"
		},
		{
			"ingre_name": "간장",
			"ingre_count": "3",
			"ingre_unit": "큰술"
		},
		{
			"ingre_name": "핫식스",
			"ingre_count": "2",
			"ingre_unit": "큰술"
		},
		{
			"ingre_name": "식초",
			"ingre_count": "2/3",
			"ingre_unit": "큰술"
		},
		{
			"ingre_name": "아가베시럽",
			"ingre_count": "1",
			"ingre_unit": "큰술"
		},
		{
			"ingre_name": "생수",
			"ingre_count": "2",
			"ingre_unit": "큰술"
		},
		{
			"ingre_name": "청양고추",
			"ingre_count": "2",
			"ingre_unit": "개"
		},
		{
			"ingre_name": "양파",
			"ingre_count": "",
			"ingre_unit": "적당량"
		},
		{
			"ingre_name": "홍고추",
			"ingre_count": "1/2",
			"ingre_unit": "개"
		}
	],
	"recipe": [
		"1. 부침가루와 튀김가루는 1:1 비율로 섞으세요. 생수는 차가운 또는 얼음물로 준비하세요. 더 바삭하고 맛있답니다.",
		"2. 소금은 약간만 넣어 주세요. 양념장을 찍어 먹을거니 소금은 생략 하셔도 괜찮아요.",
		"3. 팬에 기름을 두르시고 가열하세요.",
		"4. 팬이 달구어 지는동안 깨끗하게 손질해서 씻어놓은 미나리는 반죽에 살짝 젖을 정도만 묻혀 주세요.",
		"5. 씻어서 물기를 뺀 해물도 반죽에 살짝 묻혀 주세요.",
		"6. 팬이 달구어지면 반죽에 묻힌 미나리를 쫙 팬에 펴놓고 그 위에 해물을 골고루 올려 주세요.",
		"7. 얇게 저민 (다져도 괜찮아요) 청양고추를 해물위에 솔솔 뿌려 주세요.",
		"8. 그리고는 부침 아래가 익을때까지 잠시 기다려 주세요. 그사이 계란 1개를 젓가락으로 풀어 주세요.",
		"9. 익어가고 있는 미나리 전위에 골고루 뿌려 주세요.",
		"10. 부침이 다 익으면 큰 접시를 후라이팬에 덮고 거꾸로 뒤집어 주세요.",
		"11. 사진처럼 후라이팬이 위로 올라가며 전이 흐트러지지 않고 접시에 예쁘게 담아 진답니다.",
		"12. 미나리전 완성",
		"13. 양념장 재료를 모두 섞어 주시면 양념장도 완성.",
		"14. 양념 간장에 콕찍어 먹으면 됩니다."
	],
	"recipe_img": [
		"https://recipe1.ezmember.co.kr/cache/recipe/2015/08/18/80039563f08a001851bab19611f027ce1.jpg",
		"https://recipe1.ezmember.co.kr/cache/recipe/2015/08/18/6e5e699442508a75a000e7cf61522e761.jpg",
		"https://recipe1.ezmember.co.kr/cache/recipe/2015/08/18/bf6fe617860b39c67ba7f8e4a3cf8ed11.jpg",
		"https://recipe1.ezmember.co.kr/cache/recipe/2015/08/18/bdda33e4ed7ea2d7a396f158a449a8fa1.jpg",
		"https://recipe1.ezmember.co.kr/cache/recipe/2015/08/18/b2616b50350211552ece5b1d47239fd71.jpg",
		"https://recipe1.ezmember.co.kr/cache/recipe/2015/08/18/33c0f8db17c1c75742ab71747044b68a1.jpg",
		"https://recipe1.ezmember.co.kr/cache/recipe/2015/08/18/3e7f41294c97fbcc01d3193f9b3b969b1.jpg",
		"https://recipe1.ezmember.co.kr/cache/recipe/2015/08/18/9843d30d243cad3509ccc3e8ddb898b21.jpg",
		"https://recipe1.ezmember.co.kr/cache/recipe/2015/08/18/58cd173055b7bf8d902426ef09c07a711.jpg",
		"https://recipe1.ezmember.co.kr/cache/recipe/2015/08/18/89714b7be8a1cef15344ad446b7f96761.jpg",
		"https://recipe1.ezmember.co.kr/cache/recipe/2015/08/18/986503e07193c3c59adb65ed6ac04ee11.jpg",
		"https://recipe1.ezmember.co.kr/cache/recipe/2015/08/18/5d674e3004055ca7d24aef422973031a1.jpg",
		"https://recipe1.ezmember.co.kr/cache/recipe/2015/08/18/1389eb3d3ad9a77aa8ab008950c6656c1.jpg",
		"https://recipe1.ezmember.co.kr/cache/recipe/2015/08/18/3def68cd1845d1137ef8801351982f1e1.jpg"
	]
}