{
	"id": "1863768",
	"name": "제철 꽃게로 간장게장 맛있게 담그는법",
	"thumbnail": "https://recipe1.ezmember.co.kr/cache/recipe/2015/08/13/efa6d0a87172d4cca4a9996ca4618b6b.jpg",
	"url": "https://www.10000recipe.com/recipe/1863768",
	"ingredient_ids": [
		846,
		250,
		857,
		158,
		3,
		295,
		29,
		90,
		53,
		28
	],
	"time": "2이상",
	"ingre_list": [
		{
			"ingre_name": "살아있는암케4마리(약1키로정도)",
			"ingre_count": "4마리(약1키로정도)",
			"ingre_unit": "마리(약키로정도)"
		},
		{
			"ingre_name": "양조간장500ml(2.5컵)",
			"ingre_count": "500ml (2.5컵)",
			"ingre_unit": "ml (.컵)"
		},
		{
			"ingre_name": "물3+2/3컵(750ml)",
			"ingre_count": "3+2/3컵(750ml)",
			"ingre_unit": "컵(ml)"
		},
		{
			"ingre_name": "청주",
			"ingre_count": "1",
			"ingre_unit": "컵"
		},
		{
			"ingre_name": "매실액기스",
			"ingre_count": "2",
			"ingre_unit": "큰술"
		},
		{
			"ingre_name": "레몬즙",
			"ingre_count": "3",
			"ingre_unit": "큰술"
		},
		{
			"ingre_name": "통후추",
			"ingre_count": "",
			"ingre_unit": "약간"
		},
		{
			"ingre_name": "사과",
			"ingre_count": "1/2",
			"ingre_unit": "개"
		},
		{
			"ingre_name": "양파",
			"ingre_count": "1",
			"ingre_unit": "개"
		},
		{
			"ingre_name": "대파흰부분",
			"ingre_count": "1/2",
			"ingre_unit": "대"
		},
		{
			"ingre_name": "청양고추",
			"ingre_count": "4",
			"ingre_unit": "개"
		},
		{
			"ingre_name": "마늘",
			"ingre_count": "10",
			"ingre_unit": "알"
		},
		{
			"ingre_name": "다시마",
			"ingre_count": "1",
			"ingre_unit": "장"
		},
		{
			"ingre_name": "표고버섯",
			"ingre_count": "2",
			"ingre_unit": "개분"
		},
		{
			"ingre_name": "생강",
			"ingre_count": "1",
			"ingre_unit": "조각"
		}
	],
	"recipe": [
		"1. 간장물은 미리끓여서 완전 차갑게 식혀서 부어주어야하니 꽃게 손질하기 훨씬전에 미리 미리 끓여두세요. 게장담는 간장은 좀 비싸도 양조간장으로 하셔야 맛있구요 설탕이나 꿀은 절대 넣지마세요. 단맛은 매실액기스나 없으시면 요리당이나 올리고당으로 조절하세요. 간장과 물을 4:6 으로 맞추시면 간기가 적당합니다. 청주한컵부어주고 양파는 하나 반갈라 넣고 사과는 반개 넣어주고 청양고추랑 대파넣고 말린 표고버섯 잘닦아 두개정도 넣어주고 통후추와 마늘 생강을 넣고 다시마도 너구리사이즈 한장 넣어줍니다. 아 그리고 레몬을 썰어 넣어주면 더 좋은데 레몬 3개 묶어서 팔길래 다 필요없어서 그냥 레몬즙 3큰술 넣었답니다. 생강은 꽃게의 비린맛을 잡아주니까 꼭 넣어주세요.",
		"2. 모든재료 한데넣고 센불에 끓이다가 보글 끓어오르면 불을줄여 30분정도 약불에 끓여준뒤 완전히 차갑게 식혀줍니다.",
		"3. 이제 꽃게를 손질해볼까요. 칫솔로 꼼꼼히 벅벅 씻어 주었답니다. 구석 구석 깨끗히 씻어 주세요.",
		"4. 배가 위로 오도록 담글통에 잘 넣어준뒤",
		"5. 식혀놓은 간장물을 체에 걸러 부어줍니다. 사진과 같이 게가 잠기도록 부어줍니다. 애들이 이제 잠에서 깨어나서 간장물을 흠뻑 빨아들이렴.",
		"6. 요렇게 냉장고에 넣어두고 3일뒤 꺼냈답니다.",
		"7. 삼일정도 숙성되어 맛이 든 꽃게는 호일에 싸서 지퍼백에 넣어 냉동실에 넣어두고 간장물은 한번끓여 식혀 냉장실에 넣어둡니다. 만약 삼일이 지나 꺼내봤을때 간이 좀 덜배였거나 좀더 짜게 드시고 싶으면 간장물만 따라내어 끓여 완전히 식혀 다시 부어 이틀정도 냉장실에서 더 숙성시킨뒤 꽃게 따로 냉동실로 보내주세요. 간장물에 게를 일주일이상 담궈두면 안되용. 살이 녹아버려용. 드실때 냉동실에서 한마리 꺼내어 다시 간장물에 넣어 자연스레 해동시켜준뒤 드시면 완전 싱싱 맛있답니다.",
		"8. 게장은 뚜껑연뒤 모레주머니 가위로 짤라버리고 굵은 집게발 그냥 먹기엔 불편하니까 칼등으로 두들겨 주고 살발래 먹기 쉽게 몸통 4등분으로 짤라주고 청양고추와 마늘 굵직하게 다져넣고 통깨좀 뿌려 간장물 조금 부어 상에 냅니다. 짜지않고 달지도 않고 딱 적당한기.. 입에 착착 감기는게.. 정말 밥도둑이네요."
	],
	"recipe_img": [
		"https://recipe1.ezmember.co.kr/cache/recipe/2015/08/13/6417a05a110ba2778a0dbe050c69d22c1.jpg",
		"https://recipe1.ezmember.co.kr/cache/recipe/2015/08/13/ff406c4b876857729dd0a3ac380d1dff1.jpg",
		"https://recipe1.ezmember.co.kr/cache/recipe/2015/08/13/e3dfd6c7ef7c1ee6deace487eaf0368c1.jpg",
		"https://recipe1.ezmember.co.kr/cache/recipe/2015/08/13/609d6a3a016fc1793b6d74df1a5867a61.jpg",
		"https://recipe1.ezmember.co.kr/cache/recipe/2015/08/13/e7955be49fe85c342b8d579118bc16b21.jpg",
		"https://recipe1.ezmember.co.kr/cache/recipe/2015/08/13/81b3b93abbbd3f4887da9bf3573219ef1.jpg",
		"https://recipe1.ezmember.co.kr/cache/recipe/2015/08/13/282beed05ba7550c2e47d94f1e94e5a91.jpg",
		"https://recipe1.ezmember.co.kr/cache/recipe/2015/08/13/cf41c3682bf956457c0908dfda0fe42d.jpg"
	]
}