{
	"id": "1866524",
	"name": "봄철! 황사에좋은 음식~~묵은지 돼지갈비찜~",
	"thumbnail": "https://recipe1.ezmember.co.kr/cache/recipe/2017/07/10/8258eadece689cb519c46107beec0fa8.jpg",
	"url": "https://www.10000recipe.com/recipe/1866524",
	"ingredient_ids": [
		923,
		995,
		497,
		233,
		295,
		660,
		848
	],
	"time": "2이상",
	"ingre_list": [
		{
			"ingre_name": "돼지갈비",
			"ingre_count": "1.",
			"ingre_unit": ".kg"
		},
		{
			"ingre_name": "묵은지",
			"ingre_count": "2",
			"ingre_unit": "포기"
		},
		{
			"ingre_name": "김치국물",
			"ingre_count": "1",
			"ingre_unit": "컵"
		},
		{
			"ingre_name": "물",
			"ingre_count": "2",
			"ingre_unit": "컵"
		},
		{
			"ingre_name": "소금",
			"ingre_count": "",
			"ingre_unit": "약간"
		},
		{
			"ingre_name": "다진마늘",
			"ingre_count": "",
			"ingre_unit": "약간"
		},
		{
			"ingre_name": "청양고추",
			"ingre_count": "3",
			"ingre_unit": "개"
		},
		{
			"ingre_name": "참기름",
			"ingre_count": "1",
			"ingre_unit": "큰술"
		},
		{
			"ingre_name": "된장",
			"ingre_count": "1",
			"ingre_unit": "큰술"
		},
		{
			"ingre_name": "고추가루",
			"ingre_count": "1",
			"ingre_unit": "큰술"
		}
	],
	"recipe": [
		"1. 돼지갈비는 기름기를 떼어내고,찬물에40분정도 담가서 핏물을 뺏습니다적당량의 물을 끓이다가 물이끓을때 핏물뺀 갈비를 넣고 삶아줍니다 (15분정도)이때......집된장1큰술정도 넣어주어요돼지의 잡내를 깔끔하게 잡아줍니다.",
		"2. 묵은지는 윗부분만 잘라내고양념은 털어내지않고 그냥했어요오래두고 먹을 김치라 속을 많이넣지않았답니다.",
		"3. 삶아낸 돼지갈비는 찬물에 한번 휘리릭~~헹궈줍니다물기를 뺀돼지갈비는 참기름을넣고 살살버무려줘요그런후 김치에 돌돌말아줍니다한개씩~~~~",
		"4. 압력솥의 내솥바닥에 대파를 조금깔았어요~김치에 말아놓은 갈비를 쪼로록~~넣어줍니다",
		"5. 김치국물이랑 물이랑 적당량 넣어주어요. 이때 소금1작은술 추가,고추가루도 넣어주고,대충 간이 맞을것같다는 생각으로",
		"6. 청양고추,다진마늘 도 넣어줍니다.",
		"7. 만능찜으로 30분했습니다.",
		"8. 쿠쿠압력밥솥으로 간단하게 묵은지 돼지갈비찜을 했어요~~",
		"9. 얼큰한 국물도 자작하게 나오고~~~초벌 삶기할때 된장을 넣고 삶아서 돼지의 잡내도 없습니다"
	],
	"recipe_img": [
		"https://recipe1.ezmember.co.kr/cache/recipe/2017/07/25/7975097e6a69afb01162a699fc073a8c1.jpg",
		"https://recipe1.ezmember.co.kr/cache/recipe/2017/07/25/dd166eaaf40820bd769db15b7fb009761.jpg",
		"https://recipe1.ezmember.co.kr/cache/recipe/2017/07/25/0583c2f35bda9549a204020e5b246a211.jpg",
		"https://recipe1.ezmember.co.kr/cache/recipe/2017/07/25/dd49c574779df790809f5cea5457a9c41.jpg",
		"https://recipe1.ezmember.co.kr/cache/recipe/2017/07/25/5ab16feb4ff259a80224e1df3616daad1.jpg",
		"https://recipe1.ezmember.co.kr/cache/recipe/2017/07/25/2faf84eebaf856ccdaf185161e067e9b1.jpg",
		"https://recipe1.ezmember.co.kr/cache/recipe/2017/07/25/596095003022e5d99fc07c2a3117cd061.jpg",
		"https://recipe1.ezmember.co.kr/cache/recipe/2017/07/25/c6d72807c2c6a0d16f9a2cc93d46ad001.jpg",
		"https://recipe1.ezmember.co.kr/cache/recipe/2017/07/25/86587564889a22ad41a1deeb5abed70b1.jpg"
	]
}