{
	"id": "1867210",
	"name": "굴소스 어묵볶음과 고추장 어묵볶음",
	"thumbnail": "https://recipe1.ezmember.co.kr/cache/recipe/2015/09/02/8db0eb4a205f29d6250e480bd358474c.jpg",
	"url": "https://www.10000recipe.com/recipe/1867210",
	"ingredient_ids": [
		548,
		574,
		477,
		575,
		233,
		543,
		473,
		224,
		233,
		575,
		843,
		543,
		995
	],
	"time": "15",
	"ingre_list": [
		{
			"ingre_name": "어묵",
			"ingre_count": "480",
			"ingre_unit": "g"
		},
		{
			"ingre_name": "올리브유",
			"ingre_count": "",
			"ingre_unit": "적당량"
		},
		{
			"ingre_name": "굴소스",
			"ingre_count": "1.",
			"ingre_unit": ".큰술"
		},
		{
			"ingre_name": "올리고당",
			"ingre_count": "1",
			"ingre_unit": "큰술"
		},
		{
			"ingre_name": "다진마늘",
			"ingre_count": "0.",
			"ingre_unit": ".큰술"
		},
		{
			"ingre_name": "통깨",
			"ingre_count": "",
			"ingre_unit": "약간"
		},
		{
			"ingre_name": "고추장",
			"ingre_count": "1",
			"ingre_unit": "큰술"
		},
		{
			"ingre_name": "고춧가루",
			"ingre_count": "0.",
			"ingre_unit": ".큰술"
		},
		{
			"ingre_name": "다진마늘",
			"ingre_count": "0.",
			"ingre_unit": ".큰술"
		},
		{
			"ingre_name": "올리고당",
			"ingre_count": "2",
			"ingre_unit": "큰술"
		},
		{
			"ingre_name": "매실액",
			"ingre_count": "1",
			"ingre_unit": "큰술"
		},
		{
			"ingre_name": "통깨",
			"ingre_count": "",
			"ingre_unit": "약간"
		},
		{
			"ingre_name": "물",
			"ingre_count": "1/2",
			"ingre_unit": "컵"
		}
	],
	"recipe": [
		"1. 어묵을 넣고 살짝 데쳐주세요. 어묵을 한번 데쳐주면, 나중에 냉장고에 넣어두어도 딱딱하지 않고 부드럽게 먹을 수 있어요. 다 데쳐진 어묵은 한 김 식혀 주신 후, 먹기 좋은 크기로 썰어 주세요.",
		"2. 굴소스 볶음 : 달궈진 팬에 올리브유를 두르고, 다진 마늘을 넣고 살짝 볶아 주시다가 잘라 놓은 어묵을 넣고 함께 볶아 주세요.",
		"3. 굴소스를 넣어주시고 볶아 주시다가 마무리할때 올리고당을 넣고 한번 훑어 주듯 볶아 주세요.",
		"4. 통깨 찰찰 뿌려서 섞어 주시면 끝.",
		"5. 고추장 볶음 : 올리고당과 물을 제외한, 분량의 양념들을 모두 넣고 섞어 주세요.",
		"6. 올리고당을 두른 팬에 먹기 좋게 썰어둔 어묵을 넣고 살짝 볶아 주세요.",
		"7. 양념장을 넣고 섞어 주듯 볶아 주세요. 양념맛이 잘 스며들도록, 물 1/2컵 정도를 넣고 중불에서 조려주세요.",
		"8. 양념장이 조려 들었다면 마지막에 올리고당을 넣고 섞어 주세요. 통깨도 찰찰 뿌려서 섞어 주세요."
	],
	"recipe_img": [
		"https://recipe1.ezmember.co.kr/cache/recipe/2015/09/02/a1d716d2de30e203614210659fea5a7e1.jpg",
		"https://recipe1.ezmember.co.kr/cache/recipe/2015/09/02/cdcbd62c965413a8bf2b84352ccf598e1.jpg",
		"https://recipe1.ezmember.co.kr/cache/recipe/2015/09/02/b433a0ea393e61dc071776105b124e641.jpg",
		"https://recipe1.ezmember.co.kr/cache/recipe/2015/09/02/4ef55112d3116de8680d06b4a98cab721.jpg",
		"https://recipe1.ezmember.co.kr/cache/recipe/2015/09/02/f46f0373caa37799b53d8626a9687db71.jpg",
		"https://recipe1.ezmember.co.kr/cache/recipe/2015/09/02/a3933dd1760aea0d12b4a5826239f9e21.jpg",
		"https://recipe1.ezmember.co.kr/cache/recipe/2015/09/02/9c7cac92f33251c04acb5840302553e51.jpg",
		"https://recipe1.ezmember.co.kr/cache/recipe/2015/09/02/47916b95e053ba1ec6cb4f970c4409e11.jpg"
	]
}