{
	"id": "1880582",
	"name": "건강에 최고 좋은 민들레무침",
	"thumbnail": "https://recipe1.ezmember.co.kr/cache/recipe/2015/09/01/3827580a7fbad9912e3eb7c26b66010c.jpg",
	"url": "https://www.10000recipe.com/recipe/1880582",
	"ingredient_ids": [
		224,
		473,
		231,
		233,
		660,
		226,
		341,
		543,
		497
	],
	"time": "15",
	"ingre_list": [
		{
			"ingre_name": "민들레잎",
			"ingre_count": "150",
			"ingre_unit": "g"
		},
		{
			"ingre_name": "고춧가루",
			"ingre_count": "1",
			"ingre_unit": "큰술"
		},
		{
			"ingre_name": "고추장",
			"ingre_count": "1",
			"ingre_unit": "큰술"
		},
		{
			"ingre_name": "식초",
			"ingre_count": "2",
			"ingre_unit": "큰술"
		},
		{
			"ingre_name": "다진마늘",
			"ingre_count": "1",
			"ingre_unit": "작은술"
		},
		{
			"ingre_name": "다진파",
			"ingre_count": "1",
			"ingre_unit": "큰술"
		},
		{
			"ingre_name": "참기름",
			"ingre_count": "1",
			"ingre_unit": "작은술"
		},
		{
			"ingre_name": "설탕",
			"ingre_count": "1",
			"ingre_unit": "큰술"
		},
		{
			"ingre_name": "물엿",
			"ingre_count": "1",
			"ingre_unit": "큰술"
		},
		{
			"ingre_name": "통깨",
			"ingre_count": "1",
			"ingre_unit": "작은술"
		},
		{
			"ingre_name": "소금",
			"ingre_count": "",
			"ingre_unit": "적당량"
		}
	],
	"recipe": [
		"1. 민들레는 깨끗하게 손질해 씻은 다음 끓는물에 살짝 데쳐 씻어줍니다.",
		"2. 양념 모두 섞어준비합니다.",
		"3. 물기를 꼭짠 민들레잎에 양념장을 넣고 골고루 섞어줍니다."
	],
	"recipe_img": [
		"https://recipe1.ezmember.co.kr/cache/recipe/2015/09/01/78ca423735fac9fcf1dbb4e7751eaa061.jpg",
		"https://recipe1.ezmember.co.kr/cache/recipe/2015/09/01/62b011e29e824bec110c61b0f588968c1.jpg",
		"https://recipe1.ezmember.co.kr/cache/recipe/2015/09/01/51f5991f4728930ef8f21fa217b88faa1.jpg"
	]
}