{
	"id": "1880663",
	"name": "충무김밥 오징어무침",
	"thumbnail": "https://recipe1.ezmember.co.kr/cache/recipe/2015/09/03/35af48ea2d053c422bd7419fe78b20f1.jpg",
	"url": "https://www.10000recipe.com/recipe/1880663",
	"ingredient_ids": [
		19,
		497,
		350,
		660,
		226,
		231,
		995,
		224,
		379,
		287,
		226,
		660,
		233,
		350,
		292
	],
	"time": "30",
	"ingre_list": [
		{
			"ingre_name": "밥",
			"ingre_count": "2",
			"ingre_unit": "공기"
		},
		{
			"ingre_name": "오징어(대)",
			"ingre_count": "1",
			"ingre_unit": "마리"
		},
		{
			"ingre_name": "무",
			"ingre_count": "200",
			"ingre_unit": "g"
		},
		{
			"ingre_name": "김밥김",
			"ingre_count": "",
			"ingre_unit": ""
		},
		{
			"ingre_name": "무밑간용굵은소금",
			"ingre_count": "2/3",
			"ingre_unit": "큰술"
		},
		{
			"ingre_name": "소금",
			"ingre_count": "4/5",
			"ingre_unit": "작은술"
		},
		{
			"ingre_name": "깨소금",
			"ingre_count": "2",
			"ingre_unit": "작은술"
		},
		{
			"ingre_name": "참기름",
			"ingre_count": "4/5",
			"ingre_unit": "큰술"
		},
		{
			"ingre_name": "설탕",
			"ingre_count": "3",
			"ingre_unit": "큰술"
		},
		{
			"ingre_name": "식초",
			"ingre_count": "3",
			"ingre_unit": "큰술"
		},
		{
			"ingre_name": "물",
			"ingre_count": "3",
			"ingre_unit": "큰술"
		},
		{
			"ingre_name": "고춧가루",
			"ingre_count": "2",
			"ingre_unit": "큰술"
		},
		{
			"ingre_name": "간장",
			"ingre_count": "1",
			"ingre_unit": "큰술"
		},
		{
			"ingre_name": "까나리액젓",
			"ingre_count": "1",
			"ingre_unit": "큰술"
		},
		{
			"ingre_name": "설탕",
			"ingre_count": "4/5",
			"ingre_unit": "큰술"
		},
		{
			"ingre_name": "참기름",
			"ingre_count": "4/5",
			"ingre_unit": "큰술"
		},
		{
			"ingre_name": "다진마늘",
			"ingre_count": "1",
			"ingre_unit": "큰술"
		},
		{
			"ingre_name": "깨소금",
			"ingre_count": "1",
			"ingre_unit": "큰술"
		},
		{
			"ingre_name": "물엿(or요리당)1큰술(1/2큰술)",
			"ingre_count": "1큰술(1/2큰술)",
			"ingre_unit": "큰술(큰술)"
		},
		{
			"ingre_name": "맛술",
			"ingre_count": "1/2",
			"ingre_unit": "큰술"
		}
	],
	"recipe": [
		"1. 먼저 무는 200그램정도 연필깍듯이 썰어 굵은소금 2/3큰술을 넣어 30분절인뒤 건져 설탕 3큰술, 식초 3큰술, 물 3큰술을 잘섞어 만든 배합초에 담궈 20분정도 놔둡니다. 오징어는 좀큰거 한마리로 하였는데 작은거는 한마리 반정도 하시면 될꺼예요. 오징어는 냄비에 물 2큰술 넣고 뚜껑 닫아 데쳐줍니다. (끓는물에 데쳐내도 됩니다. 요방법이 더 맛있더라구요) 분량의 양념은 미리 한데 섞어 만들어 둡니다.",
		"2. 밥에 소금 0.8작은술 넣고 깨소금 2작은술 넣고 참기름 0.8큰술 넣어 잘섞어준뒤 김밥김을 살짝구워 6등분하여 밥을 고루펴 말아줍니다. 그냥 김 2등분해서 길게 만들어 먹기 좋게 썰어주셔도 되겠지요.",
		"3. 데친 오징어도 무김치 모양 비스무리하게 썰어주고 배합초에 담궈놓은 무김치는 베보자기나 키친타월등에 싸서 물기 닦아 내준뒤 오징어와 무를 만들어둔 양념장에 무쳐줍니다. 여기에 어묵을 썰어 넣어 같이 무쳐도 맛있더라구요.",
		"4. 김밥이랑 무김치랑 오징어무침이랑 요래 요래 가지런히 담아내면 홈메이드 충무김밥 완성~!!!!"
	],
	"recipe_img": [
		"https://recipe1.ezmember.co.kr/cache/recipe/2015/09/03/0d7deee62a9d2efdaa75f1342840babd1.jpg",
		"https://recipe1.ezmember.co.kr/cache/recipe/2015/09/03/251747da7f168c736707a64d5a9e1c431.jpg",
		"https://recipe1.ezmember.co.kr/cache/recipe/2015/09/03/bc4e7fe5f7b68d144afb9ded5cfcf2261.jpg",
		"https://recipe1.ezmember.co.kr/cache/recipe/2015/09/03/f71726e5af48dc89a80e8d8d0ae1feb11.jpg"
	]
}