{
	"id": "1885333",
	"name": "♪ 가족이 둘러앉아 먹는, 참치 김치 비빔국수",
	"thumbnail": "https://recipe1.ezmember.co.kr/cache/recipe/2015/06/08/8021a9fb2a794b62dae824a070e38ac6.jpg",
	"url": "https://www.10000recipe.com/recipe/1885333",
	"ingredient_ids": [
		659,
		473,
		953,
		575,
		660
	],
	"time": "30",
	"ingre_list": [
		{
			"ingre_name": "참치",
			"ingre_count": "150",
			"ingre_unit": "그램"
		},
		{
			"ingre_name": "마요네즈1+1/2숟가락",
			"ingre_count": "1+1/2",
			"ingre_unit": "숟가락"
		},
		{
			"ingre_name": "고추장",
			"ingre_count": "1",
			"ingre_unit": "숟가락"
		},
		{
			"ingre_name": "후추가루",
			"ingre_count": "",
			"ingre_unit": "약간"
		},
		{
			"ingre_name": "3배식초",
			"ingre_count": "1/3",
			"ingre_unit": "숟가락"
		},
		{
			"ingre_name": "김치",
			"ingre_count": "300",
			"ingre_unit": "그램"
		},
		{
			"ingre_name": "고추장1+1/2숟가락",
			"ingre_count": "1+1/2",
			"ingre_unit": "숟가락"
		},
		{
			"ingre_name": "올리고당",
			"ingre_count": "2",
			"ingre_unit": "숟가락"
		},
		{
			"ingre_name": "3배식초1+1/3숟가락",
			"ingre_count": "1+1/3",
			"ingre_unit": "숟가락"
		},
		{
			"ingre_name": "다진파",
			"ingre_count": "",
			"ingre_unit": "약간"
		},
		{
			"ingre_name": "참기름",
			"ingre_count": "",
			"ingre_unit": "약간"
		}
	],
	"recipe": [
		"1. 채소는 샐러드를 먹고 남았던것과 상추, 양배추를 먹기좋게 잘라  냉면그릇에 가득찰정도의 양을 준비를 하였어요.",
		"2. 통조림 참치는 국물을 대충 짠뒤에 마요네드, 고추장, 후추가루 약간을 넣어 섞어주었어요.",
		"3. 베추김치는 양념을 털어내고 채를 썰어 김치국물을 짜 낸 뒤에  고추장, 올리고당, 3배식초, 다진파, 참기름을 넣어 조물조물 무쳐었어요.",
		"4. 커다란 접시에 준비한 샐러드용 채소를 담아두고 마른과일이나 건포도가 있으면 몇개 올려 주세요.",
		"5. 양념과 샐러드용 채소가 준비가 다 되면 소면을 삶아주세요.",
		"6. 넓은 냄비에 물을 넉넉하게 넣고 팔팔 끓을때 국수를 넣어 불지 않게 삶아  찬물에 헹구어 체에 받쳐 물기를 빼고 준비해둔 재료들과 함께 섞어 먹으면 완성입니다."
	],
	"recipe_img": []
}