{
	"id": "1886816",
	"name": "오이무침",
	"thumbnail": "https://recipe1.ezmember.co.kr/cache/recipe/2015/06/08/96d8c1b096efce5314a414ad779d7dbe.jpg",
	"url": "https://www.10000recipe.com/recipe/1886816",
	"ingredient_ids": [
		8,
		497,
		224,
		939,
		226,
		233,
		457
	],
	"time": "30",
	"ingre_list": [
		{
			"ingre_name": "오이",
			"ingre_count": "3",
			"ingre_unit": "개"
		},
		{
			"ingre_name": "양파(소)",
			"ingre_count": "1/2",
			"ingre_unit": "개"
		},
		{
			"ingre_name": "소금",
			"ingre_count": "1",
			"ingre_unit": "큰술"
		},
		{
			"ingre_name": "고춧가루",
			"ingre_count": "4",
			"ingre_unit": "큰술"
		},
		{
			"ingre_name": "액젓",
			"ingre_count": "3",
			"ingre_unit": "큰술"
		},
		{
			"ingre_name": "설탕",
			"ingre_count": "1",
			"ingre_unit": "큰술"
		},
		{
			"ingre_name": "다진마늘",
			"ingre_count": "1",
			"ingre_unit": "큰술"
		},
		{
			"ingre_name": "다진생강",
			"ingre_count": "",
			"ingre_unit": "약간"
		}
	],
	"recipe": [
		"1. 오이는 3~4센티 길이로 잘라 4등분 한 다음, 소금 넣고 30분이상 절여 주세요.",
		"2. 절여진 오이는 살짝만 헹궈 물기 빼고 양념 재료는 모두 섞어 두세요.",
		"3. 볼에 오이, 채썬 양파, 양념장 넣어 고루 버무리세요."
	],
	"recipe_img": [
		"https://recipe1.ezmember.co.kr/cache/recipe/2015/08/20/f6c829b689c4f212ff1e7a39fdd67d901.jpg",
		"https://recipe1.ezmember.co.kr/cache/recipe/2015/08/20/a667fde2cbcdd7debfeb4cefb1d3b3e01.jpg",
		"https://recipe1.ezmember.co.kr/cache/recipe/2015/08/20/5a424488be4e629f05a1e1acdb5f18e61.jpg"
	]
}