{
	"id": "1887241",
	"name": "스크램블에그 베이컨 샌드위치",
	"thumbnail": "https://recipe1.ezmember.co.kr/cache/recipe/2015/06/08/743300e4cd4d4db61cb140f2f4760a25.jpg",
	"url": "https://www.10000recipe.com/recipe/1887241",
	"ingredient_ids": [
		406,
		228,
		497,
		225,
		198
	],
	"time": "30",
	"ingre_list": [
		{
			"ingre_name": "샌드위치식빵",
			"ingre_count": "4",
			"ingre_unit": "장"
		},
		{
			"ingre_name": "베이컨",
			"ingre_count": "6",
			"ingre_unit": "줄"
		},
		{
			"ingre_name": "오이피클다진것",
			"ingre_count": "",
			"ingre_unit": "약간"
		},
		{
			"ingre_name": "마요네즈",
			"ingre_count": "",
			"ingre_unit": "적당량"
		},
		{
			"ingre_name": "계란",
			"ingre_count": "4",
			"ingre_unit": "개"
		},
		{
			"ingre_name": "우유",
			"ingre_count": "4",
			"ingre_unit": "T"
		},
		{
			"ingre_name": "소금",
			"ingre_count": "",
			"ingre_unit": "약간"
		},
		{
			"ingre_name": "후춧가루",
			"ingre_count": "",
			"ingre_unit": "약간"
		},
		{
			"ingre_name": "버터",
			"ingre_count": "1/2",
			"ingre_unit": "T"
		}
	],
	"recipe": [
		"1. 계란은 우유와 소금, 후춧가루를 넣은 후 포크나 거품기로 잘 섞어줍니다.",
		"2. 버터를 두른 팬에 계란을 넣고 스크램블에그를 만듭니다.",
		"3. 베이컨을 구워 기름기를 빼주시구요",
		"4. 토스터기에 구운 빵에 마요네즈를 바르고, 다진피클을 1T정도 발라줍니다.",
		"5. 그위에 스크램블에그와 베이컨을 올리신 후 반으로 잘라주시면 됩니다."
	],
	"recipe_img": [
		"https://recipe1.ezmember.co.kr/cache/recipe/2015/07/28/4c5e1cfe8b15e2aa9bfa5aacf116def91.jpg",
		"https://recipe1.ezmember.co.kr/cache/recipe/2015/07/28/c50c293dcc87fcb08391f7452b8fc15c1.jpg",
		"https://recipe1.ezmember.co.kr/cache/recipe/2015/07/28/c4af45d6ede7bef22cda3214c08505fc1.jpg",
		"https://recipe1.ezmember.co.kr/cache/recipe/2015/07/28/41469095ee9bb1d4b12f5c7bf1311ded1.jpg",
		"https://recipe1.ezmember.co.kr/cache/recipe/2015/07/28/52ecbbabf3d06477c03ec819c64824ce1.jpg"
	]
}