{
	"id": "1888024",
	"name": "게맛살 부추전 ",
	"thumbnail": "https://recipe1.ezmember.co.kr/cache/recipe/2015/08/18/73a414500e15407206e0e6fd00d813c4.bmp",
	"url": "https://www.10000recipe.com/recipe/1888024",
	"ingredient_ids": [
		497
	],
	"time": "30",
	"ingre_list": [
		{
			"ingre_name": "소금",
			"ingre_count": "1/2",
			"ingre_unit": "스푼"
		},
		{
			"ingre_name": "후추",
			"ingre_count": "",
			"ingre_unit": "약간"
		}
	],
	"recipe": [
		"1. 부추 한단 중 1/3을 집어 깨끗이 씻어 채썰고",
		"2. 집에 있던 당근도 채썰고",
		"3. 집에 있던 햇양파도 채썰고",
		"4. 그리고 대망의 게맛살을 결대로 조심스레 쪽쪽 찢고",
		"5. 혼자 먹을양이라 밀가루 반죽은 머그컵에 하면 편하게 할 수 있다. 밀가루 반죽은 적당히 되직하면 되고 여기에 소금 한숟가락으로 반스푼 그리고 후추를 조금 넣는다.",
		"6. 그리곤 골고루 섞어준다. 여기에 계란 노른자 한 개 풀어도 맛있다.",
		"7. 잘 저었으면 숟가락으로 펴서 기름 두른 후라이팬에 뚝뚝 떼어놓는다. 두툼하게 부칠려고한다. 센불에 하지말고 중간불에서 익히다가 익었다 싶으면 센불에서 앞뒤로 뒤집어가며 기름 쪽 빠져나가게 강렬하게 익혀준다.",
		"8. 완성된 게맛살 부추전 모습이다."
	],
	"recipe_img": [
		"https://recipe1.ezmember.co.kr/cache/recipe/2015/08/27/f8db7ee1c3c0cc61ab9c3657fa475ecc1.jpg",
		"https://recipe1.ezmember.co.kr/cache/recipe/2015/08/27/44463d94ef0d0f737f8477026090a6ef1.jpg",
		"https://recipe1.ezmember.co.kr/cache/recipe/2015/08/27/b6b0dbe045feeb014df2b929c1c7030a1.jpg",
		"https://recipe1.ezmember.co.kr/cache/recipe/2015/08/27/4f593ed061767814dd030b07458b6acf1.jpg",
		"https://recipe1.ezmember.co.kr/cache/recipe/2015/08/27/0672766e72030559f7faae4f2f925cea1.jpg",
		"https://recipe1.ezmember.co.kr/cache/recipe/2015/08/27/19d4b4c22293638fb759c2495e304bda1.jpg",
		"https://recipe1.ezmember.co.kr/cache/recipe/2015/08/27/d4a4c5f607392e1efafdacb95cc584901.jpg",
		"https://recipe1.ezmember.co.kr/cache/recipe/2015/08/27/bf5f76af2cca0d81f7597656d11005ef1.bmp"
	]
}