{
	"id": "1890083",
	"name": "데리야끼소스 냉동참치조림 ",
	"thumbnail": "https://recipe1.ezmember.co.kr/cache/recipe/2015/06/08/e3ce0db770754e8ceac18eef3f3b8fa3.jpg",
	"url": "https://www.10000recipe.com/recipe/1890083",
	"ingredient_ids": [
		379,
		846,
		226
	],
	"time": "60",
	"ingre_list": [
		{
			"ingre_name": "조림용냉동참치",
			"ingre_count": "2",
			"ingre_unit": "쪽"
		},
		{
			"ingre_name": "간장",
			"ingre_count": "3",
			"ingre_unit": "큰술"
		},
		{
			"ingre_name": "청주",
			"ingre_count": "2",
			"ingre_unit": "큰술"
		},
		{
			"ingre_name": "설탕",
			"ingre_count": "2",
			"ingre_unit": "큰술"
		}
	],
	"recipe": [
		"1. 조림용 참치는 자연해동한 다음 팬에 기름을 두르고 앞뒤 구워 주세요.",
		"2. 냉동이라 간혹 비린내가 나는 경우가 있어요. 이럴땐 해동할 때 청주나 소주를 살짝 뿌려도 되구요. 데리야끼소스 재료를 모두 섞어 한소끔 끓어 오르면 구운 참치를 넣고 조려 주세요.",
		"3. 약불에서 조려야 윤기가 돈답니다."
	],
	"recipe_img": [
		"https://recipe1.ezmember.co.kr/cache/recipe/2015/08/20/138b37176c62ab509f3dca5da716ec8e1.jpg",
		"https://recipe1.ezmember.co.kr/cache/recipe/2015/08/20/9e595f866fab0a5c8db3fb437e44bcef1.jpg",
		"https://recipe1.ezmember.co.kr/cache/recipe/2015/08/20/fb04d8f9d95f9078f5e6582b076cd6991.jpg"
	]
}