{
	"id": "1902988",
	"name": "♪ 찬밥 처리에 짱! 김치볶음밥 오므라이스",
	"thumbnail": "https://recipe1.ezmember.co.kr/cache/recipe/2015/06/08/87206c34a94d6e24a2b74c84a77770cb.jpg",
	"url": "https://www.10000recipe.com/recipe/1902988",
	"ingredient_ids": [
		953,
		327,
		487,
		473,
		575,
		327,
		233,
		30,
		219,
		350,
		724,
		228,
		219
	],
	"time": "30",
	"ingre_list": [
		{
			"ingre_name": "김치",
			"ingre_count": "130",
			"ingre_unit": "g"
		},
		{
			"ingre_name": "들기름",
			"ingre_count": "2",
			"ingre_unit": "숟가락"
		},
		{
			"ingre_name": "돼지고기",
			"ingre_count": "130",
			"ingre_unit": "g"
		},
		{
			"ingre_name": "고추장",
			"ingre_count": "2/3",
			"ingre_unit": "숟가락"
		},
		{
			"ingre_name": "올리고당",
			"ingre_count": "1/2",
			"ingre_unit": "숟가락"
		},
		{
			"ingre_name": "들기름",
			"ingre_count": "",
			"ingre_unit": ""
		},
		{
			"ingre_name": "후추가루",
			"ingre_count": "",
			"ingre_unit": ""
		},
		{
			"ingre_name": "다진마늘",
			"ingre_count": "",
			"ingre_unit": ""
		},
		{
			"ingre_name": "다진파",
			"ingre_count": "",
			"ingre_unit": ""
		},
		{
			"ingre_name": "찬밥",
			"ingre_count": "2",
			"ingre_unit": "공기"
		},
		{
			"ingre_name": "부추",
			"ingre_count": "",
			"ingre_unit": ""
		},
		{
			"ingre_name": "달걀",
			"ingre_count": "",
			"ingre_unit": ""
		},
		{
			"ingre_name": "깨소금",
			"ingre_count": "",
			"ingre_unit": ""
		},
		{
			"ingre_name": "양배추등",
			"ingre_count": "",
			"ingre_unit": ""
		},
		{
			"ingre_name": "케찹",
			"ingre_count": "",
			"ingre_unit": ""
		},
		{
			"ingre_name": "마요네즈",
			"ingre_count": "",
			"ingre_unit": ""
		},
		{
			"ingre_name": "밥",
			"ingre_count": "2/3",
			"ingre_unit": "공기"
		},
		{
			"ingre_name": "달걀",
			"ingre_count": "1",
			"ingre_unit": "개"
		}
	],
	"recipe": [
		"1. 김치는 속과 국물을 대충 털어내고 잘게 썰어 들기름을 넣고 조물조물 무친다.",
		"2. 돼지고기도 잘게썰어 양념을 하고 김치와 섞어서 볶아준다.",
		"3. 김치를 볶다가 찬밥을 넣고 잘 섞은뒤에 케찹을 넣어 마무리한다.",
		"4. 달걀을 싫어하시면 안해고 되고, 볶음밥 위에 얹어서 드셔도 좋고, 달걀을 풀어서 볶음밥을 감싸서 볶음밥 오므라이스를 만들어 먹어도 좋다.",
		"5. 양배추와 집에 있는 신선한 채소를 함께 담아준다."
	],
	"recipe_img": []
}