{
	"id": "1914279",
	"name": "피쉬아울렛,오징어실채무침,간편조리,고추장볶음이 밥도둑입니다 ",
	"thumbnail": "https://recipe1.ezmember.co.kr/cache/recipe/2015/06/08/a82601990bab31b00b7f9d2605b58d02.jpg",
	"url": "https://www.10000recipe.com/recipe/1914279",
	"ingredient_ids": [
		473,
		379,
		575,
		846,
		233,
		295,
		543,
		432,
		660
	],
	"time": "30",
	"ingre_list": [
		{
			"ingre_name": "오징어실채",
			"ingre_count": "500",
			"ingre_unit": "g"
		},
		{
			"ingre_name": "고추장",
			"ingre_count": "4",
			"ingre_unit": "큰술"
		},
		{
			"ingre_name": "간장",
			"ingre_count": "2",
			"ingre_unit": "큰술"
		},
		{
			"ingre_name": "올리고당",
			"ingre_count": "3",
			"ingre_unit": "큰술"
		},
		{
			"ingre_name": "청주",
			"ingre_count": "3",
			"ingre_unit": "큰술"
		},
		{
			"ingre_name": "다진마늘",
			"ingre_count": "2",
			"ingre_unit": "큰술"
		},
		{
			"ingre_name": "청양고추",
			"ingre_count": "2",
			"ingre_unit": "개"
		},
		{
			"ingre_name": "통깨",
			"ingre_count": "",
			"ingre_unit": "약간"
		},
		{
			"ingre_name": "포도씨유",
			"ingre_count": "2",
			"ingre_unit": "큰술"
		},
		{
			"ingre_name": "참기름",
			"ingre_count": "",
			"ingre_unit": "약간"
		}
	],
	"recipe": [
		"1. 넓은 팬에(오징어실채를 섞어줄때 그릇이넓어야좋아요) 포도씨유를 넣고 다진마늘을 먼저 넣어서 마늘향을 살짝~~",
		"2. 고추장,올리고당,청주,간장을 넣고 보글보글 끓여줍니다",
		"3. 매콤한 청양고추도 넣고 중불에서 보글보글~~끓여준다음 불을꺼요~~~양념을 찍어먹어보면서 간을 가감해요",
		"4. 불을끈 상태에서 오징어실채 를 넣고 섞어줍니다 오징어실채를 미리 마른팬에 볶아서 하는방법도 있어요 저는 그냥 했어요",
		"5. 참기름 한큰술,통깨 솔~~솔~~뿌리면서 마무리~~ 보들~~보들~~ 부드럽고 고소하고 맛있는 오징어실채고추장소스무침!"
	],
	"recipe_img": [
		"https://recipe1.ezmember.co.kr/cache/recipe/2017/07/24/ca9a6b9230e91625af7e050d574accfe1.jpg",
		"https://recipe1.ezmember.co.kr/cache/recipe/2017/07/24/78f2a9bb910f09aa909270f6d9305cfd1.jpg",
		"https://recipe1.ezmember.co.kr/cache/recipe/2017/07/24/020740b2ff02f9f14dc9e2e5066a15b11.jpg",
		"https://recipe1.ezmember.co.kr/cache/recipe/2017/07/24/0c176b26c1316e33f4b1693cdb856e331.jpg",
		"https://recipe1.ezmember.co.kr/cache/recipe/2017/07/24/e4dadc6ffee039eb9e82d320cdf871711.jpg"
	]
}