{
	"id": "1914172",
	"name": "어떤 요리와도 잘 어울리는 양파초절임",
	"thumbnail": "https://recipe1.ezmember.co.kr/cache/recipe/2015/08/15/0414f00625498e467deca2ed628105de.jpg",
	"url": "https://www.10000recipe.com/recipe/1914172",
	"ingredient_ids": [
		3,
		379,
		995,
		226,
		231
	],
	"time": "30",
	"ingre_list": [
		{
			"ingre_name": "양파",
			"ingre_count": "20",
			"ingre_unit": "개"
		},
		{
			"ingre_name": "홍고추",
			"ingre_count": "12",
			"ingre_unit": "개"
		},
		{
			"ingre_name": "청량고추(풋고추로대체가능)",
			"ingre_count": "12",
			"ingre_unit": "개"
		},
		{
			"ingre_name": "간장",
			"ingre_count": "2",
			"ingre_unit": ""
		},
		{
			"ingre_name": "물",
			"ingre_count": "2",
			"ingre_unit": ""
		},
		{
			"ingre_name": "설탕",
			"ingre_count": "1",
			"ingre_unit": ""
		},
		{
			"ingre_name": "식초",
			"ingre_count": "1",
			"ingre_unit": ""
		}
	],
	"recipe": [
		"1. 양파 깨끗이 세척해 준비해주세요.",
		"2. 홍고추와 청양고추는 어슷썰기로 썰어 준비해주면 모든 재료 준비 끝이에요.",
		"3. 분량의 간장, 식초, 설탕, 물을 넣고 바글바글 끓여주세요. 다 끓은 간장은 뜨거운 김만 살짝 빠지게 뚜껑을 잠시 열어두세요.",
		"4. 양파도 먹기 좋게 썰어 양파 서너개 넣고, 홍고추와 청양고추 썰어둔것 한 줌 넣고 하는 방법으로 켜켜이 병을 채워주세요. 끓여둔 간장을 넣으면 양파가 숨이 죽어 양이 작아지기 때문에 여분으로 넣을 양파를 조금 더 썰어 준비해주세요. 끓인 간장이 살짝만 김이 빠지면 양파를 썰어둔 병에 넣어주세요. 여분의 양파를 넣으면 간장이 넘칠 수 있으니, 너무 꽉꽉 채워 담으시면 아니되어요.",
		"5. 병뚜껑을 닫아 뒤집어 이틀동안 숙성시킨 뒤 냉장보관하며 드시면 됩니다. 락앤락글라스용기는 그냥 두었고, 일반용기만 뒤집어 숙성시켰어요. 식힌 간장, 뜨거운 간장으로 담그는 초절임 두가지 다 해보았는데 뜨거운 간장으로 담그는 초절임이 훨씬 더 아삭하고 맛있었네요. 양파 드시고 남은 간장은 따로 양념통에 담아두고, 군만두를 먹을 때 청량고추 조금 썰어넣어 찍어드시거나 족발, 고기 등등 고추냉이 살짝 타서 찍어 드시면 너무너무 맛있어요."
	],
	"recipe_img": [
		"https://recipe1.ezmember.co.kr/cache/recipe/2015/08/18/e7ea0edaa07ded697a37f870e826da9a1.jpg",
		"https://recipe1.ezmember.co.kr/cache/recipe/2015/08/18/97da94fd7c62aa3d81b30f54ad09892e1.jpg",
		"https://recipe1.ezmember.co.kr/cache/recipe/2015/08/18/305d131df8d398e07816431eceb62c5f1.jpg",
		"https://recipe1.ezmember.co.kr/cache/recipe/2015/08/18/c2dbf07440e768765939541a0ab1969a1.jpg",
		"https://recipe1.ezmember.co.kr/cache/recipe/2015/08/18/357d24a8ff9836e7c7ee90c7f7b06b861.jpg"
	]
}