{
	"id": "1914845",
	"name": "매콤하고 맛있는 닭발",
	"thumbnail": "https://recipe1.ezmember.co.kr/cache/recipe/2015/07/20/00bad160d3b2045af5b7769b0dbc5319.jpg",
	"url": "https://www.10000recipe.com/recipe/1914845",
	"ingredient_ids": [
		27,
		3,
		660,
		473,
		497,
		843,
		233,
		28,
		225,
		846,
		995
	],
	"time": "60",
	"ingre_list": [
		{
			"ingre_name": "닭발",
			"ingre_count": "200",
			"ingre_unit": "g"
		},
		{
			"ingre_name": "대파",
			"ingre_count": "1",
			"ingre_unit": "뿌리"
		},
		{
			"ingre_name": "양파",
			"ingre_count": "1",
			"ingre_unit": "개"
		},
		{
			"ingre_name": "참기름",
			"ingre_count": "1",
			"ingre_unit": "작은술"
		},
		{
			"ingre_name": "고춧가루1+1/2큰술",
			"ingre_count": "1+1/2",
			"ingre_unit": "큰술"
		},
		{
			"ingre_name": "매운고춧가루",
			"ingre_count": "1",
			"ingre_unit": "큰술"
		},
		{
			"ingre_name": "고추장",
			"ingre_count": "2",
			"ingre_unit": "큰술"
		},
		{
			"ingre_name": "소금",
			"ingre_count": "1",
			"ingre_unit": "큰술"
		},
		{
			"ingre_name": "설탕1+1/2큰술",
			"ingre_count": "1+1/2",
			"ingre_unit": "큰술"
		},
		{
			"ingre_name": "물엿1+1/2큰술",
			"ingre_count": "1+1/2",
			"ingre_unit": "큰술"
		},
		{
			"ingre_name": "매실액",
			"ingre_count": "2",
			"ingre_unit": "큰술"
		},
		{
			"ingre_name": "다진마늘",
			"ingre_count": "1",
			"ingre_unit": "큰술"
		},
		{
			"ingre_name": "생강",
			"ingre_count": "1/2",
			"ingre_unit": "톨"
		},
		{
			"ingre_name": "후춧가루",
			"ingre_count": "",
			"ingre_unit": "조금"
		},
		{
			"ingre_name": "청주",
			"ingre_count": "1/2",
			"ingre_unit": "컵"
		},
		{
			"ingre_name": "물",
			"ingre_count": "600",
			"ingre_unit": "ml"
		}
	],
	"recipe": [
		"1. 닭발을 깨끗이 씻어 물에 청주와소금을넣고 끓여 헹궈냅니다... 엄마는 닭발삶은물을 3큰술정도 양념에 넣으시더라구요 ㅋㅋ",
		"2. 닭발이 삶아지는동안 참기름을뺀 양념재료를 섞어줍니다",
		"3. 닭발에 양념재료를 넣고 버무려, 오븐에구워도되고, 팬에 볶아도되는데...오븐",
		"4. 승질급한 우리집, 압력솥에 푹..과주네요 ㅋㅋ 시간없을땐 요게딱...ㅋㅋ 고추와양파도 썰어넣고 후루룩~~끓여줍니다...",
		"5. 압력솥김이빠지면 참기름휘~~섞어 냅니다..."
	],
	"recipe_img": [
		"https://recipe1.ezmember.co.kr/cache/recipe/2015/07/29/92e5bff8654830fc3f127d66f3ff3eaa1.jpg",
		"https://recipe1.ezmember.co.kr/cache/recipe/2015/07/29/9df4173c95a1a49d1aaf913f51a6b1191.jpg",
		"https://recipe1.ezmember.co.kr/cache/recipe/2015/07/29/2e8e39aed155703118e0df8a429fde521.jpg",
		"https://recipe1.ezmember.co.kr/cache/recipe/2015/07/29/a6f36e048bf212240044642f16336d241.jpg",
		"https://recipe1.ezmember.co.kr/cache/recipe/2015/07/29/f17acd07dec2d5bf70b6f44acf55d3a01.jpg"
	]
}