{
	"id": "1918871",
	"name": "♪ 남은족발로 만든 별미, 매운족발볶음",
	"thumbnail": "https://recipe1.ezmember.co.kr/cache/recipe/2015/06/08/88c588221b7f9e2af9e0d244ea51412c.jpg",
	"url": "https://www.10000recipe.com/recipe/1918871",
	"ingredient_ids": [
		379,
		233,
		27
	],
	"time": "15",
	"ingre_list": [
		{
			"ingre_name": "족발",
			"ingre_count": "280",
			"ingre_unit": "그램"
		},
		{
			"ingre_name": "청양고추장1+1/2숟가락",
			"ingre_count": "1+1/2",
			"ingre_unit": "숟가락"
		},
		{
			"ingre_name": "간장",
			"ingre_count": "1",
			"ingre_unit": "숟가락"
		},
		{
			"ingre_name": "다진마늘",
			"ingre_count": "1",
			"ingre_unit": "숟가락"
		},
		{
			"ingre_name": "생강맛술",
			"ingre_count": "2",
			"ingre_unit": "숟가락"
		},
		{
			"ingre_name": "올리고당1+1/2숟가락",
			"ingre_count": "1+1/2",
			"ingre_unit": "숟가락"
		},
		{
			"ingre_name": "매운맛소스",
			"ingre_count": "2/3",
			"ingre_unit": "숟가락"
		},
		{
			"ingre_name": "대파",
			"ingre_count": "",
			"ingre_unit": "약간"
		}
	],
	"recipe": [
		"1. 먼저 팬에 양념을 넣어 잘 섞은뒤에 남은 족발을 몽땅 넣어 양념과 잘 섞어준다. 섞을때는 젓가락을 이용하여 살살 ~ 족발이 너무부서지지않게 한다.",
		"2. 족발이 부드러워지고 양념과 잘 섞이면-",
		"3. 대파를 넣어 마무리~ㅎㅎ"
	],
	"recipe_img": []
}