{
	"id": "1921039",
	"name": "고등어 김치조림 만들기 ",
	"thumbnail": "https://recipe1.ezmember.co.kr/cache/recipe/2015/06/08/e76eb4c20f8c832d2b2b579e8b4ade58.jpg",
	"url": "https://www.10000recipe.com/recipe/1921039",
	"ingredient_ids": [
		3,
		27,
		224,
		233,
		379,
		349,
		455,
		226
	],
	"time": "30",
	"ingre_list": [
		{
			"ingre_name": "생고등어(대)",
			"ingre_count": "1",
			"ingre_unit": "마리"
		},
		{
			"ingre_name": "김치약",
			"ingre_count": "1/3",
			"ingre_unit": "포기"
		},
		{
			"ingre_name": "멸치다싯물",
			"ingre_count": "3",
			"ingre_unit": "컵"
		},
		{
			"ingre_name": "김치국물",
			"ingre_count": "1/3",
			"ingre_unit": "컵"
		},
		{
			"ingre_name": "양파",
			"ingre_count": "1/2",
			"ingre_unit": "개"
		},
		{
			"ingre_name": "대파",
			"ingre_count": "1/2",
			"ingre_unit": "대"
		},
		{
			"ingre_name": "고춧가루",
			"ingre_count": "1",
			"ingre_unit": "큰술"
		},
		{
			"ingre_name": "다진마늘",
			"ingre_count": "1",
			"ingre_unit": "큰술"
		},
		{
			"ingre_name": "간장",
			"ingre_count": "1",
			"ingre_unit": "큰술"
		},
		{
			"ingre_name": "국간장",
			"ingre_count": "1/2",
			"ingre_unit": "큰술"
		},
		{
			"ingre_name": "생강가루",
			"ingre_count": "",
			"ingre_unit": "약간"
		},
		{
			"ingre_name": "청주(맛술)",
			"ingre_count": "2",
			"ingre_unit": "큰술"
		},
		{
			"ingre_name": "설탕",
			"ingre_count": "4/5",
			"ingre_unit": "큰술"
		}
	],
	"recipe": [
		"1. 고등어는 조림용으로 토막내 깨끗히 씻어 냄비에 넣고 김치는 속을 좀 털어내고 약 1/3포기정도 넣어줍니다. 양념장은 미리 한데 섞어줍니다. 멸치다싯물도 3컵정도 준비해주세요. 김치가 많이 짜면 물에 살짝 씻어주세요. 양파는 굵직하게 채썰고 대파는 어슷썰어줍니다. 냄비에 고등어넣고 김치넣고 멸치 다싯물 3컵넣고 김치국물 1/3컵 넣고 양념 끼얹어 뚜껑열고 센불에 조려줍니다. 고등어조림과 같은 생선조림은 첨에 뚜껑열고 센불에 조려야 비린내가 날라갑니다. 어느정도 끓으면 불을 좀 줄여 김치가 푹익도록 30분이상 조려줍니다.",
		"2. 30분쯤 뒤 김치랑 고등어가 푹익어가면 양파와 대파썬걸 넣고 10분정도 더 익혀줍니다. 국물이 너무 쫄아들면 물 쪼매더 넣어주면서 조려주세요. 국물이 자박하게 남아있어야 맛있답니다. 싱거우면 국간장 0.5큰술 정도 더 넣어 간을해주세요. 김치땜에 간은 대충 맞을껍니다. 요런 김치찜은 푹 오래 익혀야 김치가 보들보들 맛있답니다. 총 40~50분정도 익혀주세요.",
		"3. 요렇게 밥도둑 고등어 김치조림이 완성되었습니다."
	],
	"recipe_img": [
		"https://recipe1.ezmember.co.kr/cache/recipe/2015/10/19/d5a49fe9ae6c60f172b605f40cb7e07f1.jpg",
		"https://recipe1.ezmember.co.kr/cache/recipe/2015/10/19/51ba2b65c6ff5f649bee60723e77a0781.jpg",
		"https://recipe1.ezmember.co.kr/cache/recipe/2015/10/19/970d9c5ea792a5ffda68b85f5c34eae51.jpg"
	]
}