{
	"id": "1927293",
	"name": "소고기 약고추장 ",
	"thumbnail": "https://recipe1.ezmember.co.kr/cache/recipe/2015/08/18/0f43bd54bc5d85a0cb2bc7c2ae658fcf.jpg",
	"url": "https://www.10000recipe.com/recipe/1927293",
	"ingredient_ids": [
		233,
		846,
		455,
		225,
		473,
		847,
		660
	],
	"time": "30",
	"ingre_list": [
		{
			"ingre_name": "쇠고기다진것",
			"ingre_count": "150",
			"ingre_unit": "g"
		},
		{
			"ingre_name": "다진마늘",
			"ingre_count": "1",
			"ingre_unit": "스푼"
		},
		{
			"ingre_name": "청주",
			"ingre_count": "1",
			"ingre_unit": "스푼"
		},
		{
			"ingre_name": "생강가루",
			"ingre_count": "0.",
			"ingre_unit": ".스푼"
		},
		{
			"ingre_name": "후춧가루",
			"ingre_count": "",
			"ingre_unit": "약간"
		},
		{
			"ingre_name": "고추장",
			"ingre_count": "5",
			"ingre_unit": "스푼"
		},
		{
			"ingre_name": "배즙",
			"ingre_count": "4",
			"ingre_unit": "스푼"
		},
		{
			"ingre_name": "꿀이나아가베시럽",
			"ingre_count": "1",
			"ingre_unit": "스푼"
		},
		{
			"ingre_name": "참기름",
			"ingre_count": "1",
			"ingre_unit": "스푼"
		}
	],
	"recipe": [
		"1. 쇠고기는 안심이나 등심이나 우둔살이나 설도 등등의 고기를 곱게 갈아줍니다. 양지머리나 사태살은 안되요.",
		"2. 다진 쇠고기는 고기양념재료인 다진 마늘(1), 청주(1), 생강가루(0.3), 후춧가루(약간)을 넣고 조물조물 미리 양념을 합니다.",
		"3. 달군 팬에 참기름(1)을 두르고, 양념을 한 쇠고기를 넣고 볶아주세요.",
		"4. 볶은 쇠고기에 고추장(5)을 넣어 볶고 배즙(4)과 꿀(1)을 넣어 농도를 맞춥니다.(배즙이나 사과즙을 넣으면 나중에 약고추장이 식은 후에도 고추장이 굳지 않고 부드러워요. 아마도 볶고나서 실온에 오래 두시면 느끼실 수 있을 겁니다) 당도는 맛을 보시고 꿀이나 아가베시럽을 더 추가해서 넣어주셔도 좋아요.",
		"5. 마지막으로 통깨나 검은깨를 솔솔 뿌려주면 끝입니다.",
		"6. 상에 약고추장만 낼때는 잣이나 호두 간 것을 솔솔 뿌려서 모양을 한껏 내서 내면 된답니다."
	],
	"recipe_img": [
		"https://recipe1.ezmember.co.kr/cache/recipe/2015/09/01/b5b5f40ae7918474f0033d4537f422fb1.jpg",
		"https://recipe1.ezmember.co.kr/cache/recipe/2015/09/01/2815bd1c32b82a5908be5f08565a4fa41.jpg",
		"https://recipe1.ezmember.co.kr/cache/recipe/2015/09/01/da366bd7c7d34763a9b0e42e33e37c6d1.jpg",
		"https://recipe1.ezmember.co.kr/cache/recipe/2015/09/01/b010db6a1da59d5ccc31dcc30ec6246f1.jpg",
		"https://recipe1.ezmember.co.kr/cache/recipe/2015/09/01/36d97d40ce159c96b910a7e10e3a92731.jpg",
		"https://recipe1.ezmember.co.kr/cache/recipe/2015/09/01/20cefc285cf522f4c15e0ca08218d3b61.jpg"
	]
}