{
	"id": "1930482",
	"name": "매운 닭볶음탕",
	"thumbnail": "https://recipe1.ezmember.co.kr/cache/recipe/2015/08/18/b48c4f73da44ea28bd9c49b9d1dbd439.jpg",
	"url": "https://www.10000recipe.com/recipe/1930482",
	"ingredient_ids": [
		304,
		5,
		3,
		15,
		295,
		1015,
		473,
		477,
		233,
		660,
		846
	],
	"time": "60",
	"ingre_list": [
		{
			"ingre_name": "토막낸닭",
			"ingre_count": "1",
			"ingre_unit": "kg"
		},
		{
			"ingre_name": "맥주",
			"ingre_count": "1",
			"ingre_unit": "컵"
		},
		{
			"ingre_name": "감자",
			"ingre_count": "2",
			"ingre_unit": "개"
		},
		{
			"ingre_name": "양파",
			"ingre_count": "1",
			"ingre_unit": "개"
		},
		{
			"ingre_name": "깻잎",
			"ingre_count": "",
			"ingre_unit": "넉넉히"
		},
		{
			"ingre_name": "청양고추",
			"ingre_count": "2",
			"ingre_unit": "개"
		},
		{
			"ingre_name": "육수",
			"ingre_count": "1.",
			"ingre_unit": ".컵"
		},
		{
			"ingre_name": "고추장",
			"ingre_count": "3",
			"ingre_unit": "큰술"
		},
		{
			"ingre_name": "고추마늘소스(없으면고추장으로대체)",
			"ingre_count": "1",
			"ingre_unit": "큰술"
		},
		{
			"ingre_name": "굴소스",
			"ingre_count": "1",
			"ingre_unit": "큰술"
		},
		{
			"ingre_name": "고추가루",
			"ingre_count": "3",
			"ingre_unit": "큰술"
		},
		{
			"ingre_name": "다진마늘",
			"ingre_count": "1",
			"ingre_unit": "큰술"
		},
		{
			"ingre_name": "후추가루",
			"ingre_count": "",
			"ingre_unit": "약간"
		},
		{
			"ingre_name": "참기름",
			"ingre_count": "1",
			"ingre_unit": "작은술"
		},
		{
			"ingre_name": "청주",
			"ingre_count": "2",
			"ingre_unit": "큰술"
		}
	],
	"recipe": [
		"1. 먼저 닭은 데쳐서 기름기를 좀 빼서 버려 주세요. 기름이 많이 보이시죠? 기름기 있는 궁물은 모두 버리고 데쳐낸 닭은 깨끗하게 씻어 주세요. 맥주와 토막닭을 넣고 뚜껑을 열고 가열합니다, 끓기 시작하고 2분정도 끓여 주고 다시 뚜껑을덮어 다시 2~3분정도 가열 해주세요. 뚜껑을 열고 데칠때는 잡냄새를 날려 버리는 과정이구요. 다시 뚜껑을 덮고 끓이는 이유는 불필요한 기름을 충분학 뽑아 내는 과정이랍니다.",
		"2. 데쳐서 씻은 닭을 다시 웍에 넣고 미리 준비한 양념을 넣어 잠깐 볶아 주세요.",
		"3. 준비한 감자와 대파, 양파등을 넣고 물이나 육수를 넣은뒤 뚜껑을 덮어 8분정도 끓여 줍니다.",
		"4. 잘익었다 싶으면 불을 끄고 준비한 깻잎을 넣습니다.",
		"5. 잘 섞어주면 깻잎의 숨이 죽어요.",
		"6. 가장자리로 기름을 좀 걷어 주기만 하면 완성입니다."
	],
	"recipe_img": [
		"https://recipe1.ezmember.co.kr/cache/recipe/2015/08/18/d4639bff722f6892bad75a36003b46081.jpg",
		"https://recipe1.ezmember.co.kr/cache/recipe/2015/08/18/30e7ccaa2e644678cf68ad231207fdb71.jpg",
		"https://recipe1.ezmember.co.kr/cache/recipe/2015/08/18/74ec39d712d6ee94a07f80be7c9691151.jpg",
		"https://recipe1.ezmember.co.kr/cache/recipe/2015/08/18/f385269be156ae4a9b3a1326e32a34e71.jpg",
		"https://recipe1.ezmember.co.kr/cache/recipe/2015/08/18/33eac30deeec088a9f32a98b11297b8c1.jpg",
		"https://recipe1.ezmember.co.kr/cache/recipe/2015/08/18/6bf5a97a743d99c2ad95bea11f612b651.jpg"
	]
}