{
	"id": "1936952",
	"name": "향긋하고 맛좋은 더덕구이 ",
	"thumbnail": "https://recipe1.ezmember.co.kr/cache/recipe/2015/06/08/a0420225dc4b4d972053825fa24758d7.jpg",
	"url": "https://www.10000recipe.com/recipe/1936952",
	"ingredient_ids": [
		37,
		432,
		473,
		224,
		938,
		575,
		233,
		660
	],
	"time": "60",
	"ingre_list": [
		{
			"ingre_name": "더덕",
			"ingre_count": "600",
			"ingre_unit": "g"
		},
		{
			"ingre_name": "포도씨유",
			"ingre_count": "",
			"ingre_unit": "적당량"
		},
		{
			"ingre_name": "고추장",
			"ingre_count": "4",
			"ingre_unit": "큰술"
		},
		{
			"ingre_name": "고춧가루",
			"ingre_count": "1",
			"ingre_unit": "작은술"
		},
		{
			"ingre_name": "진간장",
			"ingre_count": "2",
			"ingre_unit": "큰술"
		},
		{
			"ingre_name": "매실청",
			"ingre_count": "2",
			"ingre_unit": "큰술"
		},
		{
			"ingre_name": "올리고당",
			"ingre_count": "1",
			"ingre_unit": "큰술"
		},
		{
			"ingre_name": "다진파",
			"ingre_count": "1",
			"ingre_unit": "큰술"
		},
		{
			"ingre_name": "다진마늘",
			"ingre_count": "1",
			"ingre_unit": "큰술"
		},
		{
			"ingre_name": "참기름",
			"ingre_count": "1",
			"ingre_unit": "큰술"
		}
	],
	"recipe": [
		"1. 더덕은 흐르는 물에 씻어 흙은 제거해 줍니다.",
		"2. 껍질을 벗긴 더덕은 방망이로 부드럽게 두들겨 줍니다. 더덕 껍질을 손질할 때 아주머니께서 가르쳐 주신대로 끓는 물에 넣었다가 바로 꺼내어서 장갑을 끼고 껍질을 제거하니 정말 잘 벗겨지더라고요.",
		"3. 분량의 양념장 재료를 넣어 고루 섞어 주고 양념장이 배도록 더덕에 고루 발라서 재워 줍니다.",
		"4. 달군 프라이팬에 포도씨유를 두르고 재운 더덕을 넣어 앞뒤로 노릇노릇하게 구워 줍니다.",
		"5. 더덕구이를 접시에 담아냅니다."
	],
	"recipe_img": [
		"https://recipe1.ezmember.co.kr/cache/recipe/2015/08/06/8d68ae3a050174caed2b0f74bc9bf4ee1.jpg",
		"https://recipe1.ezmember.co.kr/cache/recipe/2015/08/06/4fff36397a699185472d39da12ae525d1.jpg",
		"https://recipe1.ezmember.co.kr/cache/recipe/2015/08/06/84b7b5676c793f3fc1b727380fe75eb21.jpg",
		"https://recipe1.ezmember.co.kr/cache/recipe/2015/08/06/7ccd91b0cd05fd26da9ffe9e6666c1af1.jpg",
		"https://recipe1.ezmember.co.kr/cache/recipe/2015/08/06/f0f9894f472a76e358b1f5bccd25c4cd1.jpg"
	]
}