{
	"id": "1939826",
	"name": "쏘세지 야채볶음",
	"thumbnail": "https://recipe1.ezmember.co.kr/cache/recipe/2015/09/01/1cfe65bf51bd0824de9b2c01cb7d784e.jpg",
	"url": "https://www.10000recipe.com/recipe/1939826",
	"ingredient_ids": [
		433,
		6,
		29,
		3,
		9,
		724,
		477,
		226,
		379,
		514
	],
	"time": "15",
	"ingre_list": [
		{
			"ingre_name": "비엔나소세지",
			"ingre_count": "1",
			"ingre_unit": "봉"
		},
		{
			"ingre_name": "파프리카",
			"ingre_count": "1",
			"ingre_unit": "개"
		},
		{
			"ingre_name": "마늘",
			"ingre_count": "1",
			"ingre_unit": "개"
		},
		{
			"ingre_name": "양파",
			"ingre_count": "1",
			"ingre_unit": "개"
		},
		{
			"ingre_name": "당근",
			"ingre_count": "1/4",
			"ingre_unit": "개"
		},
		{
			"ingre_name": "케찹",
			"ingre_count": "3",
			"ingre_unit": "Ts"
		},
		{
			"ingre_name": "굴소스",
			"ingre_count": "1",
			"ingre_unit": "Ts"
		},
		{
			"ingre_name": "설탕",
			"ingre_count": "",
			"ingre_unit": "약간"
		},
		{
			"ingre_name": "간장",
			"ingre_count": "",
			"ingre_unit": "약간"
		},
		{
			"ingre_name": "핫소스",
			"ingre_count": "",
			"ingre_unit": "약간"
		}
	],
	"recipe": [
		"1. 재료들은 다 썰어주세요. 소세지는 모양을 내주시면 좋구요. 귀찮으시면 걍 칼집으로도 ok~ 그것도 싫으시다면 걍 넣어주셔도 되구요 우선 한번 끓는물에 데쳐서 물기를 빼서 준비해주세요. 소세지는 끓는물에 데쳐 먹는게 불순물같은것들도 빠지고 좋다고 하더라구요.",
		"2. 마늘 1개는 다져서 준비하시구요. 기름을 두른 팬에 마늘을 먼저 향이 살짝 나도록 볶아주시고, 나머지 야채들을 넣고 휘릭 볶아주세요. 굴소스 0.5T도 넣어서 살짝 볶아주셔요.",
		"3. 그리고 소세지를 넣어서 휙휙 볶아주세요. 소세지가 적당히 탄력있게 볶아지면 케첩 3Ts를 넣고 볶아주시고 간장으로 간을 맞춰주세요. 약간 매콤하게 드시고 싶으시면 핫소스를 넣어주시고 설탕도 살짝 넣어주세요."
	],
	"recipe_img": [
		"https://recipe1.ezmember.co.kr/cache/recipe/2015/09/01/6cd38fba4e37acd445ee1a6ff3889b1c1.jpg",
		"https://recipe1.ezmember.co.kr/cache/recipe/2015/09/01/fe4d733fba200de2b8351e81564509351.jpg",
		"https://recipe1.ezmember.co.kr/cache/recipe/2015/09/01/696341016390631ab5b92f3ae81fd44b1.jpg"
	]
}