{
	"id": "1948529",
	"name": "바지락칼국수 끓이기",
	"thumbnail": "https://recipe1.ezmember.co.kr/cache/recipe/2015/06/08/f0d6aeecdae65b89e4e892236a29b83c.jpg",
	"url": "https://www.10000recipe.com/recipe/1948529",
	"ingredient_ids": [
		84,
		1015,
		497,
		995,
		27,
		3
	],
	"time": "30",
	"ingre_list": [
		{
			"ingre_name": "바지락",
			"ingre_count": "300",
			"ingre_unit": "g"
		},
		{
			"ingre_name": "칼국수면",
			"ingre_count": "3",
			"ingre_unit": "인분"
		},
		{
			"ingre_name": "애호박1토막(5센티)",
			"ingre_count": "1토막(5센티)",
			"ingre_unit": "토막(센티)"
		},
		{
			"ingre_name": "당근1/2토막(5센티)",
			"ingre_count": "1/2토막(5센티)",
			"ingre_unit": "토막(센티)"
		},
		{
			"ingre_name": "어슷썬대파",
			"ingre_count": "1",
			"ingre_unit": "줌"
		},
		{
			"ingre_name": "송송썬청양고추",
			"ingre_count": "2",
			"ingre_unit": "개"
		},
		{
			"ingre_name": "육수",
			"ingre_count": "12",
			"ingre_unit": "컵"
		},
		{
			"ingre_name": "소금",
			"ingre_count": "",
			"ingre_unit": "약간"
		},
		{
			"ingre_name": "물",
			"ingre_count": "15",
			"ingre_unit": "컵"
		},
		{
			"ingre_name": "대파",
			"ingre_count": "1",
			"ingre_unit": "대"
		},
		{
			"ingre_name": "양파",
			"ingre_count": "1/2",
			"ingre_unit": "개"
		}
	],
	"recipe": [
		"1. 물에다 육수 재료를 넣고 센불에서 끓이다 끓어 오르면 약불로 줄여 은근히 30분 정도 우려 주세요. 지금은 간단한 재료로만 육수를 냈는데요. 멸치나 북어 대가리 사용하셔도 아주 좋고요 무나 다시마 등을 같이 넣어도 시원하니 좋아요. 맑은 육수를 뽑을 땐 다시마는 끓어 오를 때 먼저 꺼내야 한다는거 아시죠? 단, 떡볶이 만드는 어묵 국물 같은 걸쭉한 스탈의 육수는 다시마 끝까지 같이 넣고 끓여 주시는게 진하고 맛있어요.",
		"2. 딱 30분 우린 육수예요.",
		"3. 바지락은 옅은 소금물에 담가 검은 비닐봉지나 천을 씌워서 최소 2~3시간에서 하룻밤 정도 해감해 주세요.",
		"4. 애호박은 굵게 채썰고 당근은 얇게 채썰어 준비",
		"5. 대파는 어슷썰기, 청양고추는 송송 썰어 준비하세요.",
		"6. 육수 12컵을 끓이다 끓어 오르면 바지락, 애호박, 당근을 넣어 한소끔 끓여 주세요.",
		"7. 끓어 오르면 칼국수면을 넣고 4~5분간 끓여 주세요. 칼국수 면은 겉에 밀가루가 많이 묻어 있어서 찬물에 살짝 헹군 다음 넣으시면 좋아요.",
		"8. 찬물에 한번 담궜다가 바로 끓는 육수에 넣으셔야 합니다. 물에 담갔다가 시간이 지체되면 면끼리 달라 붙어 버려요.",
		"9. 칼국수가 거의 익어가면 대파와 청양고추를 넣어 한소끔 더 끓이면 맛난 바지락 칼국수 완성이에요. 간은 소금으로 맞추시면 되고요. 좀 더 깊은 맛을 원하시면 국간장을 약간만 넣으셔도 좋아요.",
		"10. 푸짐한 바지락칼국수 완성이에요. 간을 약하게 해서 양념간장 곁들여 먹어도 맛나지요. 요런 국수 양념장은 국간장으로 만드는게 맛도 깔끔하고 국물 색이 넘 진하지 않아 좋아요. 국간장 간이 넘 세서 별로인 분들은 진간장이나 양조간장이랑 섞어서 사용하셔도 좋구요. 양념장은 진간장보단 양조간장이 깔끔하니 더 잘 어울려요."
	],
	"recipe_img": [
		"https://recipe1.ezmember.co.kr/cache/recipe/2015/08/27/113b001d480a9e5c275be01f5b3035dd1.jpg",
		"https://recipe1.ezmember.co.kr/cache/recipe/2015/08/27/437d8e16669521a13c88992d191504571.jpg",
		"https://recipe1.ezmember.co.kr/cache/recipe/2015/08/27/89f17ea1aaa0bb9bfebca404cf983b2c1.jpg",
		"https://recipe1.ezmember.co.kr/cache/recipe/2015/08/27/137cb0eb185dbf63fe8c2583f9cbd0b11.jpg",
		"https://recipe1.ezmember.co.kr/cache/recipe/2015/08/27/156cf91e208abb0b315e266881c8d55f1.jpg",
		"https://recipe1.ezmember.co.kr/cache/recipe/2015/08/27/915130d974b454384e129bbe3a31b51c1.jpg",
		"https://recipe1.ezmember.co.kr/cache/recipe/2015/08/27/138008bda7ba3709701305413d5c0f7e1.jpg",
		"https://recipe1.ezmember.co.kr/cache/recipe/2015/08/27/075cadffd08bf4562b447b5850f3277b1.jpg",
		"https://recipe1.ezmember.co.kr/cache/recipe/2015/08/27/1b4ca8ace05a3bf586c9538e2111efef1.jpg",
		"https://recipe1.ezmember.co.kr/cache/recipe/2015/08/27/e5f2b817d8078cdd06082e738028223a1.jpg"
	]
}