{
	"id": "1951254",
	"name": "매콤한 코다리 조림",
	"thumbnail": "https://recipe1.ezmember.co.kr/cache/recipe/2015/08/10/59eb9a03b55399e1622daf074f8ed41f.jpg",
	"url": "https://www.10000recipe.com/recipe/1951254",
	"ingredient_ids": [
		721,
		3,
		295,
		846,
		660,
		971,
		27,
		995,
		379,
		349,
		224,
		233,
		575,
		455
	],
	"time": "60",
	"ingre_list": [
		{
			"ingre_name": "코다리",
			"ingre_count": "4",
			"ingre_unit": "마리"
		},
		{
			"ingre_name": "양파",
			"ingre_count": "1/2",
			"ingre_unit": "개"
		},
		{
			"ingre_name": "홍고추",
			"ingre_count": "1/2",
			"ingre_unit": "개"
		},
		{
			"ingre_name": "청양고추",
			"ingre_count": "1",
			"ingre_unit": "개"
		},
		{
			"ingre_name": "어슷썬대파",
			"ingre_count": "1",
			"ingre_unit": "줌"
		},
		{
			"ingre_name": "청주",
			"ingre_count": "1",
			"ingre_unit": "큰술"
		},
		{
			"ingre_name": "참기름",
			"ingre_count": "",
			"ingre_unit": "약간"
		},
		{
			"ingre_name": "",
			"ingre_count": "",
			"ingre_unit": ""
		},
		{
			"ingre_name": "코다리대가리",
			"ingre_count": "4",
			"ingre_unit": "개"
		},
		{
			"ingre_name": "대파",
			"ingre_count": "1/3",
			"ingre_unit": "대"
		},
		{
			"ingre_name": "통마늘",
			"ingre_count": "2",
			"ingre_unit": "톨"
		},
		{
			"ingre_name": "물",
			"ingre_count": "2",
			"ingre_unit": "컵"
		},
		{
			"ingre_name": "간장",
			"ingre_count": "2",
			"ingre_unit": "큰술"
		},
		{
			"ingre_name": "국간장",
			"ingre_count": "1",
			"ingre_unit": "큰술"
		},
		{
			"ingre_name": "고춧가루",
			"ingre_count": "2",
			"ingre_unit": "큰술"
		},
		{
			"ingre_name": "다진마늘",
			"ingre_count": "1",
			"ingre_unit": "큰술"
		},
		{
			"ingre_name": "올리고당",
			"ingre_count": "1",
			"ingre_unit": "큰술"
		},
		{
			"ingre_name": "생강가루",
			"ingre_count": "1/2",
			"ingre_unit": "작은술"
		},
		{
			"ingre_name": "후추",
			"ingre_count": "",
			"ingre_unit": "약간"
		},
		{
			"ingre_name": "육수(물)",
			"ingre_count": "1/2",
			"ingre_unit": "컵"
		}
	],
	"recipe": [
		"1. 코다리는 지느러미, 꼬리를 떼어내고 머리를 잘라 내고, 먹기 좋은 크기로 3~4등분 잘라 준비하세요.",
		"2. 코다리가 거의 냉동 상태로 판매되고 있지요? 살짝만 해동된 상태에서 손질해야 쉽구요. 겨울엔 배란다에 하루정도 꾸덕하게 말려서 사용하면 훨씬 맛있어요. 전 머리를 완전히 잘라내진 않고 눈 바로 뒷쪽에서 잘랐네요~ 머리 윗쪽에도 살이 제법 많고 그 살이 또 맛있더라구요.",
		"3. 코다리는 명태를 꾸덕하게 말린 것이라 담백한 생선이지만 혹시나 냄새가 걱정이라면 청주나 소주를 좀 뿌려 두세요. 동태탕도 잘못 끓이면 냄새나는 경우가 많거든요. 동태 토막내서 소주를 뿌려 잠시 재웠다 사용하면 냄새 걱정은 거의 없더라구요.",
		"4. 냄비에 코다리대가리, 대파, 마늘, 물을 넣고 센불에서 끓이다 끓어 오르면 약불로 줄여 1/2컵정도 분량이 나오도록 뭉근히 끓여 주세요.",
		"5. 냄비에 육수 1/2컵과 양념재료를 섞어 한소끔 끓여 주세요.",
		"6. 코다리와 양파, 대파, 고추를 모두 넣어 한소끔 더 끓인 후 약불로 줄여 뭉근히 국물이 자작할 때까지 조린 다음, 참기름을 약간 넣어 섞으면 완성. 한소끔 끓어 오를 때 청주를 약간 넣으면 잡내를 잡을 수 있답니다.",
		"7. 대파와 고추는 맨 나중에 넣어도 좋지만 같이 넣어 조리면 단맛과 매콤한 맛이 우러나와 좀 더 맛있어지는거 같아요."
	],
	"recipe_img": [
		"https://recipe1.ezmember.co.kr/cache/recipe/2015/08/10/f9953f7841e0aeca8cc4950b682dde171.jpg",
		"https://recipe1.ezmember.co.kr/cache/recipe/2015/08/10/f9d7a86c8cce5a55c033b5bd60437a8f1.jpg",
		"https://recipe1.ezmember.co.kr/cache/recipe/2015/08/10/91557f4c2e8b333bc0ebdec6c8f35f061.jpg",
		"https://recipe1.ezmember.co.kr/cache/recipe/2015/08/10/d08e61fcba3bc1b39cd7f81c1a73a70f1.jpg",
		"https://recipe1.ezmember.co.kr/cache/recipe/2015/08/10/211c25ac269b484fdb8234b50b35ef531.jpg",
		"https://recipe1.ezmember.co.kr/cache/recipe/2015/08/10/3dd812b61890b8e5fde9322fcc7d152f1.jpg",
		"https://recipe1.ezmember.co.kr/cache/recipe/2015/08/10/339bb4ad9dbdc4b700fea4d2cba616761.jpg"
	]
}