{
	"id": "1953875",
	"name": "알감자조림/감자조림/계란장조림/장조림/햇감자/자주감자/감자/찐감자",
	"thumbnail": "https://recipe1.ezmember.co.kr/cache/recipe/2015/06/08/67c590d454869804c820dff96c1d2266.jpg",
	"url": "https://www.10000recipe.com/recipe/1953875",
	"ingredient_ids": [
		5,
		846,
		28,
		29
	],
	"time": "60",
	"ingre_list": [
		{
			"ingre_name": "감자",
			"ingre_count": "",
			"ingre_unit": ""
		},
		{
			"ingre_name": "계란",
			"ingre_count": "",
			"ingre_unit": ""
		},
		{
			"ingre_name": "진간장1+1/2컵",
			"ingre_count": "1+1/2",
			"ingre_unit": "컵"
		},
		{
			"ingre_name": "물1+1/2컵",
			"ingre_count": "1+1/2",
			"ingre_unit": "컵"
		},
		{
			"ingre_name": "청주",
			"ingre_count": "2",
			"ingre_unit": "큰술"
		},
		{
			"ingre_name": "생강",
			"ingre_count": "",
			"ingre_unit": "조금"
		},
		{
			"ingre_name": "마늘",
			"ingre_count": "7",
			"ingre_unit": "알"
		},
		{
			"ingre_name": "건홍고추",
			"ingre_count": "1",
			"ingre_unit": "개"
		},
		{
			"ingre_name": "올리고당(설탕)",
			"ingre_count": "3",
			"ingre_unit": "큰술"
		}
	],
	"recipe": [
		"1. 감자만 조리기 심심해서 계란을 삶았어요",
		"2. 통마늘,건홍고추(매콤하라고)씨빼서 준비하고 생강을 조금 준비해주세요.",
		"3. 먼저 감자를 다른냄비에 살짝 삶아주어요 푹 무르게삶으면 조리면서 다 으깨지니까.....살짝만 삶아줍니다 (감자가 설컹거리게)",
		"4. 진간장 소스에 감자를 먼저 넣고 삶다가 계란도 넣고",
		"5. 강,고추,마늘 등등 다 넣고 센불에서 끓이다가 약불로 서서히 저어가면서 조려줍니다 끓을때 청주도 넣어주세요~~~"
	],
	"recipe_img": [
		"https://recipe1.ezmember.co.kr/cache/recipe/2017/07/19/ea352140489fd18b1db3c486319e006a1.jpg"
	]
}