{
	"id": "1954723",
	"name": "반찬과 술안주로 어울리는 닭윙, 닭봉조림",
	"thumbnail": "https://recipe1.ezmember.co.kr/cache/recipe/2015/06/08/25d8e7497d9811a6742e94331abf5f75.jpg",
	"url": "https://www.10000recipe.com/recipe/1954723",
	"ingredient_ids": [
		132,
		29,
		643,
		938,
		575,
		341,
		292,
		233,
		497,
		225
	],
	"time": "60",
	"ingre_list": [
		{
			"ingre_name": "닭윙닭봉",
			"ingre_count": "1",
			"ingre_unit": "Kg"
		},
		{
			"ingre_name": "대추",
			"ingre_count": "6",
			"ingre_unit": "개"
		},
		{
			"ingre_name": "마늘",
			"ingre_count": "6",
			"ingre_unit": "쪽"
		},
		{
			"ingre_name": "풋고추",
			"ingre_count": "1",
			"ingre_unit": "개"
		},
		{
			"ingre_name": "삼백초",
			"ingre_count": "1",
			"ingre_unit": "줌"
		},
		{
			"ingre_name": "땅콩가루",
			"ingre_count": "2",
			"ingre_unit": "큰술"
		},
		{
			"ingre_name": "우유",
			"ingre_count": "180",
			"ingre_unit": "ml"
		},
		{
			"ingre_name": "진간장",
			"ingre_count": "6",
			"ingre_unit": "큰술"
		},
		{
			"ingre_name": "매실청",
			"ingre_count": "2",
			"ingre_unit": "큰술"
		},
		{
			"ingre_name": "올리고당",
			"ingre_count": "2",
			"ingre_unit": "큰술"
		},
		{
			"ingre_name": "물엿",
			"ingre_count": "1",
			"ingre_unit": "큰술"
		},
		{
			"ingre_name": "맛술",
			"ingre_count": "1",
			"ingre_unit": "큰술"
		},
		{
			"ingre_name": "다진파",
			"ingre_count": "2",
			"ingre_unit": "큰술"
		},
		{
			"ingre_name": "다진마늘",
			"ingre_count": "1",
			"ingre_unit": "큰술"
		},
		{
			"ingre_name": "소금",
			"ingre_count": "",
			"ingre_unit": "약간"
		},
		{
			"ingre_name": "후춧가루",
			"ingre_count": "",
			"ingre_unit": "약간"
		}
	],
	"recipe": [
		"1. 닭윙과 닭봉은 흐르는 물에 헹군 다음",
		"2. 우유에 30분 정도 담가 줍니다 우유는 닭고기의 잡냄새를 제거하는데 좋아요.",
		"3. 대추와 삼백초는 흐르는 물에 씻어 주고 마늘은 껍질을 벗겨 씻어 줍니다 풋고추는 꼭지를 제거한 후 흐르는 물에 씻은 후 어슷 썰어 줍니다.",
		"4. 분량의 양념장 재료를 넣어 고루 섞어 줍니다.",
		"5. 우유에 담가 놓았던 닭윙과 닭봉을 흐르는 물에 헹군 다음 끓는 물에 한번 튀겨 주고 흐르는 물에 다시 한 번 헹구어 줍니다.",
		"6. 닭윙과, 닭봉을 냄비에 담고 대추, 마늘, 삼백초, 풋고추를 얹어 줍니다.",
		"7. 양념장을 뿌려 주고 그릇에 담아 있는 양념장은 물을 붓고 흔들어서 부어 주고",
		"8. 주고 가스 불에 올려 한소끔 끓여 준 다음 약한 불에서 조려 줍니다. (중간 중간 양념장을 끼얹어 주면서 조려 줍니다)",
		"9. 닭윙, 닭봉조림을 그릇에 담고 땅콩가루를 뿌려 냅니다."
	],
	"recipe_img": [
		"https://recipe1.ezmember.co.kr/cache/recipe/2015/08/27/5ce6e4f6dab464aaf3d98f182d7e1d4c1.jpg",
		"https://recipe1.ezmember.co.kr/cache/recipe/2015/08/27/07ebda0406a38f76b3aa498e50e2d8fe1.jpg",
		"https://recipe1.ezmember.co.kr/cache/recipe/2015/08/27/850b828d9e8202e1686f7c0393b001fb1.jpg",
		"https://recipe1.ezmember.co.kr/cache/recipe/2015/08/27/1e459fb1a4d96bbe1953afff213e97501.jpg",
		"https://recipe1.ezmember.co.kr/cache/recipe/2015/08/27/99edb2dd6927e2b98f1cb230c6ffbfe11.jpg",
		"https://recipe1.ezmember.co.kr/cache/recipe/2015/08/27/26d3f1adece0134d6cedc7b4334c26601.jpg",
		"https://recipe1.ezmember.co.kr/cache/recipe/2015/08/27/f6f80118b1f61b2e7418ab41070940d01.jpg",
		"https://recipe1.ezmember.co.kr/cache/recipe/2015/08/27/d8abd22fa838dcb4c3f541d5cbed7f0b1.jpg",
		"https://recipe1.ezmember.co.kr/cache/recipe/2015/08/27/df9b1a999b113ca0c249a6c7789f5e861.jpg"
	]
}