{
	"id": "1959112",
	"name": "간장소스 민어구이",
	"thumbnail": "https://recipe1.ezmember.co.kr/cache/recipe/2015/08/13/401124c435a2d3319d581db1ce7e1daa.jpg",
	"url": "https://www.10000recipe.com/recipe/1959112",
	"ingredient_ids": [
		345,
		734,
		357,
		379,
		292,
		995,
		341,
		226,
		608,
		453,
		27,
		455
	],
	"time": "60",
	"ingre_list": [
		{
			"ingre_name": "민어",
			"ingre_count": "1",
			"ingre_unit": "마리"
		},
		{
			"ingre_name": "튀김가루",
			"ingre_count": "2",
			"ingre_unit": "T"
		},
		{
			"ingre_name": "달래",
			"ingre_count": "5",
			"ingre_unit": "뿌리"
		},
		{
			"ingre_name": "간장",
			"ingre_count": "50",
			"ingre_unit": "cc"
		},
		{
			"ingre_name": "맛술",
			"ingre_count": "50",
			"ingre_unit": "cc"
		},
		{
			"ingre_name": "물",
			"ingre_count": "30",
			"ingre_unit": "cc"
		},
		{
			"ingre_name": "물엿",
			"ingre_count": "1",
			"ingre_unit": "T"
		},
		{
			"ingre_name": "설탕",
			"ingre_count": "1",
			"ingre_unit": "T"
		},
		{
			"ingre_name": "다시마5×5cm",
			"ingre_count": "1",
			"ingre_unit": "장"
		},
		{
			"ingre_name": "월계수잎",
			"ingre_count": "1",
			"ingre_unit": "장"
		},
		{
			"ingre_name": "감초",
			"ingre_count": "1",
			"ingre_unit": "개"
		},
		{
			"ingre_name": "통마늘",
			"ingre_count": "1",
			"ingre_unit": "개"
		},
		{
			"ingre_name": "대파",
			"ingre_count": "1/3",
			"ingre_unit": "대"
		},
		{
			"ingre_name": "생강가루",
			"ingre_count": "1/8",
			"ingre_unit": "T"
		}
	],
	"recipe": [
		"1. 분량의 재료를 넣어주세요..",
		"2. 약한불에서 소스의 양이 반으로 줄어들때까지 끓여주세요. 민어 한마리를 구워내고도 소스의 양은 2T 정도 남아요. 다른 용기에 담아두고 조금씩 덜어서 사용하세요. 냉장고에 보관하면 일주일 정도는 사용이 가능해요.",
		"3. 소스가 졸여지는 동안 민어를 손질합니다. 민어는 몸통에는 비늘이 거의 없고. 머리와 꼬리쪽에 약간씩 비늘이 있더라구요. 비늘을 벗겨내고 흐르는 물에 씻어주세요.",
		"4. 가위를 이용해서 지느러미를 모두 잘라주세요.",
		"5. 아가미 쪽으로 가위를 넣어 배를 갈라 내장을 빼주세요.",
		"6. 칼을 반쯤 세워서 포를 떠주세요. 반을 가른다 생각하고 하시면 되구요.. 생선가게에서 살때는 손질해달라고 하셔서 가져오시면 됩니다.",
		"7. 뼈를 기준으로 양쪽의 살을 모두 포를 떴어요. 뼈부분은 맑은탕으로 끓여서 먹으려고 빼두었답니다. 뼈는 꼭 발라내지 않고 반만 갈라서 구워내도 상관없어요.",
		"8. 껍질에 칼집을 넣어주세요. 칼집을 넣으면 양념이 잘 베이고 다른 생선보다 껍질이 두터운 민어를 먹기에 더 좋아요.",
		"9. 튀김가루를 앞뒤로 골고루 뿌려주세요..",
		"10. 달궈진 팬에 기름을 두르고 구워주세요. 노릇해질 정도로 초벌구이합니다.",
		"11. 졸여진 간장소스를 솔을 이용해서 바르고 양념이 타지않게 약한불에서 구워주세요. 간장소스는 껍질 쪽에 2번, 살부분쪽에 1번 정도 발라주시면 돼요. 짜게 조려지는 것보다 모자른 간을 소스를 찍어서 먹을 수있게 따로 담아내는 것이 좋아요.",
		"12. 접시에 가지런히 담고 머리부분을 떼서 잘게 썰어둔 달래를 솔솔 뿌려주세요."
	],
	"recipe_img": [
		"https://recipe1.ezmember.co.kr/cache/recipe/2015/08/17/1ccb8faf01a99df3c687354acec1d64b1.jpg",
		"https://recipe1.ezmember.co.kr/cache/recipe/2015/08/17/1e0658af0193a1ed8f6c2a3555d0ce051.jpg",
		"https://recipe1.ezmember.co.kr/cache/recipe/2015/08/17/97155b3652db22ea6b79a397e4c676771.jpg",
		"https://recipe1.ezmember.co.kr/cache/recipe/2015/08/17/65d8c47295eb79de895b89d9feffe3d51.jpg",
		"https://recipe1.ezmember.co.kr/cache/recipe/2015/08/17/7d367b404393b9621fd60ae639d64a031.jpg",
		"https://recipe1.ezmember.co.kr/cache/recipe/2015/08/17/3c9d423b703655b76599a1a31c4b5bc11.jpg",
		"https://recipe1.ezmember.co.kr/cache/recipe/2015/08/17/c940577e57d3524d3c80c8e719c2067a1.jpg",
		"https://recipe1.ezmember.co.kr/cache/recipe/2015/08/17/ddbcdc37dc43da45839c2db9f79b3f0c1.jpg",
		"https://recipe1.ezmember.co.kr/cache/recipe/2015/08/17/cee1f5c4db644cbaf646947317ef7d981.jpg",
		"https://recipe1.ezmember.co.kr/cache/recipe/2015/08/17/564cc055bb0d60b6dbf1a11b47fe45801.jpg",
		"https://recipe1.ezmember.co.kr/cache/recipe/2015/08/17/0e52a0d252b95de52d1a7ddd45283e221.jpg",
		"https://recipe1.ezmember.co.kr/cache/recipe/2015/08/17/5e0d1d39775a5f5566b502b2fff06f201.jpg"
	]
}