{
	"id": "1965089",
	"name": "온가족 보양식 도가니탕 ",
	"thumbnail": "https://recipe1.ezmember.co.kr/cache/recipe/2015/06/08/3740b02163438964b50b00433b302bb1.jpg",
	"url": "https://www.10000recipe.com/recipe/1965089",
	"ingredient_ids": [
		29,
		995,
		857
	],
	"time": "2이상",
	"ingre_list": [
		{
			"ingre_name": "도가니",
			"ingre_count": "1",
			"ingre_unit": "kg"
		},
		{
			"ingre_name": "대파흰부분",
			"ingre_count": "1",
			"ingre_unit": "대"
		},
		{
			"ingre_name": "마늘",
			"ingre_count": "1",
			"ingre_unit": "통"
		},
		{
			"ingre_name": "물",
			"ingre_count": "",
			"ingre_unit": ""
		},
		{
			"ingre_name": "통후추",
			"ingre_count": "0.",
			"ingre_unit": ".스푼"
		}
	],
	"recipe": [
		"1. 도가니는 차가운 물에 2시간 정도 핏물을 빼주세요. 핏물이 빠진 도가니에 도가니가 잠길 정도로 물을 붓고 센 불에서 한 번 끓여 이물질 등을 제거해 주세요.",
		"2. 한 번 끓인 도가니는 깨끗하게 헹군 다음 도가니 3배 분량의 물을 붓고 3시간 가량 끓여 주세요. 강불에서 30분 끓인 후 약불로 줄여 끓이시면 되어요(중간 중간 거품, 지방, 이물질 걷어 주세요). 잘 익은 도가니는 먹기 좋게 잘라 주세요.",
		"3. 먹기 좋게 자른 도가니에 뜨거운 국물 붓고 대파, 소금, 후추 넣어 먹음 뜨끈뜨끈 든든하니 정말 좋답니다."
	],
	"recipe_img": [
		"https://recipe1.ezmember.co.kr/cache/recipe/2015/08/10/7d2c5e5a65c94088cc26e7bf4b4fa9bc1.jpg",
		"https://recipe1.ezmember.co.kr/cache/recipe/2015/08/10/4104b192a992f617d43931ced98df7031.jpg",
		"https://recipe1.ezmember.co.kr/cache/recipe/2015/08/10/f556d590829947578d95c3ca797e7f72.jpg"
	]
}