{
	"id": "1976197",
	"name": "느끼하지 않은 오꼬노미야끼",
	"thumbnail": "https://recipe1.ezmember.co.kr/cache/recipe/2015/06/08/b359ce6ab4f82b47bc8e2ff4a8b4a9e2.jpg",
	"url": "https://www.10000recipe.com/recipe/1976197",
	"ingredient_ids": [
		387,
		995,
		219,
		643,
		757,
		432,
		228
	],
	"time": "15",
	"ingre_list": [
		{
			"ingre_name": "부침가루",
			"ingre_count": "4/3",
			"ingre_unit": "컵"
		},
		{
			"ingre_name": "물",
			"ingre_count": "1/2",
			"ingre_unit": "컵"
		},
		{
			"ingre_name": "달걀",
			"ingre_count": "1",
			"ingre_unit": "개"
		},
		{
			"ingre_name": "풋고추",
			"ingre_count": "5",
			"ingre_unit": "개"
		},
		{
			"ingre_name": "쪽파",
			"ingre_count": "1",
			"ingre_unit": "줌"
		},
		{
			"ingre_name": "오징어몸통",
			"ingre_count": "1",
			"ingre_unit": "마리"
		},
		{
			"ingre_name": "포도씨유",
			"ingre_count": "",
			"ingre_unit": "적당량"
		},
		{
			"ingre_name": "가쓰오부시",
			"ingre_count": "1/2",
			"ingre_unit": "줌"
		},
		{
			"ingre_name": "마요네즈",
			"ingre_count": "1",
			"ingre_unit": "큰술"
		},
		{
			"ingre_name": "우스터소스",
			"ingre_count": "1",
			"ingre_unit": "큰술"
		},
		{
			"ingre_name": "돈까스소스",
			"ingre_count": "1",
			"ingre_unit": "큰술"
		}
	],
	"recipe": [
		"1. 풋고추는 잘게 다져서 넣어 주세요. 쪽파는 길이가 2-3cm 정도 잘라서 넣어 주세요. 오징어도 먹기 좋게 잘라서 넣어 주세요. 달걀도 한 개 넣어 주세요.",
		"2. 분량의 부침가루와 물을 넣고 잘 섞어 주세요.",
		"3. 시판용 돈까스 소스와 우스터 소스를 넣고 잘 섞어 주세요.",
		"4. 달군 팬에 반죽을 올려 주세요.",
		"5. 어느 정도 노릇노릇 익으면 뒤집어 주세요.",
		"6. 비닐에 마요네즈를 담아줍니다.",
		"7. 노릇노릇 잘 익은 부침개에 소스를 골고루 발라 주세요.",
		"8. 마요네즈를 담은 비닐의 끝을 아주 살짝 잘라서 모양을 내면서 짜 주세요.",
		"9. 그 위에 가쓰오부시를 살짝 올려 주면 완성."
	],
	"recipe_img": [
		"https://recipe1.ezmember.co.kr/cache/recipe/2015/06/29/aa36eab7f6c8453ec59cc8d5a29dd2be1.jpg",
		"https://recipe1.ezmember.co.kr/cache/recipe/2015/06/29/d7b5bd9554f80acd1a7ebe199fc818151.jpg",
		"https://recipe1.ezmember.co.kr/cache/recipe/2015/06/29/f28cf42e11f3d6f086e73d5cbd418d931.jpg",
		"https://recipe1.ezmember.co.kr/cache/recipe/2015/06/29/92d3e4fe5cbec77c4cc09c833035afc41.jpg",
		"https://recipe1.ezmember.co.kr/cache/recipe/2015/06/29/d757847a19b9cc89f95c99a8427d97491.jpg",
		"https://recipe1.ezmember.co.kr/cache/recipe/2015/06/29/f75076e2dfdbeb2555b2cba5f46630b21.jpg",
		"https://recipe1.ezmember.co.kr/cache/recipe/2015/06/29/f5df6121a03c457e4b288517ff5c48691.jpg",
		"https://recipe1.ezmember.co.kr/cache/recipe/2015/06/29/09d05d64fdafbd608360ab7cfa531f071.jpg",
		"https://recipe1.ezmember.co.kr/cache/recipe/2015/06/29/23ba3709ffc690f3131a1df9daa525671.jpg"
	]
}