{
	"id": "1981506",
	"name": "오리불고기",
	"thumbnail": "https://recipe1.ezmember.co.kr/cache/recipe/2015/08/17/d2a521fb4a555a0460624089ad09934c.jpg",
	"url": "https://www.10000recipe.com/recipe/1981506",
	"ingredient_ids": [
		5,
		3,
		31,
		55,
		473,
		224,
		29,
		379,
		575,
		292
	],
	"time": "60",
	"ingre_list": [
		{
			"ingre_name": "유황오리",
			"ingre_count": "500",
			"ingre_unit": "g"
		},
		{
			"ingre_name": "감자",
			"ingre_count": "1",
			"ingre_unit": "개"
		},
		{
			"ingre_name": "양파",
			"ingre_count": "1",
			"ingre_unit": "개"
		},
		{
			"ingre_name": "떡",
			"ingre_count": "",
			"ingre_unit": ""
		},
		{
			"ingre_name": "파",
			"ingre_count": "",
			"ingre_unit": ""
		},
		{
			"ingre_name": "쑥갓",
			"ingre_count": "",
			"ingre_unit": ""
		},
		{
			"ingre_name": "팽이버섯",
			"ingre_count": "",
			"ingre_unit": ""
		},
		{
			"ingre_name": "고추장",
			"ingre_count": "2",
			"ingre_unit": "TS"
		},
		{
			"ingre_name": "고춧가루",
			"ingre_count": "2",
			"ingre_unit": "TS"
		},
		{
			"ingre_name": "마늘",
			"ingre_count": "1.",
			"ingre_unit": ".TS"
		},
		{
			"ingre_name": "간장",
			"ingre_count": "1",
			"ingre_unit": "TS"
		},
		{
			"ingre_name": "후추",
			"ingre_count": "",
			"ingre_unit": "약간"
		},
		{
			"ingre_name": "올리고당",
			"ingre_count": "2",
			"ingre_unit": "TS"
		},
		{
			"ingre_name": "맛술",
			"ingre_count": "2",
			"ingre_unit": "TS"
		}
	],
	"recipe": [
		"1. 오리불고기 양념장은 별다른건 없구요. 준비한 양념장 재료를 다 넣어서 섞어주면 올리고당이 들어가서 저리 윤기가 자르르 흐른답니다.",
		"2. 유황오리는 물에 한번 헹궈 물기 빼주시구요. 준비해둔 양념장에 오리를 넣어서 잘 버무려주세요. 전 양념해서 미리 냉장고에 숙성시켜줬어요. 바로 해서 드셔도 된답니다.",
		"3. 조물조물 양념이 잘되면 먹을때도 좀 제대로 해먹는 편이라 보기에도 셋팅은 제대로도..더 잘하시는분들도 많으시지만 나름 만족이랍니다.",
		"4. 아이들이 좋아하는 감자랑 떡 넣어주고 울시랑 좋아하는 버섯, 전 다좋아해요. 이렇게 보니 오리불고기 전문점에서 파는것 못지 않죠. 암튼 따라하는건 잘한답니다.",
		"5. 지글지글 구워주면 완성~!"
	],
	"recipe_img": [
		"https://recipe1.ezmember.co.kr/cache/recipe/2015/08/17/d27223f35520053da84e5ba4e821f7f21.jpg",
		"https://recipe1.ezmember.co.kr/cache/recipe/2015/08/17/d156df849830af8a378ef5eb66cf91441.jpg",
		"https://recipe1.ezmember.co.kr/cache/recipe/2015/08/17/b3ceb1a4238707c05315f651ac239a1b1.jpg",
		"https://recipe1.ezmember.co.kr/cache/recipe/2015/08/17/1633d1abfd0d679b1a88db45937ae71d1.jpg",
		"https://recipe1.ezmember.co.kr/cache/recipe/2015/08/17/39f3c0da5b574a37c62f22276e86d9791.jpg"
	]
}