{
	"id": "1985062",
	"name": "굴비조림",
	"thumbnail": "https://recipe1.ezmember.co.kr/cache/recipe/2015/08/04/c21150cd012e99bb1574fc6af6920fda.jpg",
	"url": "https://www.10000recipe.com/recipe/1985062",
	"ingredient_ids": [
		821,
		19,
		3,
		325,
		27,
		295,
		995,
		224,
		379,
		292,
		233,
		226,
		455,
		225,
		350
	],
	"time": "30",
	"ingre_list": [
		{
			"ingre_name": "굴비",
			"ingre_count": "4",
			"ingre_unit": "마리"
		},
		{
			"ingre_name": "무",
			"ingre_count": "1",
			"ingre_unit": "토막"
		},
		{
			"ingre_name": "양파",
			"ingre_count": "1/2",
			"ingre_unit": "개"
		},
		{
			"ingre_name": "호박",
			"ingre_count": "1/3",
			"ingre_unit": "개"
		},
		{
			"ingre_name": "대파",
			"ingre_count": "1/2",
			"ingre_unit": "대"
		},
		{
			"ingre_name": "청양고추",
			"ingre_count": "2",
			"ingre_unit": "개"
		},
		{
			"ingre_name": "물",
			"ingre_count": "2",
			"ingre_unit": "컵"
		},
		{
			"ingre_name": "고춧가루",
			"ingre_count": "2",
			"ingre_unit": "큰술"
		},
		{
			"ingre_name": "간장",
			"ingre_count": "3",
			"ingre_unit": "큰술"
		},
		{
			"ingre_name": "맛술",
			"ingre_count": "2",
			"ingre_unit": "큰술"
		},
		{
			"ingre_name": "다진마늘",
			"ingre_count": "1",
			"ingre_unit": "큰술"
		},
		{
			"ingre_name": "설탕",
			"ingre_count": "1",
			"ingre_unit": "작은술"
		},
		{
			"ingre_name": "생강가루",
			"ingre_count": "",
			"ingre_unit": "약간"
		},
		{
			"ingre_name": "후춧가루",
			"ingre_count": "",
			"ingre_unit": "약간"
		},
		{
			"ingre_name": "깨소금",
			"ingre_count": "0.",
			"ingre_unit": ".큰술"
		}
	],
	"recipe": [
		"1. 굴비는 비늘을 벗기고 지느러미와 꼬리를 제거합니다. 내장을 제거하고 살뜨물에 30분정도 담가둡니다.",
		"2. 무는 도톰하게 썰어 냄비에 깔아줍니다. 양파는 굵직하게 채썰어 무위에 올리고 호박도 도톰하게 썰어 올려줍니다. 양념도 미리 한데섞어줍니다.",
		"3. 손질한 굴비를 올리고 물2컵을 부어주고 한데섞어둔 양념을 끼얹어 뚜껑을 열고 조려줍니다. 뚜껑을 열어야 비린내가 날아가요.",
		"4. 중불에서 보글보글 맛있게 조려줍니다. 국물이 약1/3쯤 조려들면 대파와 고추를 어슷썰어넣고 한소끔 더 조려주면 완성입니다. 국물이 자작하게 남도록 조려주세요."
	],
	"recipe_img": [
		"https://recipe1.ezmember.co.kr/cache/recipe/2015/08/04/1eba0852526f7ca60e0a00135fe6d09c1.jpg",
		"https://recipe1.ezmember.co.kr/cache/recipe/2015/08/04/4881154e497e952930a15dcc83c4ee741.jpg",
		"https://recipe1.ezmember.co.kr/cache/recipe/2015/08/04/fd748293b38c449068df18b4e054aafa1.jpg",
		"https://recipe1.ezmember.co.kr/cache/recipe/2015/08/04/4b23db334ca29058e83f59896ea32d681.jpg"
	]
}