{
	"id": "1989307",
	"name": "가지초무침 만들기",
	"thumbnail": "https://recipe1.ezmember.co.kr/cache/recipe/2015/06/08/0bf8d33c936543e3d27b6d6b54bc0d17.jpg",
	"url": "https://www.10000recipe.com/recipe/1989307",
	"ingredient_ids": [
		18,
		226,
		231,
		547,
		349,
		233,
		660
	],
	"time": "15",
	"ingre_list": [
		{
			"ingre_name": "가지",
			"ingre_count": "2",
			"ingre_unit": "개"
		},
		{
			"ingre_name": "고추가루",
			"ingre_count": "1/2",
			"ingre_unit": "작은술"
		},
		{
			"ingre_name": "설탕",
			"ingre_count": "1",
			"ingre_unit": "작은술"
		},
		{
			"ingre_name": "식초",
			"ingre_count": "2",
			"ingre_unit": "작은술"
		},
		{
			"ingre_name": "양조간장",
			"ingre_count": "1/2",
			"ingre_unit": "작은술"
		},
		{
			"ingre_name": "국간장",
			"ingre_count": "1",
			"ingre_unit": "작은술"
		},
		{
			"ingre_name": "다진마늘",
			"ingre_count": "1",
			"ingre_unit": "작은술"
		},
		{
			"ingre_name": "참기름",
			"ingre_count": "1/2",
			"ingre_unit": "작은술"
		}
	],
	"recipe": [
		"1. 가지 2개를 깨끗히 씻은후 꼭지 부분은 잘라주세요.",
		"2. 2등분한후 반을 갈라 주세요.",
		"3. 찜통에 넣고 8분간 쪄주세요.",
		"4. 쪄낸 가지는 접시에 꺼내서 식혀주세요.",
		"5. 고추가루 1/2 작은술 , 설탕 1작은술 , 식초 2작은술 , 양조간장 1/2작은술 , 국간장 1작은술 , 다진마늘 1작은술, 참기름 1/2작은술을 섞어 양념장을 만들어 둡니다.",
		"6. 가지를 손으로 찢어준후 물기를 꼭 짜서 양념에 버무리면 완성입니다."
	],
	"recipe_img": [
		"https://recipe1.ezmember.co.kr/cache/recipe/2015/06/08/6050665d7c87b200676daa5d6be3d6891.jpg",
		"https://recipe1.ezmember.co.kr/cache/recipe/2015/06/08/2000a22672067118b48b06c6a8557fd31.jpg",
		"https://recipe1.ezmember.co.kr/cache/recipe/2015/06/08/ea9a26ebe05934e3b9e48b991a50035e1.jpg",
		"https://recipe1.ezmember.co.kr/cache/recipe/2015/06/08/f79795f48af19efd3a14af15804b90121.jpg",
		"https://recipe1.ezmember.co.kr/cache/recipe/2015/06/08/584924f8c189a46097f2126bf4173c5e1.jpg",
		"https://recipe1.ezmember.co.kr/cache/recipe/2015/06/08/7cf4dddb0913232a081303b896b453331.jpg"
	]
}