{
	"id": "1992023",
	"name": "감자 옹심이 수제비",
	"thumbnail": "https://recipe1.ezmember.co.kr/cache/recipe/2015/09/01/f53776c4d8ca74819eb64dfaad123b61.jpg",
	"url": "https://www.10000recipe.com/recipe/1992023",
	"ingredient_ids": [
		7,
		3,
		27,
		233,
		320,
		497
	],
	"time": "30",
	"ingre_list": [
		{
			"ingre_name": "감자(중)",
			"ingre_count": "3",
			"ingre_unit": "개"
		},
		{
			"ingre_name": "애호박",
			"ingre_count": "1/3",
			"ingre_unit": "개"
		},
		{
			"ingre_name": "양파",
			"ingre_count": "1/4",
			"ingre_unit": "개"
		},
		{
			"ingre_name": "홍고추",
			"ingre_count": "1/2",
			"ingre_unit": "개"
		},
		{
			"ingre_name": "대파",
			"ingre_count": "",
			"ingre_unit": "약간"
		},
		{
			"ingre_name": "다진마늘",
			"ingre_count": "1",
			"ingre_unit": "T"
		},
		{
			"ingre_name": "생수",
			"ingre_count": "6",
			"ingre_unit": "C"
		},
		{
			"ingre_name": "멸치",
			"ingre_count": "20",
			"ingre_unit": "마리"
		},
		{
			"ingre_name": "다시마(10*10)",
			"ingre_count": "1",
			"ingre_unit": "장"
		},
		{
			"ingre_name": "밀가루1+1/2C",
			"ingre_count": "1+1/2",
			"ingre_unit": "C"
		},
		{
			"ingre_name": "미지근한물",
			"ingre_count": "",
			"ingre_unit": "적당량"
		},
		{
			"ingre_name": "소금",
			"ingre_count": "",
			"ingre_unit": "약간"
		}
	],
	"recipe": [
		"1. 밀가루 반죽은 전날 미리 해놓고 냉장고에서 하루정도 숙성시키는것이 제일 좋습니다. 밀가루 1½C에 너무 차지않은 약간은 미적지근한 물을 조금씩 부어주면서 반죽합니다. 반죽이 어느정도 완성되면 손에 식용유 살짝 묻혀서 반죽하면 더 매끈한 수제비 반죽이 됩니다.",
		"2. 완성된 수제비 반죽은 비닐에 싸서 냉장고에서 하루숙성시키거나 시간이 안되면 비닐에 싸서 잠시라도 냉장고에 넣어둡니다.",
		"3. 애호박은 반달썰기하시고 양파 채썰기, 홍고추 어슷썰기, 대파 어슷썰기합니다.",
		"4. 감자는 껍질 벗겨서 강판에 갈아 20~30분을 체에 받혀 둡니다. 그럼 감자의 수분이 빠지면서 녹말이 쫙 가라앉습니다. 너무 질척하면 감자옹심이 뭉치기가 힘드니 어느정도 감자 수분이 빠져나오면 면보에 감자 덩어리를 살짝만 짜줍니다.",
		"5. 가라앉은 전분 위의 물은 따라버리시고 감자 덩어리랑 이 전분이랑 합쳐서 반죽 해주시면 됩니다.",
		"6. 동글동글 감자 옹심이를 만들어 주세요.",
		"7. 뽀얗게 우려낸 멸치육수에 (생수 6C + 멸치20마리 + 다시마(10*10)1장) 수제비 반죽을 떼어서 퐁당 넣습니다.",
		"8. 수제비 반죽 몽땅 떼어서 넣고 야채 몽땅 넣고 감자 옹심이 넣어서 보글보글 끓여내줍니다. 모자라는 간은 멸치액젓과 굵은소금으로 해주세요."
	],
	"recipe_img": [
		"https://recipe1.ezmember.co.kr/cache/recipe/2015/09/01/92da873dd59f29a5229a03c5d83b45b21.jpg",
		"https://recipe1.ezmember.co.kr/cache/recipe/2015/09/01/8d3a573b0cab21b0ef80b9ece7399b8d1.jpg",
		"https://recipe1.ezmember.co.kr/cache/recipe/2015/09/01/01a12c9567628fcc5ec69b4a061e87921.jpg",
		"https://recipe1.ezmember.co.kr/cache/recipe/2015/09/01/9527aa488bb50387fd71cac9b0bf98b71.jpg",
		"https://recipe1.ezmember.co.kr/cache/recipe/2015/09/01/e625438f44f6510f9464c42a996056b21.jpg",
		"https://recipe1.ezmember.co.kr/cache/recipe/2015/09/01/3d7f3464bf6e3d7302449f8cb99462b31.jpg",
		"https://recipe1.ezmember.co.kr/cache/recipe/2015/09/01/7ac150f3db359ca4a96efec72a9418601.jpg",
		"https://recipe1.ezmember.co.kr/cache/recipe/2015/09/01/c3438be0690835b7be6b70b64c906d161.jpg"
	]
}