{
	"id": "2001138",
	"name": "꼬들한 오이지김밥",
	"thumbnail": "https://recipe1.ezmember.co.kr/cache/recipe/2015/06/08/272b75e46deeb46b4013c2e584069aa2.jpg",
	"url": "https://www.10000recipe.com/recipe/2001138",
	"ingredient_ids": [
		496,
		1010,
		379,
		660,
		226
	],
	"time": "60",
	"ingre_list": [
		{
			"ingre_name": "김밥햄",
			"ingre_count": "",
			"ingre_unit": ""
		},
		{
			"ingre_name": "단무지",
			"ingre_count": "",
			"ingre_unit": ""
		},
		{
			"ingre_name": "계란",
			"ingre_count": "",
			"ingre_unit": ""
		},
		{
			"ingre_name": "오이지",
			"ingre_count": "",
			"ingre_unit": ""
		},
		{
			"ingre_name": "간장",
			"ingre_count": "",
			"ingre_unit": ""
		},
		{
			"ingre_name": "참기름",
			"ingre_count": "",
			"ingre_unit": ""
		},
		{
			"ingre_name": "참깨",
			"ingre_count": "",
			"ingre_unit": ""
		},
		{
			"ingre_name": "설탕",
			"ingre_count": "",
			"ingre_unit": ""
		}
	],
	"recipe": [
		"1. 김밥햄을 볶아주세요.",
		"2. 옵션으로 계란 두 개 풀어서 지글지글 부쳐주세요.",
		"3. 속안에 물렁한 것 빼고 길죽하게 썬 오이지를 면헹주에 싸서 한약 달인 후 약 보자기에 내리는 것 마냥 꾹꾹 짜내세요.",
		"4. 김밥에 들어갈 오이지는 간장양념해서 심심하게 무쳐냅니다. 일반 간장 아주 조금, 참기름, 참깨, 설탕을 넣고 조물조물 무쳐주세요.",
		"5. 찬밥에 참기름, 소금 약간, 참깨 넣어서 잘 섞은 후",
		"6. 밥 깔고, 재료 뉘어서 돌돌 말아주세요.",
		"7. 적당한 크기로 썰어서 그릇에 담아주시면됩니다."
	],
	"recipe_img": [
		"https://recipe1.ezmember.co.kr/cache/recipe/2015/09/01/0639dbc62f67a6b47a9abc01542924811.jpg",
		"https://recipe1.ezmember.co.kr/cache/recipe/2015/09/01/7e6919b92802519c6aa3039fe7203a1c1.jpg",
		"https://recipe1.ezmember.co.kr/cache/recipe/2015/09/01/679681a3f87cf83f38d98cca02ffba901.jpg",
		"https://recipe1.ezmember.co.kr/cache/recipe/2015/09/01/7310090d523eab57fa04bc2231ca5c9a1.jpg",
		"https://recipe1.ezmember.co.kr/cache/recipe/2015/09/01/7df17f4e340c72ced237e1a9b83a2eaf1.jpg",
		"https://recipe1.ezmember.co.kr/cache/recipe/2015/09/01/26d6ff3cda0a7e6b605503576086e7231.jpg",
		"https://recipe1.ezmember.co.kr/cache/recipe/2015/09/01/c7efa231adb63b74807ef1a5a666f1721.jpg"
	]
}