{
	"id": "2004594",
	"name": "입맛 살리는 특별음식 쇠고기마파두부",
	"thumbnail": "https://recipe1.ezmember.co.kr/cache/recipe/2015/07/27/2a872b993209e5ac7c90ac8f22506533.jpg",
	"url": "https://www.10000recipe.com/recipe/2004594",
	"ingredient_ids": [
		323,
		9,
		3,
		27,
		295,
		846,
		233,
		497,
		225,
		455,
		995,
		504,
		233,
		489,
		477,
		379,
		292,
		660,
		350,
		226
	],
	"time": "30",
	"ingre_list": [
		{
			"ingre_name": "쇠고기다진것",
			"ingre_count": "100",
			"ingre_unit": "g"
		},
		{
			"ingre_name": "두부",
			"ingre_count": "1/2",
			"ingre_unit": "모"
		},
		{
			"ingre_name": "당근",
			"ingre_count": "",
			"ingre_unit": ""
		},
		{
			"ingre_name": "양파",
			"ingre_count": "",
			"ingre_unit": ""
		},
		{
			"ingre_name": "대파",
			"ingre_count": "",
			"ingre_unit": ""
		},
		{
			"ingre_name": "청양고추",
			"ingre_count": "",
			"ingre_unit": ""
		},
		{
			"ingre_name": "물이나육수",
			"ingre_count": "1",
			"ingre_unit": "컵"
		},
		{
			"ingre_name": "청주",
			"ingre_count": "1",
			"ingre_unit": "큰술"
		},
		{
			"ingre_name": "다진마늘",
			"ingre_count": "0.",
			"ingre_unit": ".큰술"
		},
		{
			"ingre_name": "소금",
			"ingre_count": "",
			"ingre_unit": "약간"
		},
		{
			"ingre_name": "후춧가루",
			"ingre_count": "",
			"ingre_unit": "약간"
		},
		{
			"ingre_name": "생강가루",
			"ingre_count": "",
			"ingre_unit": "약간"
		},
		{
			"ingre_name": "녹말가루",
			"ingre_count": "0.",
			"ingre_unit": ".큰술"
		},
		{
			"ingre_name": "물",
			"ingre_count": "2",
			"ingre_unit": "큰술"
		},
		{
			"ingre_name": "식용유",
			"ingre_count": "2",
			"ingre_unit": "큰술"
		},
		{
			"ingre_name": "다진마늘",
			"ingre_count": "0.",
			"ingre_unit": ".큰술"
		},
		{
			"ingre_name": "두반장",
			"ingre_count": "1",
			"ingre_unit": "큰술"
		},
		{
			"ingre_name": "굴소스",
			"ingre_count": "1",
			"ingre_unit": "큰술"
		},
		{
			"ingre_name": "간장",
			"ingre_count": "1",
			"ingre_unit": "큰술"
		},
		{
			"ingre_name": "맛술",
			"ingre_count": "2",
			"ingre_unit": "큰술"
		},
		{
			"ingre_name": "참기름",
			"ingre_count": "1",
			"ingre_unit": "큰술"
		},
		{
			"ingre_name": "깨소금",
			"ingre_count": "",
			"ingre_unit": "약간"
		},
		{
			"ingre_name": "설탕",
			"ingre_count": "1",
			"ingre_unit": "큰술"
		}
	],
	"recipe": [
		"1. 쇠고기는 다진 것으로 준비해 쇠고기밑간 재료를 넣고 양념합니다.",
		"2. 두부는 작은 주사위 모양으로 깍둑썰기를 해서 끓는 소금물에 살짝 데쳐 줍니다.",
		"3. 당근, 양파, 청양고추, 대파는 잘게 다져 준비합니다.",
		"4. 달군팬에 식용유를 두르고 다진마늘을 넣고 볶습니다.",
		"5. 밑간을 한 쇠고기를 넣고 달달 볶습니다.",
		"6. 이어서 잘게 다져 놓은 야채들을 넣고 볶아줍니다.",
		"7. 분량의 양념재료를 넣고 볶아줍니다.",
		"8. 물이나 육수를 붓고 미리 데쳐낸 두부를 함께 넣어 바글바글 끓이다가 물 녹말을 조금씩 부어가면서 농도를 맞춰줍니다.",
		"9. 마지막으로 참기름, 깨소금을 둘러 향을 내줍니다. 맛을 보아서 나머지 간은 소금, 후춧가루로 하세요."
	],
	"recipe_img": [
		"https://recipe1.ezmember.co.kr/cache/recipe/2015/07/28/5ba2883ad7479cddd5504da12b06d0a61.jpg",
		"https://recipe1.ezmember.co.kr/cache/recipe/2015/07/28/189e2194e67812562400e5784eb7121d1.jpg",
		"https://recipe1.ezmember.co.kr/cache/recipe/2015/07/28/5e77417b5db2fbbfbbe52496590464511.jpg",
		"https://recipe1.ezmember.co.kr/cache/recipe/2015/07/28/3fb1950ca25e3a4b2fe99757c166858d1.jpg",
		"https://recipe1.ezmember.co.kr/cache/recipe/2015/07/28/7bde2698b41984319e16f991090ac61f1.jpg",
		"https://recipe1.ezmember.co.kr/cache/recipe/2015/07/28/c9209f2bef4f1b5f7513c47ab6e1bfc11.jpg",
		"https://recipe1.ezmember.co.kr/cache/recipe/2015/07/28/f0212835d2b25de1efdfbfe2d19569c51.jpg",
		"https://recipe1.ezmember.co.kr/cache/recipe/2015/07/28/4a63917866360a538ac1ac8abad161841.jpg",
		"https://recipe1.ezmember.co.kr/cache/recipe/2015/07/28/da63226a57c765c666807331367f1ec21.jpg"
	]
}