{
	"id": "2006625",
	"name": "집에서도 손쉽게 해먹을수 있는 아구찜",
	"thumbnail": "https://recipe1.ezmember.co.kr/cache/recipe/2015/08/05/c420ab300ca7f4e0cf033c1b8b716ec0.jpg",
	"url": "https://www.10000recipe.com/recipe/2006625",
	"ingredient_ids": [
		449,
		47,
		27,
		34,
		3,
		473,
		224,
		477,
		379,
		343,
		233,
		575,
		457,
		667,
		497
	],
	"time": "60",
	"ingre_list": [
		{
			"ingre_name": "아구",
			"ingre_count": "1",
			"ingre_unit": "팩"
		},
		{
			"ingre_name": "콩나물",
			"ingre_count": "1/2",
			"ingre_unit": "봉지"
		},
		{
			"ingre_name": "대파",
			"ingre_count": "1",
			"ingre_unit": "단"
		},
		{
			"ingre_name": "고추",
			"ingre_count": "4",
			"ingre_unit": "개"
		},
		{
			"ingre_name": "양파",
			"ingre_count": "1",
			"ingre_unit": "개"
		},
		{
			"ingre_name": "멸치육수(or물)",
			"ingre_count": "5",
			"ingre_unit": "컵"
		},
		{
			"ingre_name": "고추장",
			"ingre_count": "1",
			"ingre_unit": "스푼"
		},
		{
			"ingre_name": "고춧가루",
			"ingre_count": "3",
			"ingre_unit": "스푼"
		},
		{
			"ingre_name": "굴소스",
			"ingre_count": "1",
			"ingre_unit": "스푼"
		},
		{
			"ingre_name": "간장",
			"ingre_count": "3",
			"ingre_unit": "스푼"
		},
		{
			"ingre_name": "미림",
			"ingre_count": "2",
			"ingre_unit": "스푼"
		},
		{
			"ingre_name": "다진마늘",
			"ingre_count": "1",
			"ingre_unit": "스푼"
		},
		{
			"ingre_name": "올리고당",
			"ingre_count": "1",
			"ingre_unit": "스푼"
		},
		{
			"ingre_name": "다진생강",
			"ingre_count": "1/2",
			"ingre_unit": "스푼"
		},
		{
			"ingre_name": "찹쌀가루",
			"ingre_count": "2",
			"ingre_unit": "스푼"
		},
		{
			"ingre_name": "소금",
			"ingre_count": "1/2",
			"ingre_unit": "스푼"
		}
	],
	"recipe": [
		"1. 손질한 아구를 한번 삶아주세요. 거픔이 뽀글뽀글 올라올때까지 삶아줍니다.",
		"2. 쌀뜨물에 멸치랑 다시마를 넣어서 멸치 육수를 내어줍니다.(전 뒤포리도 두어마리 넣었네요)",
		"3. 먹기좋게 썰어줍니당.",
		"4. 콩나물 머리는 떼어내고 고추와 양파, 대파도 먹기좋게 썰어주세요.",
		"5. 양념장을 만들어둡니다.",
		"6. 콩나물과 양파, 고추를 넣고 삶아둔 아구를 넣고 육수를 부어주세요.",
		"7. 양념장을 반으로 나눠 먼저넣고 골고루 스미드록 잘 저어준다음 한소끔 끓이듯 찌세요.",
		"8. 뚜껑덮고 요래요래 한소끔 끓입니당.",
		"9. 끓기시작하면 나머지 양념장과 파도 넣고 찹쌀가루를 넣어가며 눌러붙지 않도록 저어줍니다. 중간중간 간을 보면서 셀불에 확 졸이면 되는데, 이때 싱거우시면 간은 소금간으로 하시면 되요~",
		"10. 그릇에 담아내시고 통깨로 마무리를 해주면 끝~~"
	],
	"recipe_img": [
		"https://recipe1.ezmember.co.kr/cache/recipe/2015/08/10/14cfe09dcf748ceb2785196d2e75e9471.jpg",
		"https://recipe1.ezmember.co.kr/cache/recipe/2015/08/10/119126abc658ac0162767f8f7694a80c1.jpg",
		"https://recipe1.ezmember.co.kr/cache/recipe/2015/08/10/7bb7fdc025431cfe3f81f769833ed8791.jpg",
		"https://recipe1.ezmember.co.kr/cache/recipe/2015/08/10/db2943ac59bf96ecaa452dc7e53531411.jpg",
		"https://recipe1.ezmember.co.kr/cache/recipe/2015/08/10/567e374a27aa2ecd585979c3f88617801.jpg",
		"https://recipe1.ezmember.co.kr/cache/recipe/2015/08/10/be094fc78b5c4660494c3c4349b810f01.jpg",
		"https://recipe1.ezmember.co.kr/cache/recipe/2015/08/10/396feb0f39ed94a1576398d7ed6af8721.jpg",
		"https://recipe1.ezmember.co.kr/cache/recipe/2015/08/10/e1810f4631964246c24b27ce6dbe650e1.jpg",
		"https://recipe1.ezmember.co.kr/cache/recipe/2015/08/10/673156b7f33c93ec2420c6925025fe341.jpg",
		"https://recipe1.ezmember.co.kr/cache/recipe/2015/08/10/ee4f0f7fd6c8091a4bf346c85a4e5af91.jpg"
	]
}