{
	"id": "2010959",
	"name": "감자조림",
	"thumbnail": "https://recipe1.ezmember.co.kr/cache/recipe/2015/07/29/e81a93026c1535d46ba3e74e51d55291.jpg",
	"url": "https://www.10000recipe.com/recipe/2010959",
	"ingredient_ids": [
		473,
		224,
		233,
		996,
		341,
		660,
		226
	],
	"time": "30",
	"ingre_list": [
		{
			"ingre_name": "고추장",
			"ingre_count": "1",
			"ingre_unit": "큰술"
		},
		{
			"ingre_name": "고춧가루",
			"ingre_count": "2",
			"ingre_unit": "큰술"
		},
		{
			"ingre_name": "조림간장",
			"ingre_count": "3",
			"ingre_unit": "큰술"
		},
		{
			"ingre_name": "다진마늘",
			"ingre_count": "1",
			"ingre_unit": "큰술"
		},
		{
			"ingre_name": "멸치가루",
			"ingre_count": "0.",
			"ingre_unit": ".큰술"
		},
		{
			"ingre_name": "물엿",
			"ingre_count": "3",
			"ingre_unit": "큰술"
		},
		{
			"ingre_name": "참기름",
			"ingre_count": "",
			"ingre_unit": "적당량"
		},
		{
			"ingre_name": "설탕",
			"ingre_count": "1",
			"ingre_unit": "큰술"
		}
	],
	"recipe": [
		"1. 깍둑썬 감자는 물에 담궈 전분기를 빼고 끓는물에 넣어 반정도 익혀 자작할 정도의 물만 남기고 버립니다.",
		"2. 고추장 1큰술, 고추가루 2큰술, 조림간장 3큰술, 다진마늘 1큰술, 멸치가루 0.5큰술 설탕 1큰술, 물엿 3큰술 그리고 양파 한줌을 넣어줍니다.",
		"3. 감자속까지 양념이 베일정도로 뚜껑을 열어 졸이면 불을 끄고 참기름 약간 넣어줍니다."
	],
	"recipe_img": [
		"https://recipe1.ezmember.co.kr/cache/recipe/2015/07/29/ea114d95a4516d26c59ed4b3e36c4b461.jpg",
		"https://recipe1.ezmember.co.kr/cache/recipe/2015/07/29/1b16c947a6d66365ba3b15a4aeaf665c1.jpg",
		"https://recipe1.ezmember.co.kr/cache/recipe/2015/07/29/3c602cbfc8d56285ce06dbe3e81064631.jpg"
	]
}