{
	"id": "2023237",
	"name": "고소한 시골반찬 들깨죽순나물",
	"thumbnail": "https://recipe1.ezmember.co.kr/cache/recipe/2015/08/12/cfb304dd59b02961988d1dd63fc90137.jpg",
	"url": "https://www.10000recipe.com/recipe/2023237",
	"ingredient_ids": [
		39,
		432,
		233,
		337,
		660,
		543,
		497
	],
	"time": "30",
	"ingre_list": [
		{
			"ingre_name": "죽순",
			"ingre_count": "1",
			"ingre_unit": "줌"
		},
		{
			"ingre_name": "포도씨유",
			"ingre_count": "1",
			"ingre_unit": "큰술"
		},
		{
			"ingre_name": "다진마늘",
			"ingre_count": "1",
			"ingre_unit": "큰술"
		},
		{
			"ingre_name": "들깨가루",
			"ingre_count": "2",
			"ingre_unit": "큰술"
		},
		{
			"ingre_name": "참기름",
			"ingre_count": "1",
			"ingre_unit": "큰술"
		},
		{
			"ingre_name": "통깨",
			"ingre_count": "1",
			"ingre_unit": "큰술"
		},
		{
			"ingre_name": "소금",
			"ingre_count": "",
			"ingre_unit": "약간"
		}
	],
	"recipe": [
		"1. 끓는물에 죽순을 넣고 데친 다음, 적당한 크기로 잘라서 준비하세요.",
		"2. 팬에 포도씨유를 넣고 다진마늘을 살짝 익혀서 향을 내주고",
		"3. 죽순을 넣고 뒤적이면서 볶아주세요.",
		"4. 들깨가루 2큰술을 넣고 참기름,통깨,소금을 넣어 잘 섞어주세요."
	],
	"recipe_img": [
		"https://recipe1.ezmember.co.kr/cache/recipe/2015/08/12/7eae5febb8817faeb6481aedcb42cd7e1.jpg",
		"https://recipe1.ezmember.co.kr/cache/recipe/2015/08/12/f70443d4e734a1b873dc546385ca55dd1.jpg",
		"https://recipe1.ezmember.co.kr/cache/recipe/2015/08/12/00f5791a9935a35b69d280ac6b2b6f171.jpg",
		"https://recipe1.ezmember.co.kr/cache/recipe/2015/08/12/ecc5a08135a476dd40e796ce38905e751.jpg"
	]
}