{
	"id": "2026164",
	"name": "콩나물 근대국",
	"thumbnail": "https://recipe1.ezmember.co.kr/cache/recipe/2015/08/10/1bdf5f83745b6a2ad3ae818eb1d657ed.jpg",
	"url": "https://www.10000recipe.com/recipe/2026164",
	"ingredient_ids": [
		12,
		5,
		29,
		848,
		320,
		90
	],
	"time": "15",
	"ingre_list": [
		{
			"ingre_name": "근대",
			"ingre_count": "30",
			"ingre_unit": "g"
		},
		{
			"ingre_name": "감자",
			"ingre_count": "50",
			"ingre_unit": "g"
		},
		{
			"ingre_name": "마늘",
			"ingre_count": "1",
			"ingre_unit": "작은술"
		},
		{
			"ingre_name": "된장",
			"ingre_count": "1",
			"ingre_unit": "큰술"
		},
		{
			"ingre_name": "멸치",
			"ingre_count": "20",
			"ingre_unit": "g"
		},
		{
			"ingre_name": "다시마",
			"ingre_count": "3",
			"ingre_unit": "장"
		}
	],
	"recipe": [
		"1. 근대 30g을 준비하여 적당껏 썰어주시고, 감자는50g을 준비하여 편깍둑썰기 모양으로 썰어서 전분기를 빼주었어요",
		"2. 뚝배기에 물 3컵에 멸치 20g과 다시마 3장(5x5)을 넣어서 먼저 육수를 내어주고 된장 1큰술을 넣어준 후 뜨는 거품을 걷어주세요",
		"3. 썰어놓은 근대를 넣고 숨이 죽으면 마늘 1작은술 정도 넣어서 한소끔 끓여내면 완성"
	],
	"recipe_img": [
		"https://recipe1.ezmember.co.kr/cache/recipe/2015/08/18/331cc8c59a07c6950cafc35536f92d8f1.jpg",
		"https://recipe1.ezmember.co.kr/cache/recipe/2015/08/18/19ca6b59ce58242d9a489568ff2f906b1.jpg",
		"https://recipe1.ezmember.co.kr/cache/recipe/2015/08/18/87a3483aee7c9a5aeb2021beb7a065451.jpg"
	]
}