{
	"id": "221097",
	"name": "참치 삼각김밥 삼총사",
	"thumbnail": "https://recipe1.ezmember.co.kr/cache/recipe/2015/05/18/23b248871e4ed153518b1b236351fd66.jpg",
	"url": "https://www.10000recipe.com/recipe/221097",
	"ingredient_ids": [],
	"time": "30",
	"ingre_list": [
		{
			"ingre_name": "밥",
			"ingre_count": "2",
			"ingre_unit": "공기"
		},
		{
			"ingre_name": "참치캔큰거",
			"ingre_count": "1",
			"ingre_unit": "개"
		}
	],
	"recipe": [
		"1. 참치 1캔을 3등분해서 기름을 뺀 뒤 각각 그릇에 담은 뒤  [참치마요] 참치1/3캔, 마요네즈1T, 곱게 다진 양파1/6개를 잘 섞어주세요.양파대신 피클을 넣으셔도 되구요~ 맛살을 곱게 다져서 넣어주셔도 되요~ [참치김치] 참치1/3캔, 다진김치1/8 포기김치는 적당량 준비하시면 되요~그 다음 후라이팬에 참기름1t를 넣으신 다음에 다진 김치를 넣고 볶으시면 되요~이때 김치국물을 넣어서 간을 적절하게 맞춰주세요~ [참치고추장] 참치1/3캔, 고추장1T, 다진마늘1/2t 후라이팬에 식용유를 살짝 두른뒤 참치를 볶다가 다진마늘을 넣고 고추장을 넣어서 볶아주세요.고추장이 워낙 질어서 잘 안 볶아지거든요~그냥 살짝살짝 볶는다는 생각으로 볶아주세요~",
		"2. 자 위의 레시피대로 하시면 요렇게 삼각김밥 속 재료가 완성됩니다~첫번째는 참치마요, 두번째는 참치고추장, 세번째는 참치김치 입니다~",
		"3. 고슬고슬 지어진 밥에 참기름1T와 맛소금1t 를 넣고 잘 섞어주세요~",
		"4. 삼각김밥 틀에 밥 1주걱을 넣은다음 숟가락을 이용해서 꼼꼼히 채워주세요~",
		"5. 그 다음 요렇게 속재료를 가운데로 해서 도톰하게 넣어주세요~그 위에 다시 밥 1주걱을 넣고 틀을 꾹- 눌러주세요~",
		"6. 그 다음 틀을 빼면 이렇게 이쁜 삼각형의 주먹밥이 완성됩니다~",
		"7. 참치속재료 삼총사를 넣은 삼각김밥 삼총사가 완성됐어요~하지만 이렇게 하면 밋밋하죠~김밥용 김을 삼각김밥 크기에 맞게 잘라주셔서 이쁘게 감싸주시면 완성~"
	],
	"recipe_img": [
		"https://recipe1.ezmember.co.kr/cache/recipe/2015/05/18/6cd4533ab22ab9d70a42030e069481ed1.jpg",
		"https://recipe1.ezmember.co.kr/cache/recipe/2015/05/18/7fb9aa950bdeeaaeddcf83cf41cd9b7e1.jpg",
		"https://recipe1.ezmember.co.kr/cache/recipe/2015/05/18/1fd2c7d7d6027760b1020775d5c473581.jpg",
		"https://recipe1.ezmember.co.kr/cache/recipe/2015/05/18/93b1a4a4e2bd68f33b16115f69d5935c1.jpg",
		"https://recipe1.ezmember.co.kr/cache/recipe/2015/05/18/6b2c6ba80f8927b2c2c817329239bc1f1.jpg",
		"https://recipe1.ezmember.co.kr/cache/recipe/2015/05/18/98ff0f8e136dc03c2e06d020e40ff72f1.jpg",
		"https://recipe1.ezmember.co.kr/cache/recipe/2015/05/18/e11cb581d993f7a231e082988be29ffb1.jpg"
	]
}