{
	"id": "2300818",
	"name": "향긋한 인도커리 만들기",
	"thumbnail": "https://recipe1.ezmember.co.kr/cache/recipe/2015/06/08/bc538ab8f04cedfe7b71206f9312b0e5.jpg",
	"url": "https://www.10000recipe.com/recipe/2300818",
	"ingredient_ids": [
		3,
		126,
		574,
		995
	],
	"time": "30",
	"ingre_list": [
		{
			"ingre_name": "양파",
			"ingre_count": "1",
			"ingre_unit": "개"
		},
		{
			"ingre_name": "닭고기",
			"ingre_count": "450",
			"ingre_unit": "g"
		},
		{
			"ingre_name": "플레인요구르트또는코코넛크림",
			"ingre_count": "2",
			"ingre_unit": "큰술"
		},
		{
			"ingre_name": "올리브유",
			"ingre_count": "",
			"ingre_unit": "조금"
		},
		{
			"ingre_name": "물",
			"ingre_count": "220",
			"ingre_unit": "ml"
		},
		{
			"ingre_name": "KormaCurry1팩(50g)",
			"ingre_count": "1팩(50g)",
			"ingre_unit": "팩(g)"
		}
	],
	"recipe": [
		"1. 닭안심 부위를 먹기 좋은 크기로 썰어서 준비해 주심 됩니다.",
		"2. 올리브유 두른 팬에, 중불에서 양파를 먼저 넣고 달달 볶아 주세요.",
		"3. 코르마커리를 넣어주시고 함꼐 2분정도 볶아 줍니다.",
		"4. 썰어둔 닭고기를 넣고 이렇게 잘 섞어 3분정도 볶아 주세요.",
		"5. 물 220ml를 넣고 끓여 줍니다.",
		"6. 팔팔 끓은 후에 불을 줄여서 15분가량 끓여 주세요. 그런 후에 코코넛 크림 또는 플레인요구르트를 넣어서 섞어 주세요."
	],
	"recipe_img": [
		"https://recipe1.ezmember.co.kr/cache/recipe/2015/07/28/25a717faf74449cef66760fad55903351.jpg",
		"https://recipe1.ezmember.co.kr/cache/recipe/2015/07/28/6ae7de0299ad833c07e2fb917d1ccee41.jpg",
		"https://recipe1.ezmember.co.kr/cache/recipe/2015/07/28/5ccda0f4e67e8b6fa60b7cf80fdbf6b91.jpg",
		"https://recipe1.ezmember.co.kr/cache/recipe/2015/07/28/2ec673b1739b4b1c2c9d90b62cb475fe1.jpg",
		"https://recipe1.ezmember.co.kr/cache/recipe/2015/07/28/27e5d80379093f33e241f9fd6477eb681.jpg",
		"https://recipe1.ezmember.co.kr/cache/recipe/2015/07/28/0b4c59ed6f57305da3e8a6008af90f3f1.jpg"
	]
}