{
	"id": "2301646",
	"name": "전자렌지 계란찜",
	"thumbnail": "https://recipe1.ezmember.co.kr/cache/recipe/2015/06/08/777734b5eddf15e2cb3795c90bfab5ed.jpg",
	"url": "https://www.10000recipe.com/recipe/2301646",
	"ingredient_ids": [
		995,
		390
	],
	"time": "10",
	"ingre_list": [
		{
			"ingre_name": "계란",
			"ingre_count": "2",
			"ingre_unit": "개"
		},
		{
			"ingre_name": "물",
			"ingre_count": "1",
			"ingre_unit": "컵"
		},
		{
			"ingre_name": "다진파",
			"ingre_count": "1",
			"ingre_unit": "큰술"
		},
		{
			"ingre_name": "다진당근",
			"ingre_count": "1",
			"ingre_unit": "큰술"
		},
		{
			"ingre_name": "새우젓",
			"ingre_count": "0.",
			"ingre_unit": ".큰술"
		}
	],
	"recipe": [
		"1. 넘치지 않게 좀 넓은 전자렌지에 사용가능한 그릇에 계란 2개랑 물 1컵, 새우젓 0.5 큰술, 다진파, 다진당근 1 큰술씩 넣어 잘 저어줍니다. 당근대신 다진맛살이나 다진햄 넣어도 괜찮겠지요. 그리고 저처럼 접시로 뚜껑을 덥거나 뚜껑있는 용기면 뚜껑 닫아주고 아님 랩이라도 씌워 3분 돌려줍니다. 3분뒤 상태 확인하고 다시 2분더 돌려주면 끝~! 계란양이나 물양에 따라 시간이 좀 틀리니 3분뒤 살짝 저어보고 다시 2분더 돌려주세요. 총 5분입니다.전자레인지",
		"2. 꺼내어 숟가락으로 눌러보아 맑은물이 나오면 다 익은거랍니다.",
		"3. 완성된 모습입니다."
	],
	"recipe_img": [
		"https://recipe1.ezmember.co.kr/cache/recipe/2015/08/19/21798d170a32cd2321d40e6c3787c7881.jpg",
		"https://recipe1.ezmember.co.kr/cache/recipe/2015/08/19/201e201f643a461d8c46efb48ef4f7ef1.jpg",
		"https://recipe1.ezmember.co.kr/cache/recipe/2015/08/19/75ebd99cf6be6f48501c5c639bb45c2d1.jpg"
	]
}