{
	"id": "2304765",
	"name": "들깨소스 머쉬마루 버섯 무침",
	"thumbnail": "https://recipe1.ezmember.co.kr/cache/recipe/2015/09/01/0e890e71a2dee71f4a22c6baced9bcff.jpg",
	"url": "https://www.10000recipe.com/recipe/2304765",
	"ingredient_ids": [
		337,
		250,
		575,
		497
	],
	"time": "15",
	"ingre_list": [
		{
			"ingre_name": "머쉬마루버섯",
			"ingre_count": "1",
			"ingre_unit": "팩"
		},
		{
			"ingre_name": "들깨가루",
			"ingre_count": "2",
			"ingre_unit": "스푼"
		},
		{
			"ingre_name": "레몬즙",
			"ingre_count": "",
			"ingre_unit": "약간"
		},
		{
			"ingre_name": "올리고당",
			"ingre_count": "1/2",
			"ingre_unit": "스푼"
		},
		{
			"ingre_name": "소금",
			"ingre_count": "",
			"ingre_unit": "약간"
		}
	],
	"recipe": [
		"1. 머쉬마루 버섯은 적당한크기로 찢어서 준비하구요. 끓는물에 살짝 데쳐 물기를 빼 줍니다.",
		"2. 분량의 들깨가루와 레몬즙, 올리고당, 소금을 넣고 골고루 섞어 놓은 다음 데친 버섯을 넣고 골고루 버무려줍니다.",
		"3. 이렇게만 하면 완성이예요."
	],
	"recipe_img": [
		"https://recipe1.ezmember.co.kr/cache/recipe/2015/09/01/cb2d1f31bcbff8676e594fff144526921.jpg",
		"https://recipe1.ezmember.co.kr/cache/recipe/2015/09/01/144b0bbdcce32c4186bc3332b4ef83a51.jpg",
		"https://recipe1.ezmember.co.kr/cache/recipe/2015/09/01/fd924fe70de215fa1aaf397be7d119711.jpg"
	]
}