{
	"id": "2307849",
	"name": "고소한 콩비지등뼈탕",
	"thumbnail": "https://recipe1.ezmember.co.kr/cache/recipe/2015/07/28/0e410889eb9f0a4de9b2dafb7d7211cd.jpg",
	"url": "https://www.10000recipe.com/recipe/2307849",
	"ingredient_ids": [
		846,
		953,
		327,
		29,
		27,
		651,
		292,
		665,
		497
	],
	"time": "120",
	"ingre_list": [
		{
			"ingre_name": "돼지등뼈",
			"ingre_count": "1.",
			"ingre_unit": ".kg"
		},
		{
			"ingre_name": "청주",
			"ingre_count": "1/2",
			"ingre_unit": "컵"
		},
		{
			"ingre_name": "샐러리잎이나대",
			"ingre_count": "1",
			"ingre_unit": "개"
		},
		{
			"ingre_name": "김치",
			"ingre_count": "2",
			"ingre_unit": "포기"
		},
		{
			"ingre_name": "들기름",
			"ingre_count": "3",
			"ingre_unit": "큰술"
		},
		{
			"ingre_name": "멸치다시마육수",
			"ingre_count": "3",
			"ingre_unit": "L"
		},
		{
			"ingre_name": "마늘",
			"ingre_count": "1",
			"ingre_unit": "통"
		},
		{
			"ingre_name": "대파",
			"ingre_count": "2",
			"ingre_unit": "대"
		},
		{
			"ingre_name": "콩비지",
			"ingre_count": "",
			"ingre_unit": "적당량"
		},
		{
			"ingre_name": "맛술",
			"ingre_count": "1/2",
			"ingre_unit": "컵"
		},
		{
			"ingre_name": "고추가루",
			"ingre_count": "1/2",
			"ingre_unit": "컵"
		},
		{
			"ingre_name": "참치액",
			"ingre_count": "1/2",
			"ingre_unit": "컵"
		},
		{
			"ingre_name": "소금",
			"ingre_count": "",
			"ingre_unit": "약간"
		},
		{
			"ingre_name": "후추",
			"ingre_count": "",
			"ingre_unit": "약간"
		},
		{
			"ingre_name": "파뿌리가루()",
			"ingre_count": "()",
			"ingre_unit": "(선택)"
		}
	],
	"recipe": [
		"1. 사온 등뼈는 찬물에 담가 핏물을 빼줍니다, 고인물이 아니고 흐르는 물에 담가야 깨끗하게 핏물을 제거할수 있어요. 넉넉한 그릇에 담고 수돗물을 약간 틀어 놓았습니다,",
		"2. 물 넉넉하게 잡아 팔팔팔 끓을때 핏물뺀 등뼈를 넣고 청주와 샐러리를 넣어 팔팔 끓여 줍니다. 샐러리 없으면 대파나 생강, 또는 된장도 좋구요. 소주를 넣어도 좋아요.끓기 시작하고 3~5분정도 더 끓여 준다음 꺼내어 찬물로 깨끗하게 헹구어 주세요.",
		"3. 넉넉한 팬에 들기름 데쳐낸 등뼈과 김치를 넣어 주세요. 김치는 포기때 넣어야 맛있다는거 기억하시구요.",
		"4. 잠깐 볶아주다가 준비해둔 육수를 부어 줍니다. 뼈가 잠길정도로 넣어 주셔야 해요. 이때 비법양념 파뿌리 가루를 더해줍니다. 파의 뿌리만 떼어 깨끗하게 씻어 말렸다가 마른팬에 살살 볶아준뒤 믹서에 갈아 준비해둔겁니다, 뭐 요건 넣어도 안넣어도 상관없어요.",
		"5. 파뿌리가루 넣고, 혹시 다른 천연 조미료 가지고 계시면 좀 넣어 주셔도 좋아요. 끓기시작하고 1시간 정도 푹푹 고아 국물이 자작할때까지 끓여 주세요. 중간에 대파도 숭숭 썰어 넣어 줍니다. 마늘과 다른 양념 모두 넣어 주세요.",
		"6. 다시 바글 바글 끓기 시작하면 비지를 부어 주세요.",
		"7. 눈온것처럼 뽀얀 비지가 등뼈탕과 같이 끓기만 하면 됩니다,"
	],
	"recipe_img": [
		"https://recipe1.ezmember.co.kr/cache/recipe/2015/07/29/78b0241ea95ac03065fd529bfa0163d11.jpg",
		"https://recipe1.ezmember.co.kr/cache/recipe/2015/07/29/a03a9fbff034fb3ebe2eae4e44acf07a1.jpg",
		"https://recipe1.ezmember.co.kr/cache/recipe/2015/07/29/20dbc0d28b940272f8233f2340dcd1f91.jpg",
		"https://recipe1.ezmember.co.kr/cache/recipe/2015/07/29/83a3321d2dde5f04ae91d8af2e5c2a3f1.jpg",
		"https://recipe1.ezmember.co.kr/cache/recipe/2015/07/29/b93dfe84813ff39cd043987869168a021.jpg",
		"https://recipe1.ezmember.co.kr/cache/recipe/2015/07/29/5f2099aebe2d8dee40dae69ead2330821.jpg",
		"https://recipe1.ezmember.co.kr/cache/recipe/2015/07/29/036b639c62c6018d5750b0b75921ea791.jpg"
	]
}