{
	"id": "2307966",
	"name": "토마토 소스 스파게티 정말 맛있게 만들기~",
	"thumbnail": "https://recipe1.ezmember.co.kr/cache/recipe/2015/06/08/220456c35dd7984a39393dd0e471e751.jpg",
	"url": "https://www.10000recipe.com/recipe/2307966",
	"ingredient_ids": [
		198,
		3,
		233,
		608,
		246
	],
	"time": "30",
	"ingre_list": [
		{
			"ingre_name": "버터",
			"ingre_count": "1",
			"ingre_unit": "T"
		},
		{
			"ingre_name": "올리브오일",
			"ingre_count": "1",
			"ingre_unit": "T"
		},
		{
			"ingre_name": "양파",
			"ingre_count": "1/2",
			"ingre_unit": "개"
		},
		{
			"ingre_name": "다진마늘",
			"ingre_count": "1",
			"ingre_unit": "T"
		},
		{
			"ingre_name": "다진당근",
			"ingre_count": "1/3",
			"ingre_unit": "개"
		},
		{
			"ingre_name": "다이스드토마토",
			"ingre_count": "1",
			"ingre_unit": "캔"
		},
		{
			"ingre_name": "월계수잎",
			"ingre_count": "2",
			"ingre_unit": "장"
		},
		{
			"ingre_name": "레드와인",
			"ingre_count": "1/2",
			"ingre_unit": "컵"
		},
		{
			"ingre_name": "케쳡",
			"ingre_count": "2",
			"ingre_unit": "T"
		},
		{
			"ingre_name": "우스터소스",
			"ingre_count": "1",
			"ingre_unit": "T"
		},
		{
			"ingre_name": "선드라이토마토",
			"ingre_count": "2",
			"ingre_unit": "개"
		}
	],
	"recipe": [
		"1. 팬에 버터 1T + 올리브 오일 1T를 두르고 다진 양파 큰거 반개분, 다진 마늘 1T 넣고 볶아 주세요. (2인분)",
		"2. 다진 당근 1/3개 정도 넣구요. 샐러리도 있으면 좋겠지만 마침 떨어 졌기에 생략했어요. 소금 후추 약간으로 밑간합니다.",
		"3. 다이스드 토마토 한캔 국물까지 모두 넣어 주세요.",
		"4. 월계수잎 2장 정도 넣고 센불로 바글 바글 한소끔 저어가면서 끓여 주세요.",
		"5. 프레쉬 바질이 있다면 더 좋지만 저처럼 없으면 그냥 마른 바질 가루, 파슬리 가루 약간씩 뿌려 주세요. (만일 프레쉬 허브를 사용하신다면 거의 마지막 부분에서 넣어 주시면 되요) 불을 약불로 줄이고 저어가면서 뭉근하게 끓입니다.",
		"6. 바질 페스토도 약간 넣구요.(생략 무방)",
		"7. 레드 와인도 1/2Cup 정도 넣었어요.",
		"8. 케첩 2T + 우스터 소스 (돈가스 소스 대체 무방) 1T 넣고 뭉근하게 저어가면서 끓여 주세요.",
		"9. 다른 쪽에 파스타를 삶습니다.",
		"10. 약불로 저어가면서 30~40분 정도 끓여 주셔야 하는데요. 중간에 부족한 수분은 파스타 삶은 물을 넣어 가면서 너무 자박하지 않을 정도로 맞추어 주시면 되요.",
		"11. 완성된 소스입니다~~ 월계수 잎 제거하시구요. 저 정도 걸쭉한 농도가 나오면 돼요. 마지막으로 파마산 치즈 갈아 넣어 마무리 했어요~~",
		"12. 봉투에 적힌 시간 보다 1~3분 적게 삶은 후 역시 파스타 삶은 국물 죠금씩 넣어 가면서 고르게 잘 버무려 주세요. 그래야 면에 소스가 골고루 배어 우리들 입맛에 잘 맞거든요~ 제가 사용한 모든 부재료가 꼭 있어야 하는건 절대 아니니까 대충 만드는 방법만 참조해 주세요. ^^"
	],
	"recipe_img": [
		"https://recipe1.ezmember.co.kr/cache/recipe/2017/07/18/9a2a543adc5f291babcc421c5aa59a471.jpg",
		"https://recipe1.ezmember.co.kr/cache/recipe/2017/07/18/04285c33dfd79307fc8eb3cf0260c54e1.jpg",
		"https://recipe1.ezmember.co.kr/cache/recipe/2017/07/18/fb83d0b804d0b9abe858f7f67137afe31.jpg",
		"https://recipe1.ezmember.co.kr/cache/recipe/2017/07/18/664bf27094a34ac19b506b841b2b32ba1.jpg",
		"https://recipe1.ezmember.co.kr/cache/recipe/2017/07/18/62c3db01fec5eebd5b7ef5fc06d79f1d1.jpg",
		"https://recipe1.ezmember.co.kr/cache/recipe/2017/07/18/9e9cafcc029fbe2a7d31e35fb7b2fba51.jpg",
		"https://recipe1.ezmember.co.kr/cache/recipe/2017/07/18/fcf09fb46be61bbeabc45acf57f434d21.jpg",
		"https://recipe1.ezmember.co.kr/cache/recipe/2017/07/18/dc028ca1594ecdb493534c9ba2693dcf1.jpg",
		"https://recipe1.ezmember.co.kr/cache/recipe/2017/07/18/7b27ff20d4a766624184fc72f828dd351.jpg",
		"https://recipe1.ezmember.co.kr/cache/recipe/2017/07/18/c0e69b68ee48b349bac7982d0a7a55291.jpg",
		"https://recipe1.ezmember.co.kr/cache/recipe/2017/07/18/115424804ec96ede3003ae36c7ce16fb1.jpg",
		"https://recipe1.ezmember.co.kr/cache/recipe/2017/07/18/a3d8edcf5682094313cb0b0b375964db1.jpg"
	]
}