{
	"id": "2310942",
	"name": "마늘쫑 고추장 무침",
	"thumbnail": "https://recipe1.ezmember.co.kr/cache/recipe/2015/06/08/b641ded376e38fd4187a035c57956152.jpg",
	"url": "https://www.10000recipe.com/recipe/2310942",
	"ingredient_ids": [
		17,
		497,
		543,
		473,
		231,
		233,
		379,
		575
	],
	"time": "15",
	"ingre_list": [
		{
			"ingre_name": "마늘쫑",
			"ingre_count": "1",
			"ingre_unit": "단"
		},
		{
			"ingre_name": "소금",
			"ingre_count": "",
			"ingre_unit": "약간"
		},
		{
			"ingre_name": "통깨",
			"ingre_count": "",
			"ingre_unit": "약간"
		},
		{
			"ingre_name": "고추장",
			"ingre_count": "1",
			"ingre_unit": "스푼"
		},
		{
			"ingre_name": "고추가루",
			"ingre_count": "1",
			"ingre_unit": "스푼"
		},
		{
			"ingre_name": "복분자진액",
			"ingre_count": "1",
			"ingre_unit": "스푼"
		},
		{
			"ingre_name": "식초",
			"ingre_count": "1",
			"ingre_unit": "스푼"
		},
		{
			"ingre_name": "다진마늘",
			"ingre_count": "1",
			"ingre_unit": "스푼"
		},
		{
			"ingre_name": "다진파",
			"ingre_count": "1",
			"ingre_unit": "스푼"
		},
		{
			"ingre_name": "간장",
			"ingre_count": "1/2",
			"ingre_unit": "스푼"
		},
		{
			"ingre_name": "올리고당",
			"ingre_count": "",
			"ingre_unit": "약간"
		}
	],
	"recipe": [
		"1. 분량의 양념장 재료를 넣고 복분자진액과 고추장을 넣고 고추장 양념을 만들어 놓아요.",
		"2. 마늘쫑은 4cm 길이로 썰어 끓는물에 소금을 넣고 5분정도 데쳐 냅니다.",
		"3. 미리 만들어 놓은 고추장 양념장을 데친 마늘쫑에 넣고 골고루 버무려 줍니다."
	],
	"recipe_img": [
		"https://recipe1.ezmember.co.kr/cache/recipe/2015/06/19/d64344be9960fd76e130f63261ea024e1.jpg",
		"https://recipe1.ezmember.co.kr/cache/recipe/2015/06/19/b822bc0c3735cfb56dd3e5599282766d1.jpg",
		"https://recipe1.ezmember.co.kr/cache/recipe/2015/06/19/18acc843de5176b8efb97a24ea9d3cdc1.jpg"
	]
}