{
	"id": "2310947",
	"name": "칼칼하고 얼큰한 감자국",
	"thumbnail": "https://recipe1.ezmember.co.kr/cache/recipe/2015/08/07/d1175db3cadeed7a75b40fca1431e20b.jpg",
	"url": "https://www.10000recipe.com/recipe/2310947",
	"ingredient_ids": [
		323,
		7,
		643,
		55,
		995,
		379,
		224,
		233,
		497
	],
	"time": "30",
	"ingre_list": [
		{
			"ingre_name": "깍둑썰은감자",
			"ingre_count": "2",
			"ingre_unit": "줌"
		},
		{
			"ingre_name": "두부",
			"ingre_count": "1",
			"ingre_unit": "줌"
		},
		{
			"ingre_name": "애호박",
			"ingre_count": "1",
			"ingre_unit": "줌"
		},
		{
			"ingre_name": "어슷썰은대파",
			"ingre_count": "1",
			"ingre_unit": "줌"
		},
		{
			"ingre_name": "풋고추",
			"ingre_count": "",
			"ingre_unit": "약간"
		},
		{
			"ingre_name": "팽이버섯",
			"ingre_count": "",
			"ingre_unit": "약간"
		},
		{
			"ingre_name": "물",
			"ingre_count": "4",
			"ingre_unit": "컵"
		},
		{
			"ingre_name": "생생치멸치가루",
			"ingre_count": "1",
			"ingre_unit": "스푼"
		},
		{
			"ingre_name": "미더덕가루",
			"ingre_count": "1",
			"ingre_unit": "스푼"
		},
		{
			"ingre_name": "간장",
			"ingre_count": "2",
			"ingre_unit": "스푼"
		},
		{
			"ingre_name": "고춧가루",
			"ingre_count": "1",
			"ingre_unit": "스푼"
		},
		{
			"ingre_name": "다진마늘",
			"ingre_count": "1/2",
			"ingre_unit": "스푼"
		},
		{
			"ingre_name": "소금",
			"ingre_count": "",
			"ingre_unit": "약간"
		}
	],
	"recipe": [
		"1. 감자랑 애호박이랑 두부를 깍둑썰어서 준비하고 대파는 어슷 썰고 팽이버섯은 길이의 3등분으로 나눠 썰어줍니다. 감자국에 들어갈 양념장도 만들어둡니다. 참치맛장 가쓰오부시소스에 다진마늘, 고춧가루 잘 섞어서 양념이 한데 어우러지도록 준비합니다. 가쓰오부시소스가 없으면 일반 국간장을 사용해도 되는데 가쓰오부시 소스를 넣는것이 훈연참치맛도 나면서 더 맛있는 것 같아요.",
		"2. 맹물로 하는것보단 멸치가루와 미더덕가루를 같이 넣어서 하는것이 더 맛있을 것 같아서 생생치멸치가루와 미더덕 가루를 한스푼씩 넣어 줬어요.",
		"3. 제일 단단한 채소인 감자를 넣고 끓이다가 물이 끓고 나면 멸치가루와 미더덕 가루를 넣고 호박을 넣고 끓이다가 보글보글 끓으면 두부와 양념장을 넣고 끓여줍니다. 그런다음 마지막으로 대파와 팽이버섯을 넣고 한소끔 끓여내면 완성입니다. 간을 보고 부족한 간은 소금으로 맞춰주면 됩니다."
	],
	"recipe_img": [
		"https://recipe1.ezmember.co.kr/cache/recipe/2015/08/07/4365a05d0a8e23fe162621c3f7d260f11.jpg",
		"https://recipe1.ezmember.co.kr/cache/recipe/2015/08/07/86328017b5bdba957347c11afe0201551.jpg",
		"https://recipe1.ezmember.co.kr/cache/recipe/2015/08/07/1adf7cab20c20727ea5421afc36691e21.jpg"
	]
}