{
	"id": "2318205",
	"name": "얼큰한 육개장",
	"thumbnail": "https://recipe1.ezmember.co.kr/cache/recipe/2015/08/10/2cb7a2b3179e4f6c59968f856bc82ab8.jpg",
	"url": "https://www.10000recipe.com/recipe/2318205",
	"ingredient_ids": [
		495,
		27,
		58,
		27,
		995,
		497,
		224,
		349,
		237,
		233,
		225,
		497
	],
	"time": "60",
	"ingre_list": [
		{
			"ingre_name": "소고기",
			"ingre_count": "2",
			"ingre_unit": "줌"
		},
		{
			"ingre_name": "대파",
			"ingre_count": "1",
			"ingre_unit": "줌"
		},
		{
			"ingre_name": "숙주나물",
			"ingre_count": "2",
			"ingre_unit": "줌"
		},
		{
			"ingre_name": "새송이버섯",
			"ingre_count": "1",
			"ingre_unit": "줌"
		},
		{
			"ingre_name": "고사리나물",
			"ingre_count": "2",
			"ingre_unit": "줌"
		},
		{
			"ingre_name": "통마늘",
			"ingre_count": "5",
			"ingre_unit": "개"
		},
		{
			"ingre_name": "대파",
			"ingre_count": "1",
			"ingre_unit": "대"
		},
		{
			"ingre_name": "물",
			"ingre_count": "15",
			"ingre_unit": "컵"
		},
		{
			"ingre_name": "소금",
			"ingre_count": "",
			"ingre_unit": "약간"
		},
		{
			"ingre_name": "고춧가루",
			"ingre_count": "4",
			"ingre_unit": "스푼"
		},
		{
			"ingre_name": "국간장",
			"ingre_count": "4",
			"ingre_unit": "스푼"
		},
		{
			"ingre_name": "고추기름",
			"ingre_count": "1",
			"ingre_unit": "스푼"
		},
		{
			"ingre_name": "다진마늘",
			"ingre_count": "2",
			"ingre_unit": "스푼"
		},
		{
			"ingre_name": "후춧가루",
			"ingre_count": "",
			"ingre_unit": "약간"
		},
		{
			"ingre_name": "소금",
			"ingre_count": "",
			"ingre_unit": "약간"
		}
	],
	"recipe": [
		"1. 육우 국거리용을 준비했구요. 두줌 정도를 2시간동안 찬물에 담가 핏물을 빼 줬습니다.",
		"2. 마른 고사리 나물을 불려서 삶아 물에 씻어 체에 받쳐 물기를 빼주세요.",
		"3. 핏물을 뺀 국거리용 육우를 물에 넣고 마늘과 대파 한대를 통째로 넣고 끓였습니다. 한시간 정도 끓이면 위에 기름과 불순물이 뜨는데 다 걷어내구요. 고기는 건지고 국물은 체에 걸러내 맑은 국물만 받아 냅니다.",
		"4. 건져낸 고기는 먹기 좋은 크기로 찢어주고 고사리나물과 숙주나물,새송이 버섯 대파는 한번 데쳐서 준비해둡니다.",
		"5. 나물과 고기를 미리 만들어 둔 양념장에 조물조물 무쳐서 걸러 놓은 국물에 다시 넣고 보글보글 끓여 줍니다. 간을 봐서 부족한 간은 소금으로 맞춰주면 되요~"
	],
	"recipe_img": [
		"https://recipe1.ezmember.co.kr/cache/recipe/2015/08/10/8f2feeceb3bdcc9d6b843a8b64efdbbd1.jpg",
		"https://recipe1.ezmember.co.kr/cache/recipe/2015/08/10/9e0003134d0cfdf00015f116a88008871.jpg",
		"https://recipe1.ezmember.co.kr/cache/recipe/2015/08/10/3f583c003a4fec826ffc3289eb6dfd321.jpg",
		"https://recipe1.ezmember.co.kr/cache/recipe/2015/08/10/06b89df3b325d799713de98260c966d11.jpg",
		"https://recipe1.ezmember.co.kr/cache/recipe/2015/08/10/4b7995d60c19886e4e086799047d62041.jpg"
	]
}