{
	"id": "2332855",
	"name": "참치 김치볶음밥 만들기",
	"thumbnail": "https://recipe1.ezmember.co.kr/cache/recipe/2015/07/27/2ee70ac32644ef15f19c8007e9b13e00.jpg",
	"url": "https://www.10000recipe.com/recipe/2332855",
	"ingredient_ids": [
		953,
		3,
		58,
		219,
		473,
		233,
		349,
		327,
		543,
		225
	],
	"time": "30",
	"ingre_list": [
		{
			"ingre_name": "밥",
			"ingre_count": "1",
			"ingre_unit": "공기"
		},
		{
			"ingre_name": "김치",
			"ingre_count": "130",
			"ingre_unit": "g"
		},
		{
			"ingre_name": "참치기름쪽빼서",
			"ingre_count": "80",
			"ingre_unit": "g"
		},
		{
			"ingre_name": "양파",
			"ingre_count": "1/2",
			"ingre_unit": "개"
		},
		{
			"ingre_name": "새송이버섯",
			"ingre_count": "1/2",
			"ingre_unit": "개"
		},
		{
			"ingre_name": "달걀",
			"ingre_count": "2",
			"ingre_unit": "개"
		},
		{
			"ingre_name": "고추장",
			"ingre_count": "1/2",
			"ingre_unit": "Ts"
		},
		{
			"ingre_name": "다진마늘",
			"ingre_count": "1/2",
			"ingre_unit": "ts"
		},
		{
			"ingre_name": "국간장",
			"ingre_count": "1~1.5ts",
			"ingre_unit": "~.ts"
		},
		{
			"ingre_name": "들기름",
			"ingre_count": "",
			"ingre_unit": "적당량"
		},
		{
			"ingre_name": "통깨",
			"ingre_count": "",
			"ingre_unit": "적당량"
		},
		{
			"ingre_name": "후춧가루",
			"ingre_count": "",
			"ingre_unit": "적당량"
		}
	],
	"recipe": [
		"1. 밥은 살짝 식으라고 미리 퍼놓고, 김치는 국물 살짝 짜서 쫑쫑 썰어두고, 참치는 캔에서 기름 쪽 빼서 준비해두고, 양파와 새송이버섯은 적당한 크기로 깍둑썰기해서 준비해두세요.",
		"2. 달군 프라이팬에 들기름을 적당량(1Ts정도) 둘러주고 다진마늘을 넣어 향을 내줍니다.",
		"3. 마늘이 노릇해지기 시작하면 다진 양파를 넣어 살짝 숨죽을때까지 볶아주다가, 다진 새송이버섯을 넣고 볶아주세요. 야채가 다 익으면 김치를 넣어 볶아줍니다. 김치가 어느정도 볶아지면 국간장과 후춧가루를 넣어 간을 맞춰주세요.",
		"4. 참치를 넣어 잘 섞어주다가 고추장을 넣고 섞어주세요. 그런다음 밥을 넣어 주걱 두개를 가지고 잘 비비면서 섞어줍니다. 들기름을 몇방울 떨어뜨려주고, 통깨를 넣어 고루 섞어줍니다. 그런 다음 불에서 내려 맛나게 드시면 되요."
	],
	"recipe_img": [
		"https://recipe1.ezmember.co.kr/cache/recipe/2015/07/28/da2c4405a12016f56f107a9c91f67f861.jpg",
		"https://recipe1.ezmember.co.kr/cache/recipe/2015/07/28/c35f7bf5c3a3e99bdb662767f9c151f81.jpg",
		"https://recipe1.ezmember.co.kr/cache/recipe/2015/07/28/85c0bc2cea2f0947e6d796410d0dda8c1.jpg",
		"https://recipe1.ezmember.co.kr/cache/recipe/2015/07/28/7f3dd93b6395386f934f161528d298c01.jpg"
	]
}