{
	"id": "2338704",
	"name": "입맛 살리는 고추장아찌",
	"thumbnail": "https://recipe1.ezmember.co.kr/cache/recipe/2015/06/08/0131ea8271afd6c72cd098b436fd79e3.jpg",
	"url": "https://www.10000recipe.com/recipe/2338704",
	"ingredient_ids": [
		34,
		226,
		379,
		995,
		231
	],
	"time": "30",
	"ingre_list": [
		{
			"ingre_name": "고추",
			"ingre_count": "120",
			"ingre_unit": "개"
		},
		{
			"ingre_name": "설탕",
			"ingre_count": "170",
			"ingre_unit": "ml"
		},
		{
			"ingre_name": "간장",
			"ingre_count": "600",
			"ingre_unit": "ml"
		},
		{
			"ingre_name": "물",
			"ingre_count": "300",
			"ingre_unit": "ml"
		},
		{
			"ingre_name": "식초",
			"ingre_count": "300",
			"ingre_unit": "ml"
		}
	],
	"recipe": [
		"1. 고추는 깨끗하게 물기를 뺀 후 양념이 잘 스며들도록 이쑤시개로 구멍을 내주세요.",
		"2. 간장, 물, 식초, 설탕을 골고루 섞어 10분 가량 끓여 주세요.",
		"3. 뜨거운 물로 소독한 용기에 고추를 담고 팔팔 끓인 간장물을 부어 주세요. (고추가 완전히 잠기도록 접시 등으로 눌러 주세요.)",
		"4. 일주일간 실온에서 절인 후 간장물만 따라내어 다시 한 번 끓여 식힌 뒤 고추에 다시 부어주고 마무리합니다."
	],
	"recipe_img": [
		"https://recipe1.ezmember.co.kr/cache/recipe/2015/08/06/79dc223466b3e487cb140b94ccdf99f51.jpg",
		"https://recipe1.ezmember.co.kr/cache/recipe/2015/08/06/fd395605578daa90d82b27fc1fe90efe1.jpg",
		"https://recipe1.ezmember.co.kr/cache/recipe/2015/08/06/9c1e8949dd88f2bbcec7e197f8da9d1c1.jpg",
		"https://recipe1.ezmember.co.kr/cache/recipe/2015/08/06/80c4a49f68a6b99ae3f528d2ff36c1d61.jpg"
	]
}