{
	"id": "2344141",
	"name": "쉽게 만두 만드는 방법",
	"thumbnail": "https://recipe1.ezmember.co.kr/cache/recipe/2015/06/08/4eedd438bfc8de8b3a401e6f5767b367.jpg",
	"url": "https://www.10000recipe.com/recipe/2344141",
	"ingredient_ids": [
		323,
		286,
		379,
		227,
		618,
		233,
		660,
		938,
		226,
		231,
		473,
		938,
		379,
		660,
		231
	],
	"time": "60",
	"ingre_list": [
		{
			"ingre_name": "다진소고기",
			"ingre_count": "120",
			"ingre_unit": "g"
		},
		{
			"ingre_name": "두부",
			"ingre_count": "1/2",
			"ingre_unit": "모"
		},
		{
			"ingre_name": "만두피",
			"ingre_count": "16",
			"ingre_unit": "장"
		},
		{
			"ingre_name": "파",
			"ingre_count": "1",
			"ingre_unit": "대"
		},
		{
			"ingre_name": "간장",
			"ingre_count": "1",
			"ingre_unit": "큰술"
		},
		{
			"ingre_name": "집간장",
			"ingre_count": "1",
			"ingre_unit": "작은술"
		},
		{
			"ingre_name": "꿀",
			"ingre_count": "1",
			"ingre_unit": "큰술"
		},
		{
			"ingre_name": "정종",
			"ingre_count": "1/2",
			"ingre_unit": "큰술"
		},
		{
			"ingre_name": "다진마늘",
			"ingre_count": "1",
			"ingre_unit": "큰술"
		},
		{
			"ingre_name": "참기름",
			"ingre_count": "1/2",
			"ingre_unit": "큰술"
		},
		{
			"ingre_name": "매실청",
			"ingre_count": "1",
			"ingre_unit": "작은술"
		},
		{
			"ingre_name": "설탕",
			"ingre_count": "1",
			"ingre_unit": "작은술"
		},
		{
			"ingre_name": "식초",
			"ingre_count": "1",
			"ingre_unit": "작은술"
		},
		{
			"ingre_name": "고추장",
			"ingre_count": "3",
			"ingre_unit": "큰술"
		},
		{
			"ingre_name": "매실청",
			"ingre_count": "3",
			"ingre_unit": "큰술"
		},
		{
			"ingre_name": "간장",
			"ingre_count": "1",
			"ingre_unit": "큰술"
		},
		{
			"ingre_name": "참기름",
			"ingre_count": "1",
			"ingre_unit": "큰술"
		},
		{
			"ingre_name": "식초",
			"ingre_count": "1",
			"ingre_unit": "작은술"
		}
	],
	"recipe": [
		"1. 그릇에 소고기, 간장 1큰술, 집간장 1작은술, 꿀 1큰술, 정종 1/2큰술, 다진마늘 1큰술, 참기름 1/2큰술을 매실청 1작은술 넣고 섞어 줍니다.",
		"2. 두부는 면보에 넣어 물기를 꼭 짜 줍니다. 파는 잘게 다져 줍니다. 소고기 양념한 그릇에 두부, 파를 넣고 한쪽 방향으로 끈기있게 치대어 줍니다.",
		"3. 만두피를 한장 놓고 반달모양으로 소를 넣어 줍니다. 만두피를 반으로 접어 주시면 됩니다. (만두피에 달걀물, 물을 바르지 않는게 오늘의 요리 point입니다. 만두피에 달걀물을 바르지 않아서 좋고 접어 모양을 내지 않아서 좋고 간단하게 만들어서 좋네요)",
		"4. 이렇게 접어 준비해 둡니다.",
		"5. 팬에 기름을 넉넉히 두르고 만두를 넣어 구워 줍니다. 불은 중약불에서 만두를 넣은 다음 뚜껑을 덮고 익혀 주세요. 고기 국물이 나와 팬이 깨끗하지 않기 때문에 만두를 뒤집어 주실때 종이페이퍼로 팬의 바닥을 한번 닦아 주시는 센스 잊지 마세요.",
		"6. 양배추, 깻잎, 오이, 당근, 상추를 채썰어 줍니다.",
		"7. 양파는 채썰어 물과 함께 설탕 1작은술, 식초 1작은술에 담아 둡니다. (매운맛 제거를 위해서)",
		"8. 고추장 3큰술, 매실청 3큰술(또는 설탕), 간장 1큰술, 다진마늘 , 깨소금, 참기름 1큰술, 식초 1작은술",
		"9. 만두, 비빔양념장, 야채를 넣고 비벼서 맛나게 드시면 OK"
	],
	"recipe_img": [
		"https://recipe1.ezmember.co.kr/cache/recipe/2015/08/11/9a75fa0c7871cd46df1c28b6d9a51c571.jpg",
		"https://recipe1.ezmember.co.kr/cache/recipe/2015/08/11/60a2b03d10a6255b8061a14fc88ee8711.jpg",
		"https://recipe1.ezmember.co.kr/cache/recipe/2015/08/11/a38bc1774fdf089081f3d8ea0cc922061.jpg",
		"https://recipe1.ezmember.co.kr/cache/recipe/2015/08/11/f5c54bdb4ae05112a3c9c998560319461.jpg",
		"https://recipe1.ezmember.co.kr/cache/recipe/2015/08/11/f503ed4ffd986ac143595100cb84dd641.jpg",
		"https://recipe1.ezmember.co.kr/cache/recipe/2015/08/11/955b4ecfd019f3dd9ea8b0eda2e0c8871.jpg",
		"https://recipe1.ezmember.co.kr/cache/recipe/2015/08/11/51c1367925732000244a026ec2a36f5c1.jpg",
		"https://recipe1.ezmember.co.kr/cache/recipe/2015/08/11/2170f3bf36eb17c642109251e7df27b71.jpg",
		"https://recipe1.ezmember.co.kr/cache/recipe/2015/08/11/35a4e1891951e2b15a4e28f090093cff1.jpg"
	]
}