{
	"id": "2345970",
	"name": "쇠고기근대국 (근대된장국)",
	"thumbnail": "https://recipe1.ezmember.co.kr/cache/recipe/2015/08/10/85773721952feb0b4b8bd45f56e8f84b.jpg",
	"url": "https://www.10000recipe.com/recipe/2345970",
	"ingredient_ids": [
		12,
		848,
		660,
		27,
		876,
		497,
		295,
		233,
		349,
		225,
		497
	],
	"time": "30",
	"ingre_list": [
		{
			"ingre_name": "근대",
			"ingre_count": "1",
			"ingre_unit": "단"
		},
		{
			"ingre_name": "쇠고기국거리(양지)",
			"ingre_count": "100",
			"ingre_unit": "g"
		},
		{
			"ingre_name": "된장",
			"ingre_count": "3.",
			"ingre_unit": ".큰술"
		},
		{
			"ingre_name": "참기름",
			"ingre_count": "1",
			"ingre_unit": "큰술"
		},
		{
			"ingre_name": "대파",
			"ingre_count": "1/2",
			"ingre_unit": "대"
		},
		{
			"ingre_name": "쌀뜨물",
			"ingre_count": "6",
			"ingre_unit": "컵"
		},
		{
			"ingre_name": "소금",
			"ingre_count": "",
			"ingre_unit": "약간"
		},
		{
			"ingre_name": "채썬무",
			"ingre_count": "1",
			"ingre_unit": "줌"
		},
		{
			"ingre_name": "청양고추",
			"ingre_count": "2",
			"ingre_unit": "개"
		},
		{
			"ingre_name": "다진마늘",
			"ingre_count": "1",
			"ingre_unit": "큰술"
		},
		{
			"ingre_name": "국간장",
			"ingre_count": "1",
			"ingre_unit": "작은술"
		},
		{
			"ingre_name": "후춧가루",
			"ingre_count": "",
			"ingre_unit": "약간"
		},
		{
			"ingre_name": "소금",
			"ingre_count": "",
			"ingre_unit": "약간"
		}
	],
	"recipe": [
		"1. 근대는 줄기끝부분을 꺽어 줄기쪽에서 잎쪽으로 잡아당겨 한겹벗겨줍니다. 그리고 끓는물에 한번 데쳐내 줍니다. 시금치 데치듯이 살짝 데쳐주면 됩니다. 데치기 구찮으면 근대를 넓은 볼에 넣고 바락 바락 주물러 푸른물빼고 사용해도 됩니다.",
		"2. 데쳐낸 근대는 찬물에 헹궈 물기 짜고 먹기좋게 썰어 된장 3.5큰술, 다진마늘 0.5큰술 넣고 조물 조물 밑간합니다. 쇠고기는 후춧가루를 약간 뿌리고 국간장 1작은술 넣고 다진마늘 0.5큰술넣어 밑간합니다. 대파와 고추는 어슷썰어두시고 무는 기호에 맞게 생략해주셔도 무방합니다. 넣게 되면 무는 채 썰어줍니다. 냄비에 참기름 1큰술 두르고 무랑 쇠고기볶아줍니다.",
		"3. 고기가 익으면 쌀뜨물을 6컵을 부어줍니다. 된장국에는 쌀뜨물이 너무 잘어울려요. 쓸뜨물은 쌀 3번째 씻은물로 사용하면됩니다. 쌀뜨물을 붓고 끓어오르면 된장양념에 무쳐놓은 근대를 넣고 끓입니다.",
		"4. 근대를넣고 보글보글 잠시 끓이다가 대파, 고추썬걸넣고 싱거우면 소금약간넣어 간하면 완성입니다."
	],
	"recipe_img": [
		"https://recipe1.ezmember.co.kr/cache/recipe/2015/08/10/fc2b5e1fc75e98cce15e124e10d0de7f1.jpg",
		"https://recipe1.ezmember.co.kr/cache/recipe/2015/08/10/10c465967118f7f765bb22c0eef220c61.jpg",
		"https://recipe1.ezmember.co.kr/cache/recipe/2015/08/10/d33b0c3d257a2675973e4baa3eb6f8401.jpg",
		"https://recipe1.ezmember.co.kr/cache/recipe/2015/08/10/2cb20663d0d6821eca9e703c5c3aee851.jpg"
	]
}