{
	"id": "2347495",
	"name": "삼치간장조림",
	"thumbnail": "https://recipe1.ezmember.co.kr/cache/recipe/2015/07/29/366b885a579a8570cb807d4b2f498e41.jpg",
	"url": "https://www.10000recipe.com/recipe/2347495",
	"ingredient_ids": [
		72,
		497,
		504,
		379,
		292,
		226,
		341,
		455
	],
	"time": "30",
	"ingre_list": [
		{
			"ingre_name": "삼치",
			"ingre_count": "1/2",
			"ingre_unit": "마리"
		},
		{
			"ingre_name": "소금",
			"ingre_count": "",
			"ingre_unit": "약간"
		},
		{
			"ingre_name": "식용유",
			"ingre_count": "1",
			"ingre_unit": "스푼"
		},
		{
			"ingre_name": "간장",
			"ingre_count": "2",
			"ingre_unit": "스푼"
		},
		{
			"ingre_name": "맛술",
			"ingre_count": "1",
			"ingre_unit": "스푼"
		},
		{
			"ingre_name": "설탕",
			"ingre_count": "0.",
			"ingre_unit": ".스푼"
		},
		{
			"ingre_name": "물엿",
			"ingre_count": "0.",
			"ingre_unit": ".스푼"
		},
		{
			"ingre_name": "생강가루",
			"ingre_count": "0.",
			"ingre_unit": ".스푼"
		}
	],
	"recipe": [
		"1. 깨끗하게 손질한 삼치에 소금 뿌려 30분 정도 절여 주세요. 밑간한 삼치는 달군 팬에 식용유 두르고 앞. 뒤로 노릇하게 구워 주세요. (껍질 쪽부터 구워 주셔야 비린내가 덜 해요.)",
		"2. 양념장 재료를 모두 섞어 바글바글 끓여 주세요. 구운 삼치 넣고 윤기나게 조리고 마무리합니다.",
		"3. 윤기 자르르 삼치간장조림 완성."
	],
	"recipe_img": [
		"https://recipe1.ezmember.co.kr/cache/recipe/2015/07/29/2e1ae75e6fc8c75cee6b718d9c2dc2ef1.jpg",
		"https://recipe1.ezmember.co.kr/cache/recipe/2015/07/29/fdb33c7b3fe73f45528b12b233c9c5301.jpg",
		"https://recipe1.ezmember.co.kr/cache/recipe/2015/07/29/f46661d0b60736e6a93883ec5afd8f961.jpg"
	]
}