{
	"id": "2352695",
	"name": "대추차 ",
	"thumbnail": "https://recipe1.ezmember.co.kr/cache/recipe/2015/06/08/634dbe7e6b092acd91c667f7aa1323d2.jpg",
	"url": "https://www.10000recipe.com/recipe/2352695",
	"ingredient_ids": [
		132
	],
	"time": "30",
	"ingre_list": [
		{
			"ingre_name": "대추",
			"ingre_count": "",
			"ingre_unit": ""
		}
	],
	"recipe": [
		"1. 대추는 꼼꼼히 잘 씻어주시고요~",
		"2. 대추의 3배정도되는 물을 부어 끓여줍니다~",
		"3. 대추살을 그냥 버릴수없어서 요렇게 체에받혀 싹싹 문질러 주었답니다~",
		"4. 걸러낸 대추물을 1/2로 줄어들때까지 팔팔 끓여주세요"
	],
	"recipe_img": [
		"https://recipe1.ezmember.co.kr/cache/recipe/2015/08/18/70f3c286b93631be378d93952d4ace2f1.jpg",
		"https://recipe1.ezmember.co.kr/cache/recipe/2015/08/18/5eeee411ec4c3b16e94922bbeb64bfed1.gif",
		"https://recipe1.ezmember.co.kr/cache/recipe/2015/08/18/84760025b7e42559d39c4845692bad161.jpg",
		"https://recipe1.ezmember.co.kr/cache/recipe/2015/08/18/a417c2f8541a77b5cdfcb91ea50eebae1.gif"
	]
}