{
	"id": "2352590",
	"name": "시원한 국물의 황태콩나물국",
	"thumbnail": "https://recipe1.ezmember.co.kr/cache/recipe/2015/06/08/92d474fa702ecd422edeff3dd9815085.jpg",
	"url": "https://www.10000recipe.com/recipe/2352590",
	"ingredient_ids": [
		527,
		47,
		327,
		594,
		233
	],
	"time": "30",
	"ingre_list": [
		{
			"ingre_name": "황태",
			"ingre_count": "2",
			"ingre_unit": "줌"
		},
		{
			"ingre_name": "콩나물",
			"ingre_count": "100",
			"ingre_unit": "g"
		},
		{
			"ingre_name": "멸치다시다육수",
			"ingre_count": "1",
			"ingre_unit": "L"
		},
		{
			"ingre_name": "들기름",
			"ingre_count": "1",
			"ingre_unit": "T"
		},
		{
			"ingre_name": "다진대파",
			"ingre_count": "2",
			"ingre_unit": "T"
		},
		{
			"ingre_name": "어간장",
			"ingre_count": "3",
			"ingre_unit": "T"
		},
		{
			"ingre_name": "다진마늘",
			"ingre_count": "1",
			"ingre_unit": "T"
		}
	],
	"recipe": [
		"1. 황태는 물에 한번 헹궈 가시가 있는 부분을 떼어주세요. 물에 한번 헹군 후, 손질해야 가시가 잘 발라진답니다.",
		"2. 들기름을 둘러, 황태를 달달 볶아주세요.",
		"3. 멸치 다시다 육수를 2C정도만 넣고, 씻어놓은 콩나물을 넣어줍니다.",
		"4. 국물이 너무 많으면, 콩나물을 끓이면서 국물이 넘칠 수있으니 일부러 2C만 넣었어요. 뚜껑덮고 콩나물의 비린내가 안나도록 익힙니다.",
		"5. 뽀얗게 우러나온 국물에 남은 멸치.다시마육수를 넣은 뒤 한소끔 끓으면, 다진마늘을 넣고 어간장으로 간을 해 주세요.",
		"6. 마지막으로 다진 대파를 넣어주면 완성이랍니다."
	],
	"recipe_img": [
		"https://recipe1.ezmember.co.kr/cache/recipe/2015/08/05/7fbb644a0dcb151a9d00939a779ccc401.jpg",
		"https://recipe1.ezmember.co.kr/cache/recipe/2015/08/05/67ed74ae6d2fecc20895d3912410fb8a1.jpg",
		"https://recipe1.ezmember.co.kr/cache/recipe/2015/08/05/bf92074fc83f67b45da02d997fe3c2821.jpg",
		"https://recipe1.ezmember.co.kr/cache/recipe/2015/08/05/21746cf85d1c790e9b630fa3aa3eb9b61.jpg",
		"https://recipe1.ezmember.co.kr/cache/recipe/2015/08/05/f887091f8bd9c3d9e1a862ae6198b2f71.jpg",
		"https://recipe1.ezmember.co.kr/cache/recipe/2015/08/05/255de88e1a79e337f6af3a793236f9511.jpg"
	]
}