{
	"id": "2354734",
	"name": "시나몬 바나나 샌드위치",
	"thumbnail": "https://recipe1.ezmember.co.kr/cache/recipe/2015/06/08/f1414993feba85b48fe982be1ce4d0d7.bmp",
	"url": "https://www.10000recipe.com/recipe/2354734",
	"ingredient_ids": [
		503
	],
	"time": "30",
	"ingre_list": [
		{
			"ingre_name": "식빵",
			"ingre_count": "2",
			"ingre_unit": "개"
		}
	],
	"recipe": [
		"1. 바나나는 으깨고 사과는 잘게 다져주세요",
		"2. 바싹 구운 식빵 한쪽에 속을 듬뿍 올려주세요.",
		"3. 시나몬 가루와 핫케이크 시럽을 섞어 남은 식빵 한쪽에 발라주세요"
	],
	"recipe_img": [
		"https://recipe1.ezmember.co.kr/cache/recipe/2015/07/28/0c96c43ca9156871d050ee15a025e80a1.jpg",
		"https://recipe1.ezmember.co.kr/cache/recipe/2015/07/28/c4b953ad3b376c4d972d4ad193ba75c91.jpg",
		"https://recipe1.ezmember.co.kr/cache/recipe/2015/07/28/16f0f719d099776bf1838a393e9553391.jpg"
	]
}