{
	"id": "2355382",
	"name": "한우 갈비탕",
	"thumbnail": "https://recipe1.ezmember.co.kr/cache/recipe/2015/07/31/e04f8c6a7968e0bfac3935d333c4dd70.jpg",
	"url": "https://www.10000recipe.com/recipe/2355382",
	"ingredient_ids": [],
	"time": "2이상",
	"ingre_list": [],
	"recipe": [
		"1. 우선 갈비의 핏물을 빼기 위해 2시간 미만으로 물에 담구어 핏기를 제거해주세요. 끓는 물에 한번 데쳐낼 예정이기때문에 물에 오랜시간 담구어두지않으셔도 된답니다.",
		"2. 남은 핏기 제거를 위해 한우 찜용 갈비를 냄비에 넣고 물을 자작하게 부어 끓여주세요.",
		"3. 7-8분 가량 끓여주면 사진처럼 보글보글 거품이 올라오거든요. 그럼 그때 불을 끄고 물을 모두 버려주세요.",
		"4. 고기는 미지근한 물로 행구어주고, 기름기가 많이 있는 부분은 가위로 살짝씩 잘라내어 다듬어주세요.",
		"5. 이제 손질한 갈비를 넣고, 물을 2L 가량 넣어준 뒤 2시간 - 2시가 30분 정도 푸욱 약한 불에서 은근하게 끓여주세요. 참치계란주먹밥과 햄주먹밥",
		"6. 기름을 제거한 국물에 썰어둔 무와 대추, 은행, 밤을 넣고 무가 익을 때까지 푸욱 한소끔 더 끓여줍니다. 물이 부족하다 싶음 추가해서 넣어주시면 되고요. 무가 조금 익어간다 싶을 때 분량의 국간장과 소금을 넣고 간을 맞춰주세요.",
		"7. 당면을 담고, 갈비탕을 넉넉히 덜어준 뒤 미리 준비해둔 지단과 송송썰어둔 파를 올려주면 정성으로 끓여 더더 맛있는 갈비탕 완성."
	],
	"recipe_img": [
		"https://recipe1.ezmember.co.kr/cache/recipe/2015/07/31/274ba449b2037e3abbd905d7201b09961.jpg",
		"https://recipe1.ezmember.co.kr/cache/recipe/2015/07/31/e5cf2a46ccf26119f1f90e52599cb3711.jpg",
		"https://recipe1.ezmember.co.kr/cache/recipe/2015/07/31/d39abe02889578a57bfd61a3e23b76681.jpg",
		"https://recipe1.ezmember.co.kr/cache/recipe/2015/07/31/461be24b3cb66d74d51ec49bfb1a6cc91.jpg",
		"https://recipe1.ezmember.co.kr/cache/recipe/2015/07/31/1941b2251b6cf6a2b2d92f9ac5dc8beb1.jpg",
		"https://recipe1.ezmember.co.kr/cache/recipe/2015/07/31/d08e8d318470c4f7928d1c462fec88391.jpg",
		"https://recipe1.ezmember.co.kr/cache/recipe/2015/07/31/7bccc54845ea759efd7a000156a874d01.jpg"
	]
}