{
	"id": "2358203",
	"name": "늙은오이무침 ",
	"thumbnail": "https://recipe1.ezmember.co.kr/cache/recipe/2015/06/08/8277a158e944cb4393d7bd82017c9740.jpg",
	"url": "https://www.10000recipe.com/recipe/2358203",
	"ingredient_ids": [
		543,
		473,
		224,
		287,
		233,
		226,
		231,
		660
	],
	"time": "15",
	"ingre_list": [
		{
			"ingre_name": "늙은오이",
			"ingre_count": "900",
			"ingre_unit": "g"
		},
		{
			"ingre_name": "통깨",
			"ingre_count": "1",
			"ingre_unit": "스푼"
		},
		{
			"ingre_name": "고추장",
			"ingre_count": "2",
			"ingre_unit": "스푼"
		},
		{
			"ingre_name": "고춧가루",
			"ingre_count": "1",
			"ingre_unit": "스푼"
		},
		{
			"ingre_name": "까나리액젓",
			"ingre_count": "0.",
			"ingre_unit": ".스푼"
		},
		{
			"ingre_name": "다진마늘",
			"ingre_count": "1",
			"ingre_unit": "스푼"
		},
		{
			"ingre_name": "다진파",
			"ingre_count": "3",
			"ingre_unit": "스푼"
		},
		{
			"ingre_name": "설탕",
			"ingre_count": "1",
			"ingre_unit": "스푼"
		},
		{
			"ingre_name": "식초",
			"ingre_count": "1",
			"ingre_unit": "스푼"
		},
		{
			"ingre_name": "참기름",
			"ingre_count": "1",
			"ingre_unit": "스푼"
		}
	],
	"recipe": [
		"1. 껍질을 까고 속에 씨는 없애서 과육의 단단한 부분만 도려내었지요",
		"2. 큼직한 볼에 늙은 오이 썬 것을 넣고 굵은소금(2), 설탕(0.5)을 넣고 절여주고... 중간에 2~3번 뒤적거려 오이를 약 30분 정도 절여줍니다.",
		"3. 손이나 또는 면보를 이용해서 늙은 오이 절인 것을 꾹 짜주세요",
		"4. 무침양념재료인 무침양념재료: 고추장(2), 고춧가루(1), 까나리액젓이나 연두(0.5), 다진 마늘(1), 다진 파(3), 설탕(1), 식초(1)를 한데 넣고 양념을 잘 섞어주세요",
		"5. 국물을 꾹 짠 늙은 오이를 넣고서..... 일회용 비닐 장갑을 끼고서 조물조물 무쳐주었네요",
		"6. 마지막에 참기름(1), 통깨(1)를 넣고 살살 섞어주면 끝"
	],
	"recipe_img": [
		"https://recipe1.ezmember.co.kr/cache/recipe/2015/08/18/97babc85e66b95574fe4b273340072f41.jpg",
		"https://recipe1.ezmember.co.kr/cache/recipe/2015/08/18/286dba4b729a735a20d78086ac58b1981.jpg",
		"https://recipe1.ezmember.co.kr/cache/recipe/2015/08/18/03b71244a14b206b03a1487dbd8122241.jpg",
		"https://recipe1.ezmember.co.kr/cache/recipe/2015/08/18/fbb2c59cfe612b11f89127fdafd144941.jpg",
		"https://recipe1.ezmember.co.kr/cache/recipe/2015/08/18/a11942f6ae065ff30d767aec17aab1281.jpg",
		"https://recipe1.ezmember.co.kr/cache/recipe/2015/08/18/065b426ff23e7ed12e1163eef26c44821.jpg"
	]
}