{
	"id": "2359897",
	"name": "시금치된장국 끓이기",
	"thumbnail": "https://recipe1.ezmember.co.kr/cache/recipe/2015/08/07/308177bca952e0eb9f61b37431b7a34b.jpg",
	"url": "https://www.10000recipe.com/recipe/2359897",
	"ingredient_ids": [
		2,
		323,
		848,
		995,
		233
	],
	"time": "30",
	"ingre_list": [
		{
			"ingre_name": "시금치",
			"ingre_count": "1/2",
			"ingre_unit": "작은단"
		},
		{
			"ingre_name": "두부",
			"ingre_count": "1/3",
			"ingre_unit": "모"
		},
		{
			"ingre_name": "된장",
			"ingre_count": "2",
			"ingre_unit": "큰술"
		},
		{
			"ingre_name": "물",
			"ingre_count": "4",
			"ingre_unit": "컵"
		},
		{
			"ingre_name": "다진마늘",
			"ingre_count": "1/2",
			"ingre_unit": "큰술"
		}
	],
	"recipe": [
		"1. 아이들이 먹을 된장찌개라 보리로 만든 보리 된장 찌개로 끓여봤어요. 구수하면서 촌된장보다 짠맛이 덜해서 아이들 된장찌개 해줄때 좋더라구요~ 대신 2큰술 보다 좀더 넣어서 맛을 맞추면 된답니다. 미리 끓여놓은 멸치 다시마 육수에 된장을 풀어주세요. 새우를 넣어 주시면 더 시원한 국이 되겠죠.",
		"2. 된장을 푼 국이 끓으면 시금치를 넣어 줍니다.",
		"3. 이때 두부를 넣어주셔도 되구요. 바지락조개나 새우를 넣고 끓이면 더 좋겠죠.",
		"4. 대파를 썬것을 넣고~ 다진마늘1/2큰술을 넣어 함께 끓여 주세요.",
		"5. 재료를 모두 넣고 5분~10분정도 더 끓여 주시면 되구요. 국간장이나 새우젓으로 간을 살짝~ 해주시면 더 좋죠. 고추가루나 청양고추를 넣어 칼칼하게 드셔도 좋답니다."
	],
	"recipe_img": [
		"https://recipe1.ezmember.co.kr/cache/recipe/2015/08/07/d012d5cbac6e538a2e7f12873520472f1.jpg",
		"https://recipe1.ezmember.co.kr/cache/recipe/2015/08/07/e1eabec6bb13bb174150c15a37113b3b1.jpg",
		"https://recipe1.ezmember.co.kr/cache/recipe/2015/08/07/615ef1207f303886d2247489fc0685791.jpg",
		"https://recipe1.ezmember.co.kr/cache/recipe/2015/08/07/6f6f7f7010b8b0c7010eb0e121a20cbe1.jpg",
		"https://recipe1.ezmember.co.kr/cache/recipe/2015/08/07/df17eba49936e601f6f388801b7138111.jpg"
	]
}