{
	"id": "2374500",
	"name": "불고기냉채 만들기",
	"thumbnail": "https://recipe1.ezmember.co.kr/cache/recipe/2015/07/27/01fcadc9959ea94217325dc46b69b2b7.jpg",
	"url": "https://www.10000recipe.com/recipe/2374500",
	"ingredient_ids": [
		142,
		42,
		379,
		142,
		158,
		3,
		341,
		660,
		226,
		233,
		350,
		225,
		379,
		226,
		231,
		543,
		233,
		250
	],
	"time": "30",
	"ingre_list": [
		{
			"ingre_name": "소고기(불고기감)",
			"ingre_count": "300",
			"ingre_unit": "g"
		},
		{
			"ingre_name": "새싹채소",
			"ingre_count": "1/3",
			"ingre_unit": "팩"
		},
		{
			"ingre_name": "배",
			"ingre_count": "400",
			"ingre_unit": "g"
		},
		{
			"ingre_name": "양상추",
			"ingre_count": "100",
			"ingre_unit": "g"
		},
		{
			"ingre_name": "간장",
			"ingre_count": "2",
			"ingre_unit": "큰술"
		},
		{
			"ingre_name": "배",
			"ingre_count": "50",
			"ingre_unit": "g"
		},
		{
			"ingre_name": "사과",
			"ingre_count": "50",
			"ingre_unit": "g"
		},
		{
			"ingre_name": "양파",
			"ingre_count": "50",
			"ingre_unit": "g"
		},
		{
			"ingre_name": "물엿",
			"ingre_count": "1",
			"ingre_unit": "큰술"
		},
		{
			"ingre_name": "참기름",
			"ingre_count": "1",
			"ingre_unit": "큰술"
		},
		{
			"ingre_name": "설탕",
			"ingre_count": "1",
			"ingre_unit": "큰술"
		},
		{
			"ingre_name": "다진마늘",
			"ingre_count": "2",
			"ingre_unit": "큰술"
		},
		{
			"ingre_name": "깨소금",
			"ingre_count": "1.",
			"ingre_unit": ".큰술"
		},
		{
			"ingre_name": "후춧가루",
			"ingre_count": "1/3",
			"ingre_unit": "작은술"
		},
		{
			"ingre_name": "송송썬실파",
			"ingre_count": "1/2",
			"ingre_unit": "컵"
		},
		{
			"ingre_name": "간장",
			"ingre_count": "3",
			"ingre_unit": "큰술"
		},
		{
			"ingre_name": "설탕",
			"ingre_count": "1",
			"ingre_unit": "큰술"
		},
		{
			"ingre_name": "식초",
			"ingre_count": "2",
			"ingre_unit": "큰술"
		},
		{
			"ingre_name": "통깨",
			"ingre_count": "1",
			"ingre_unit": "큰술"
		},
		{
			"ingre_name": "다진마늘",
			"ingre_count": "1",
			"ingre_unit": "큰술"
		},
		{
			"ingre_name": "레몬즙",
			"ingre_count": "1/2",
			"ingre_unit": "큰술"
		}
	],
	"recipe": [
		"1. 일단 양파, 배, 사과를 믹서에 갈아 주세요. 양파, 배, 사과즙에 간장, 다진 마늘, 물엿, 참기름, 설탕, 깨소금, 후춧가루를 넣고 잘 섞어 주세요. 불고기 양념에 사과를 넣으면 연육작용을 해서 고기가 부드럽고 구웠을 때 풍미가 좋으니 한 번 넣어 보세요. 요즘 사과도 제철이고 하니 넣어 보세요.",
		"2. 쇠고기 불고기 감을 먹기 좋은 크기로 잘아서 양념이 골고루 배이도록 재워 주세요. 고기가 겹쳐지지 않게 펼쳐서 재우는 것이 중요합니다.",
		"3. 찬물 또는 얼음물에 양상추를 큼직하게 손으로 뜯어 넣어 주세요. 새싹채소도 같이 물에 넣고 잘 씻어 주신 후 채반에 받쳐 물기를 제거해 주세요.",
		"4. 배는 씨를 제거하고 껍질을 벗겨 얇게 슬라이스 해 주세요.",
		"5. 쏭쏭 썬 실파, 다진마늘, 통깨, 레몬즙, 식초, 설탕, 간장을 넣고 잘 섞어 주세요. 양념장을 만들 때 대파를 넣으면 대파의 진액때문에 끈적끈적해지고 쉰내가 나므로 꼭 실파를 이용해 주세요.",
		"6. 팬을 뜨겁게 달군 후 재운 불고기를 바짝 구워주세요. 불고기 냉채이기 때문에 물기가 많은 것보다는 물기 없이 바짝 굽는 것이 팁입니다.",
		"7. 고기가 다 익으면 접시 한 가운데에 구운 불고기를 담아 주세요. 그리고 물기 뺀 채소를 빙 둘러 예쁘게 담아 주세요. 슬라이스 한 배는 사이사이에 넣어 주세요. 불고기냉채와 함께 소스를 곁들여 내시면 됩니다."
	],
	"recipe_img": [
		"https://recipe1.ezmember.co.kr/cache/recipe/2015/07/28/89fa3cd40e9819e9f73d93f3e563269e1.jpg",
		"https://recipe1.ezmember.co.kr/cache/recipe/2015/07/28/063a4686b41261fe9c1ee50d7be6c1791.jpg",
		"https://recipe1.ezmember.co.kr/cache/recipe/2015/07/28/64c48c394a41ec1c6348f091d3328a351.jpg",
		"https://recipe1.ezmember.co.kr/cache/recipe/2015/07/28/bea1f656049a70ffa5e753511bdddf221.jpg",
		"https://recipe1.ezmember.co.kr/cache/recipe/2015/07/28/cbc1044d496140255eed91daf94acd791.jpg",
		"https://recipe1.ezmember.co.kr/cache/recipe/2015/07/28/e295c9af1d85bdbc065b46d068c8f9561.jpg",
		"https://recipe1.ezmember.co.kr/cache/recipe/2015/07/28/a4bbf188fb37e94849223c925c79cc4d1.jpg"
	]
}