{
	"id": "2376643",
	"name": "조기매운탕~보글~보글~ 조기매운탕 드세요~",
	"thumbnail": "https://recipe1.ezmember.co.kr/cache/recipe/2015/06/08/36822b9c3187743a24864b8d1d59e4f1.jpg",
	"url": "https://www.10000recipe.com/recipe/2376643",
	"ingredient_ids": [
		5,
		3,
		643,
		233,
		473,
		349,
		497,
		995
	],
	"time": "30",
	"ingre_list": [
		{
			"ingre_name": "생조기",
			"ingre_count": "4",
			"ingre_unit": "마리"
		},
		{
			"ingre_name": "애호박1개(작은것)",
			"ingre_count": "1개(작은것)",
			"ingre_unit": "개(작은것)"
		},
		{
			"ingre_name": "감자",
			"ingre_count": "1",
			"ingre_unit": "개"
		},
		{
			"ingre_name": "양파",
			"ingre_count": "1",
			"ingre_unit": "개"
		},
		{
			"ingre_name": "풋고추",
			"ingre_count": "3",
			"ingre_unit": "개"
		},
		{
			"ingre_name": "다진마늘",
			"ingre_count": "",
			"ingre_unit": ""
		},
		{
			"ingre_name": "파",
			"ingre_count": "",
			"ingre_unit": ""
		},
		{
			"ingre_name": "고추장",
			"ingre_count": "1",
			"ingre_unit": "큰술"
		},
		{
			"ingre_name": "고추가루",
			"ingre_count": "1",
			"ingre_unit": "작은술"
		},
		{
			"ingre_name": "국간장",
			"ingre_count": "3",
			"ingre_unit": "큰술"
		},
		{
			"ingre_name": "소금",
			"ingre_count": "1",
			"ingre_unit": "작은술"
		},
		{
			"ingre_name": "물",
			"ingre_count": "4",
			"ingre_unit": "컵"
		}
	],
	"recipe": [
		"1. 냄비 바닥에 감자,애호박을 깔고, 손질한 조기도 넣고 물,고추장,풋고추 넣고 끓여줍니다",
		"2. 냄비뚜겅은 열어놓은채로 센불에서 끓이다",
		"3. 끓으면 중불에서 보글~~보글~~끓이면서 양파도 넣고 마늘이랑 국간장이랑 넣으면서 약불로 은근히 끓여줍니다"
	],
	"recipe_img": []
}