{
	"id": "2382604",
	"name": "꽈리고추 잔멸치 볶음",
	"thumbnail": "https://recipe1.ezmember.co.kr/cache/recipe/2015/06/08/70094db10766426cdab937f9d08acec5.jpg",
	"url": "https://www.10000recipe.com/recipe/2382604",
	"ingredient_ids": [
		293,
		677,
		29,
		504,
		379,
		226,
		938,
		846,
		660,
		543
	],
	"time": "15",
	"ingre_list": [
		{
			"ingre_name": "꽈리고추",
			"ingre_count": "3",
			"ingre_unit": "줌"
		},
		{
			"ingre_name": "잔멸치",
			"ingre_count": "3",
			"ingre_unit": "컵"
		},
		{
			"ingre_name": "마늘",
			"ingre_count": "1",
			"ingre_unit": "통"
		},
		{
			"ingre_name": "식용유",
			"ingre_count": "",
			"ingre_unit": "적당량"
		},
		{
			"ingre_name": "멸치육수",
			"ingre_count": "6",
			"ingre_unit": "스푼"
		},
		{
			"ingre_name": "간장",
			"ingre_count": "2",
			"ingre_unit": "스푼"
		},
		{
			"ingre_name": "설탕",
			"ingre_count": "1",
			"ingre_unit": "스푼"
		},
		{
			"ingre_name": "매실청",
			"ingre_count": "2",
			"ingre_unit": "스푼"
		},
		{
			"ingre_name": "청주",
			"ingre_count": "1",
			"ingre_unit": "스푼"
		},
		{
			"ingre_name": "참기름",
			"ingre_count": "1",
			"ingre_unit": "스푼"
		},
		{
			"ingre_name": "통깨",
			"ingre_count": "1",
			"ingre_unit": "스푼"
		}
	],
	"recipe": [
		"1. 마늘은 편으로 썰고 고추는 꼭지를 떼고 포크로 구멍을 내줍니다. 멸치는 체어 내려 가루를 털어내줍니다.",
		"2. 멸치는 볶음팬에 양념장의 1/3을 넣고 볶아 그릇에 덜어냅니다. 팬에 마늘편을 살짝 볶아줍니다.",
		"3. 나머지 양념장을 붓고 끓어오르면 고추를 넣어 볶아줍니다.",
		"4. 고추가 볶아지면 멸치를 넣고 섞어주고 참기름과 통깨를 뿌려 마무리합니다."
	],
	"recipe_img": [
		"https://recipe1.ezmember.co.kr/cache/recipe/2015/07/03/090c3727cfc637400d87020826a26e931.jpg",
		"https://recipe1.ezmember.co.kr/cache/recipe/2015/07/03/cffe2aef753b1e0ac9de7156ba60012b1.jpg",
		"https://recipe1.ezmember.co.kr/cache/recipe/2015/07/03/0bd7f0c60af9b00cdcb3671009bec4cc1.jpg",
		"https://recipe1.ezmember.co.kr/cache/recipe/2015/07/03/2d71ffcff1b6255fdd34d80dfafaef4a1.jpg"
	]
}