{
	"id": "2384944",
	"name": "양파로 맛을 낸 소고기 미역국",
	"thumbnail": "https://recipe1.ezmember.co.kr/cache/recipe/2015/06/08/ab06bfc67b7ae99d7e283117c4a3c21d.jpg",
	"url": "https://www.10000recipe.com/recipe/2384944",
	"ingredient_ids": [
		91,
		3,
		995,
		349
	],
	"time": "30",
	"ingre_list": [
		{
			"ingre_name": "미역",
			"ingre_count": "",
			"ingre_unit": ""
		},
		{
			"ingre_name": "고기",
			"ingre_count": "400",
			"ingre_unit": "g"
		},
		{
			"ingre_name": "양파",
			"ingre_count": "1",
			"ingre_unit": "개"
		},
		{
			"ingre_name": "물",
			"ingre_count": "1500",
			"ingre_unit": "ml"
		},
		{
			"ingre_name": "국간장",
			"ingre_count": "6~7큰술",
			"ingre_unit": "~큰술"
		}
	],
	"recipe": [
		"1. 한우는 먹기좋은 크기로 썰어 준비해두고, 냄비 안에 넣고 중불에서 겉면이 익을 정도로 살짝 볶아주세요.",
		"2. 고기 겉면이 살짝 익고, 고기의 육즙이 조금 흘러나오면 물에 살짝만 불려 흐늘해진 미역의 물기를 쏘옥 빼고 함께 1분정도 볶아주세요. 양파를 넣고 푸욱 끓여줄 거기때문에 오래 볶지않으셔도 괜찮아요.",
		"3. 이제 1500ml의 물을 넣어주고, 양파 한개를 퐁당 해준 뒤 팔팔 끓여줄건데요. 양파가 푸욱 무를때까지 은근하게 끓여주신다고 생각하면 되요. 끓는 동안 물의 양이 줄면 조금씩 보충해주면서 마지막에 1500ml를 만들어주시면 된답니다.",
		"4. 흐늘흐늘 푸욱 무른 양파는 건져내고, 국간장으로 간을 맞춰주세요."
	],
	"recipe_img": [
		"https://recipe1.ezmember.co.kr/cache/recipe/2015/07/28/28011f51bba1811bd3b58ddede59c33e1.jpg",
		"https://recipe1.ezmember.co.kr/cache/recipe/2015/07/28/bfdd211dace66657d5ff35c14ebf89e41.jpg",
		"https://recipe1.ezmember.co.kr/cache/recipe/2015/07/28/126176ba40b99f1c29bc0c0b29c6a18f1.jpg",
		"https://recipe1.ezmember.co.kr/cache/recipe/2015/07/28/36c323171ecd534338b7b2020b7b38971.jpg"
	]
}