{
	"id": "2386232",
	"name": "임연수어 구이",
	"thumbnail": "https://recipe1.ezmember.co.kr/cache/recipe/2015/06/08/6259d468bc958990259400e0e0510a26.jpg",
	"url": "https://www.10000recipe.com/recipe/2386232",
	"ingredient_ids": [
		73
	],
	"time": "30",
	"ingre_list": [
		{
			"ingre_name": "임연수",
			"ingre_count": "",
			"ingre_unit": ""
		}
	],
	"recipe": [
		"1. 그냥 흐르는물에 깨끗히 씻어주세요",
		"2. 이렇게 솔솔 뿌려주세요",
		"3. 구워지는동안 임연수어에서 기름이 흘러나오기때문에 따로 기름칠을 하지 않으셔도 됩니다.",
		"4. 밀가루를 묻혀 구워주셔도 좋아요.. (밀가루 -> 물+전분 -> 후라이팬 이렇게요)"
	],
	"recipe_img": [
		"https://recipe1.ezmember.co.kr/cache/recipe/2015/08/17/96d6afd49d99bbdc4480f85a0c85f2a31.jpg",
		"https://recipe1.ezmember.co.kr/cache/recipe/2015/08/17/a4e5d84dc18439afbce87a6b091633ef1.jpg",
		"https://recipe1.ezmember.co.kr/cache/recipe/2015/08/17/fbc5572bf27c871ed37ba0ee2e7e48871.jpg",
		"https://recipe1.ezmember.co.kr/cache/recipe/2015/08/17/b5bb1919795fc945b636ea2fc232254f1.jpg"
	]
}