{
	"id": "2399193",
	"name": "매콤하게 즐기는 새우당면 덮밥",
	"thumbnail": "https://recipe1.ezmember.co.kr/cache/recipe/2015/06/08/0d52cda0d7e6cb717a662f9cdbedb1c1.jpg",
	"url": "https://www.10000recipe.com/recipe/2399193",
	"ingredient_ids": [
		79,
		3,
		27,
		233,
		237,
		660,
		226,
		473,
		477,
		292
	],
	"time": "30",
	"ingre_list": [
		{
			"ingre_name": "불린당면1줌(150g정도)",
			"ingre_count": "1줌(150g 정도)",
			"ingre_unit": "줌(g 정도)"
		},
		{
			"ingre_name": "새우",
			"ingre_count": "20",
			"ingre_unit": "마리"
		},
		{
			"ingre_name": "양파",
			"ingre_count": "1/2",
			"ingre_unit": "개"
		},
		{
			"ingre_name": "대파",
			"ingre_count": "1/2",
			"ingre_unit": "대"
		},
		{
			"ingre_name": "다진마늘",
			"ingre_count": "1",
			"ingre_unit": "큰술"
		},
		{
			"ingre_name": "고추기름",
			"ingre_count": "1",
			"ingre_unit": "큰술"
		},
		{
			"ingre_name": "참기름",
			"ingre_count": "1",
			"ingre_unit": "큰술"
		},
		{
			"ingre_name": "멸치다시마물",
			"ingre_count": "1/2",
			"ingre_unit": "컵"
		},
		{
			"ingre_name": "설탕",
			"ingre_count": "1/2",
			"ingre_unit": "큰술"
		},
		{
			"ingre_name": "고추장",
			"ingre_count": "1",
			"ingre_unit": "큰술"
		},
		{
			"ingre_name": "굴소스",
			"ingre_count": "1",
			"ingre_unit": "큰술"
		},
		{
			"ingre_name": "맛술",
			"ingre_count": "2",
			"ingre_unit": "큰술"
		},
		{
			"ingre_name": "후추",
			"ingre_count": "",
			"ingre_unit": "약간"
		}
	],
	"recipe": [
		"1. 당면은 미지근한 물에 20~30분 정도 불려준비하세요.",
		"2. 양념재료는 미리 섞어서 준비하세요.",
		"3. 팬이 달궈지기 전에 고추기름과 다진마늘을 넣고 향을 내며 볶아주세요.",
		"4. 팬이 달궈지면 새우와 양파를 넣고 볶아주세요.",
		"5. 새우가 익으면 당면과 파를 넣고 당면이 투명하게 익을 때까지 볶아주세요. 당면이 너무 길면 먹기가 불편하니깐 정당히 잘라 넣으면 좋아요.",
		"6. 양념을 붓고 잘섞은 다음 바글바글 끓여 잘어우러지면 참기름을 둘러 섞은 다음 불을 끄고 밥에 얹어내세요."
	],
	"recipe_img": [
		"https://recipe1.ezmember.co.kr/cache/recipe/2015/07/09/57c8283932ca8a39456acf2dcdcec5611.jpg",
		"https://recipe1.ezmember.co.kr/cache/recipe/2015/07/09/31774aafa5e10af4260cf58fb8a76e641.jpg",
		"https://recipe1.ezmember.co.kr/cache/recipe/2015/07/09/eebd5984d97542429ca5e5849ec485e11.jpg",
		"https://recipe1.ezmember.co.kr/cache/recipe/2015/07/09/ffb54fcd2d5d338a977f07c7427217641.jpg",
		"https://recipe1.ezmember.co.kr/cache/recipe/2015/07/09/ea6c7787c69dcaa32df36b35b00d84c81.jpg",
		"https://recipe1.ezmember.co.kr/cache/recipe/2015/07/09/b8e7402294758239bb693dbb58242ab01.jpg"
	]
}