{
	"id": "2406684",
	"name": "명란젓 계란말이",
	"thumbnail": "https://recipe1.ezmember.co.kr/cache/recipe/2015/06/05/44006a88b7299ef5378c4c08fe828471.jpg",
	"url": "https://www.10000recipe.com/recipe/2406684",
	"ingredient_ids": [
		342,
		432,
		497
	],
	"time": "15",
	"ingre_list": [
		{
			"ingre_name": "명란젓",
			"ingre_count": "",
			"ingre_unit": ""
		},
		{
			"ingre_name": "계란",
			"ingre_count": "2",
			"ingre_unit": "개"
		},
		{
			"ingre_name": "포도씨유",
			"ingre_count": "",
			"ingre_unit": ""
		},
		{
			"ingre_name": "소금",
			"ingre_count": "",
			"ingre_unit": "약간"
		}
	],
	"recipe": [
		"1. 계란은 소금을 살짝 넣고 풀어 줍니다. 달군팬에 계란물을 붓고 가운데 명란젓을 올려줍니다.",
		"2. 약불에서 돌돌 말아주세요.",
		"3. 완성된 계란말이는 한김 식혀 썰어냅니다."
	],
	"recipe_img": [
		"https://recipe1.ezmember.co.kr/cache/recipe/2015/06/07/ade704238fa7699d01bf5cea531929881.jpg",
		"https://recipe1.ezmember.co.kr/cache/recipe/2015/06/07/1298b219bb513641737840b7cf0a3a541.jpg",
		"https://recipe1.ezmember.co.kr/cache/recipe/2015/06/07/ad86f7fe93a2f0203014e6077645c27e1.jpg"
	]
}