{
	"id": "2411645",
	"name": "얼큰한 돼지고기 호박고지김치찌개 ",
	"thumbnail": "https://recipe1.ezmember.co.kr/cache/recipe/2015/07/23/c227aab3d46f8b95f477bc9cc9aa8ac0.jpg",
	"url": "https://www.10000recipe.com/recipe/2411645",
	"ingredient_ids": [
		954,
		953,
		3,
		27,
		233,
		224,
		327,
		995,
		736,
		224,
		497,
		327,
		233,
		736,
		224,
		497,
		327,
		233
	],
	"time": "30",
	"ingre_list": [
		{
			"ingre_name": "돼지고기앞다리살",
			"ingre_count": "480",
			"ingre_unit": "g"
		},
		{
			"ingre_name": "호박고지",
			"ingre_count": "40",
			"ingre_unit": "g"
		},
		{
			"ingre_name": "김치",
			"ingre_count": "300",
			"ingre_unit": "g"
		},
		{
			"ingre_name": "양파",
			"ingre_count": "1/4",
			"ingre_unit": "개"
		},
		{
			"ingre_name": "대파",
			"ingre_count": "1/2",
			"ingre_unit": "뿌리"
		},
		{
			"ingre_name": "홍고추",
			"ingre_count": "1",
			"ingre_unit": "개"
		},
		{
			"ingre_name": "다진마늘",
			"ingre_count": "1",
			"ingre_unit": "큰술"
		},
		{
			"ingre_name": "고춧가루",
			"ingre_count": "1",
			"ingre_unit": "큰술"
		},
		{
			"ingre_name": "들기름",
			"ingre_count": "1",
			"ingre_unit": "큰술"
		},
		{
			"ingre_name": "물",
			"ingre_count": "4",
			"ingre_unit": "컵"
		},
		{
			"ingre_name": "조선간장",
			"ingre_count": "1",
			"ingre_unit": "큰술"
		},
		{
			"ingre_name": "매실엑기스",
			"ingre_count": "2",
			"ingre_unit": "큰술"
		},
		{
			"ingre_name": "고춧가루",
			"ingre_count": "1",
			"ingre_unit": "큰술"
		},
		{
			"ingre_name": "소금",
			"ingre_count": "",
			"ingre_unit": "약간"
		},
		{
			"ingre_name": "들기름",
			"ingre_count": "1",
			"ingre_unit": "큰술"
		},
		{
			"ingre_name": "다진마늘",
			"ingre_count": "1",
			"ingre_unit": "큰술"
		},
		{
			"ingre_name": "조선간장",
			"ingre_count": "1",
			"ingre_unit": "작은술"
		},
		{
			"ingre_name": "고춧가루",
			"ingre_count": "1",
			"ingre_unit": "큰술"
		},
		{
			"ingre_name": "소금",
			"ingre_count": "",
			"ingre_unit": "약간"
		},
		{
			"ingre_name": "들기름",
			"ingre_count": "1",
			"ingre_unit": "큰술"
		},
		{
			"ingre_name": "다진마늘",
			"ingre_count": "1",
			"ingre_unit": "작은술"
		}
	],
	"recipe": [
		"1. 대파, 양파, 마늘은 껍질을 벗겨 씻은 후 대파는 어슷썰고 양파는 채썰고 마늘은 다져 줍니다.",
		"2. 돼지고기 앞다리살은 먹기 좋은 크기로 썰어서 분량의 양념 재료를 넣어 간이 배도록 조물조물 버무려 줍니다.",
		"3. 호박고지는 따뜻한 물에 불린 후 흐르는 물에 씻어서 물기를 제거하고 분량의 양념 재료를 넣어 조물조물 버무려 줍니다.",
		"4. 달군 프라이팬에 들기름을 두르고 김치를 넣어 볶아 줍니다.",
		"5. 양념한 돼지고기를 넣어 볶아 주다가 호박고지를 넣어 함께 볶아 줍니다.",
		"6. 물을 붓고 대파, 양파, 홍고추, 고춧가루를 넣어 한소끔 끓인 후 약한불에서 끓여 줍니다.",
		"7. 다진마늘과 소금으로 간을 맞춘 다음 한소끔 끓여서 불에서 내려요.",
		"8. 얼큰한 호박고지 김치찌개 완성."
	],
	"recipe_img": [
		"https://recipe1.ezmember.co.kr/cache/recipe/2015/07/24/f709fda6ab31ef623e82cb374cf9a35e1.jpg",
		"https://recipe1.ezmember.co.kr/cache/recipe/2015/07/24/8f2b45637d267086b1abdcad538f7b461.jpg",
		"https://recipe1.ezmember.co.kr/cache/recipe/2015/07/24/4ee84170ba8dc4cc12913ad9425ee3301.jpg",
		"https://recipe1.ezmember.co.kr/cache/recipe/2015/07/24/2e0043eae6b7794ba2a981da5728f25d1.jpg",
		"https://recipe1.ezmember.co.kr/cache/recipe/2015/07/24/18a68f06e0ebbda6c33cefe5d45e5e881.jpg",
		"https://recipe1.ezmember.co.kr/cache/recipe/2015/07/24/52d9e4a31419ef2fcfa55ae7ce75d9de1.jpg",
		"https://recipe1.ezmember.co.kr/cache/recipe/2015/07/24/fea47f36b54fd347f02a4c767b82915b1.jpg",
		"https://recipe1.ezmember.co.kr/cache/recipe/2015/07/24/651e0e0591023dd9bee7d31e407abd6a1.jpg"
	]
}