{
	"id": "2421106",
	"name": "돈까스피자 만들기",
	"thumbnail": "https://recipe1.ezmember.co.kr/cache/recipe/2015/06/25/f857cb57d7d14d6a2e3028bcf1d6d4ea.jpg",
	"url": "https://www.10000recipe.com/recipe/2421106",
	"ingredient_ids": [],
	"time": "30",
	"ingre_list": [],
	"recipe": [
		"1. 돈까스는 오븐에 기름을 조금 뿌려 구워줍니다.",
		"2. 돈까스에 올릴 토핑을 취향껏 준비합니다. 신김치 다진것, 양파다진것, 옥수수캔을 준비했어요.",
		"3. 오븐용 접시나 용기에 돈가스를 먹기좋게 잘라서 담아주시구요.",
		"4. 썰어놓은 양파를 올리고 피자소스를 뿌립니다.",
		"5. 캔옥수수도 넣어주세요.",
		"6. 다진 김치를 올립니다.",
		"7. 피자치즈와 파슬리가루로 마무리. 180도로 예열된 오븐에서 피자치즈가 녹을정도로만 구워주세요.오븐"
	],
	"recipe_img": [
		"https://recipe1.ezmember.co.kr/cache/recipe/2015/06/29/80ae9f087a4cec21a2dffacf0e51456e1.jpg",
		"https://recipe1.ezmember.co.kr/cache/recipe/2015/06/29/c39a58f414d26e0e92a550e7a277659e1.jpg",
		"https://recipe1.ezmember.co.kr/cache/recipe/2015/06/29/c5ce9f0c686acb795a693f316f8ff3e41.jpg",
		"https://recipe1.ezmember.co.kr/cache/recipe/2015/06/29/402373e151d32d976028999076ef54351.jpg",
		"https://recipe1.ezmember.co.kr/cache/recipe/2015/06/29/d5c5c84a784669e16eb804d5501754e01.jpg",
		"https://recipe1.ezmember.co.kr/cache/recipe/2015/06/29/986bd9353120691169709a368917ba6b1.jpg",
		"https://recipe1.ezmember.co.kr/cache/recipe/2015/06/29/07c3162d240395a4edbf7801e05217321.jpg"
	]
}