{
	"id": "2423386",
	"name": "뚝배기달걀찜",
	"thumbnail": "https://recipe1.ezmember.co.kr/cache/recipe/2015/07/27/3b675e9f86ec06962d79c3a1f20b0ca2.jpg",
	"url": "https://www.10000recipe.com/recipe/2423386",
	"ingredient_ids": [
		219,
		22,
		104,
		390
	],
	"time": "15",
	"ingre_list": [
		{
			"ingre_name": "달걀",
			"ingre_count": "4",
			"ingre_unit": "개"
		},
		{
			"ingre_name": "다시마물1+1/2컵",
			"ingre_count": "1+1/2",
			"ingre_unit": "컵"
		},
		{
			"ingre_name": "피망",
			"ingre_count": "1/2",
			"ingre_unit": "개"
		},
		{
			"ingre_name": "붉은피망",
			"ingre_count": "1/2",
			"ingre_unit": "개"
		},
		{
			"ingre_name": "옥수수",
			"ingre_count": "2",
			"ingre_unit": "큰술"
		},
		{
			"ingre_name": "새우젓",
			"ingre_count": "1",
			"ingre_unit": "작은술"
		}
	],
	"recipe": [
		"1. 옥수수와 피망을 준비했습니다. 피망과 붉은 피망은 잘게 칼질을 합니다.",
		"2. 달걀은 젓가락을 이용하여 알끈을 집어 건져냅니다.",
		"3. 달걀은 곱게 풀어서 채에 내려 준비를 합니다",
		"4. 불 위에 뚝배기를 올리고 다시마물을 절반 약간 안 되게 넣고 옥수수와 피망을 함께 넣어 끓입니다. 끓으면 새우젓으로 간을 맞춥니다. 소금을 이용하여도 되구요",
		"5. 중불에 다시마물이 끓으면 풀은 달걀물을 가늘게 줄알을 만들어 뚝배기에 한바퀴 돌립니다.",
		"6. 달걀물 절반을 넣고 잠시 뜸을 들이면 뚝배기에 들어간 달걀물이 익으면서 살며시 올라오는데요.",
		"7. 뚝배기속의 달걀물과 채소가 올라오면 빈 공간을 찾아 나머지 달걀물을 가늘게 풀어줍니다.",
		"8. 나머지 달걀물을 모두 넣고 30초 정도 기다렸다가 살며시 바닥을 한번 저어주고 불은 약불로 조절을 합니다.",
		"9. 달걀을 저을때는 중앙보다는 뚝배기 가장자리와 밑바닥을 슬면시 바닥을 긁는 형식으로 저어주면 되구요.",
		"10. 뚝배기 가장자리에서 달걀물이 끓으면 불을 끄고, 뚜껑을 덮습니다",
		"11. 뚝배기 중앙의 달걀물은 아직 익지않았지만 여열로 충분히 익혀진답니다. 딱 5분만 기다렸다 뚜껑을 열면 바닥까지 모두 먹을 수 있는 뚝배기달걀찜이 완성됩니다."
	],
	"recipe_img": [
		"https://recipe1.ezmember.co.kr/cache/recipe/2015/07/29/997ed885fa97980e1ae0eb4d44b310791.jpg",
		"https://recipe1.ezmember.co.kr/cache/recipe/2015/07/29/20839a689e786a5ecf4acfcf2d26c01a1.jpg",
		"https://recipe1.ezmember.co.kr/cache/recipe/2015/07/29/4f320650fcf1da267e3e32ed964d6af41.jpg",
		"https://recipe1.ezmember.co.kr/cache/recipe/2015/07/29/e43265c51a7a0b0976a68f27511c306e1.jpg",
		"https://recipe1.ezmember.co.kr/cache/recipe/2015/07/29/7c05b612fc82edb56c69f3acfa9939b31.jpg",
		"https://recipe1.ezmember.co.kr/cache/recipe/2015/07/29/dfecd5b97e78c6b3ba96753716e3c3121.jpg",
		"https://recipe1.ezmember.co.kr/cache/recipe/2015/07/29/30917cad54ab7cee51f1f81834b961831.jpg",
		"https://recipe1.ezmember.co.kr/cache/recipe/2015/07/29/85afe92eab05dd9c8103f67c2597592e1.jpg",
		"https://recipe1.ezmember.co.kr/cache/recipe/2015/07/29/1b6e49161bbdd498859dfdb4985063691.jpg",
		"https://recipe1.ezmember.co.kr/cache/recipe/2015/07/29/618a917e5e0d85bf03d183e72e6c1a151.jpg",
		"https://recipe1.ezmember.co.kr/cache/recipe/2015/07/29/c3cb315af9f0e894baa0709a4a9317551.jpg"
	]
}