{
	"id": "2430638",
	"name": "시레기(시래기)밥 ",
	"thumbnail": "https://recipe1.ezmember.co.kr/cache/recipe/2015/06/08/77faa179c090adef7d342ca7dd6cd920.jpg",
	"url": "https://www.10000recipe.com/recipe/2430638",
	"ingredient_ids": [
		96,
		327,
		665,
		233,
		1015,
		349,
		350,
		660
	],
	"time": "60",
	"ingre_list": [
		{
			"ingre_name": "쌀",
			"ingre_count": "2",
			"ingre_unit": "컵"
		},
		{
			"ingre_name": "썰어놓은시래기",
			"ingre_count": "2",
			"ingre_unit": "대접"
		},
		{
			"ingre_name": "들기름",
			"ingre_count": "1",
			"ingre_unit": "큰술"
		},
		{
			"ingre_name": "참치액",
			"ingre_count": "1",
			"ingre_unit": "큰술"
		},
		{
			"ingre_name": "다진마늘",
			"ingre_count": "1",
			"ingre_unit": "작은술"
		},
		{
			"ingre_name": "육수",
			"ingre_count": "2",
			"ingre_unit": "컵"
		},
		{
			"ingre_name": "국간장",
			"ingre_count": "1",
			"ingre_unit": "큰술"
		},
		{
			"ingre_name": "다진양파",
			"ingre_count": "1",
			"ingre_unit": "큰술"
		},
		{
			"ingre_name": "다진파",
			"ingre_count": "1",
			"ingre_unit": "큰술"
		},
		{
			"ingre_name": "깨소금",
			"ingre_count": "",
			"ingre_unit": "약간"
		},
		{
			"ingre_name": "참기름",
			"ingre_count": "1",
			"ingre_unit": "큰술"
		}
	],
	"recipe": [
		"1. 시레기는 송송썰어 들기름 1 큰술, 참치액 1 큰술, 다진마늘 1 작을술을 시레기의 양에 따라 넣고 달달달 볶아 주세요.",
		"2. 쌀을씻어 보통의 밥을 하듯 물(혹은 북어머리 육수)을 넣으세요.",
		"3. 밥물은 평소와 같이 넣고 볶은 시레기를 덮어 줍니다,",
		"4. 국간장 1 큰술, 다진 양파 1 큰술, 다진파 1큰술, 깨소금, 참기름 1 큰술을 넣어 준비해주세요.",
		"5. 밥이 완성되면 뭉그러지지 않게 가볍게 섞어줍니다.",
		"6. 양념간장속 건더기를 푹떠올려 놓고 부드럽게 비벼 드시면 됩니다."
	],
	"recipe_img": [
		"https://recipe1.ezmember.co.kr/cache/recipe/2015/08/12/718f4cc38e64ad1ab6d693b1edfac90e1.jpg",
		"https://recipe1.ezmember.co.kr/cache/recipe/2015/08/12/5c1a0c62891dd02951ba14a0dca2e2571.jpg",
		"https://recipe1.ezmember.co.kr/cache/recipe/2015/08/12/3f3340cd099c8540aa8b3c90dd89797f1.jpg",
		"https://recipe1.ezmember.co.kr/cache/recipe/2015/08/12/f56b1e7e8415b3ab0b424df996d6cee51.jpg",
		"https://recipe1.ezmember.co.kr/cache/recipe/2015/08/12/ae1411e5d6414dda5aab027aef8315951.jpg",
		"https://recipe1.ezmember.co.kr/cache/recipe/2015/08/12/056bdf257ac1305ba1c3cb65a09a29d01.jpg"
	]
}