{
	"id": "2431803",
	"name": "뜨끈뜨끈 든든한 한우갈비탕",
	"thumbnail": "https://recipe1.ezmember.co.kr/cache/recipe/2015/08/04/c2fdb16f39949b233d4622ae6149362c.jpg",
	"url": "https://www.10000recipe.com/recipe/2431803",
	"ingredient_ids": [
		995,
		857,
		29,
		219,
		132,
		349,
		233,
		660,
		497
	],
	"time": "60",
	"ingre_list": [
		{
			"ingre_name": "소갈비(탕용)",
			"ingre_count": "400",
			"ingre_unit": "g"
		},
		{
			"ingre_name": "무5cm",
			"ingre_count": "1",
			"ingre_unit": "토막"
		},
		{
			"ingre_name": "물",
			"ingre_count": "2.",
			"ingre_unit": ".L"
		},
		{
			"ingre_name": "대파흰부분",
			"ingre_count": "1",
			"ingre_unit": "대"
		},
		{
			"ingre_name": "통후추",
			"ingre_count": "10",
			"ingre_unit": "알"
		},
		{
			"ingre_name": "마늘",
			"ingre_count": "7",
			"ingre_unit": "개"
		},
		{
			"ingre_name": "달걀",
			"ingre_count": "1",
			"ingre_unit": "개"
		},
		{
			"ingre_name": "대추",
			"ingre_count": "10",
			"ingre_unit": "개"
		},
		{
			"ingre_name": "국간장",
			"ingre_count": "2",
			"ingre_unit": "T"
		},
		{
			"ingre_name": "다진마늘",
			"ingre_count": "1",
			"ingre_unit": "T"
		},
		{
			"ingre_name": "참기름",
			"ingre_count": "0.",
			"ingre_unit": ".T"
		},
		{
			"ingre_name": "소금",
			"ingre_count": "",
			"ingre_unit": "약간"
		}
	],
	"recipe": [
		"1. 갈비는 차가운 물에 담가 핏물을 깨끗하게 제거해 주고 핏물 빠진 갈비는 물기를 제거하고 끓는 물에 데치고 깨끗하게 헹궈 주세요.",
		"2. 물에 데친 갈비와 대파, 마늘, 통후추를 넣고 끓이다가 물이 끓기 시작하면 약불로 줄여 2시간 가량 끓여 주세요. 대파와 후추, 마늘은 건져 내고 갈비탕을 차갑게 식혀 위에 뜬 기름을 제거해 주세요. (이 과정이 번거로우신 분은 끓이는 중간에 기름을 제거해 주셔도 됩니다.)",
		"3. 기름을 제거한 갈비탕에 무를 넣고 약불로 30분 가량 끓여 주세요.",
		"4. 잘 익은 갈비와 무를 꺼내 무는 나박썰기하고 분량의 양념 (국간장, 다진마늘, 참기름)을 넣고 조물조물 버무려 주세요.",
		"5. 갈비탕에 양념한 갈비와 무를 넣고 30분간 약불로 끓이고 마무리해줍니다.(부족한 간은 소금으로 해주세요.)"
	],
	"recipe_img": [
		"https://recipe1.ezmember.co.kr/cache/recipe/2015/08/06/e0cbe1bfbd594c4ed54fa8d59aedd1841.jpg",
		"https://recipe1.ezmember.co.kr/cache/recipe/2015/08/06/2d23ae59c047974e2467ef1793ea22751.jpg",
		"https://recipe1.ezmember.co.kr/cache/recipe/2015/08/06/d1e37c02a33b21716b9d0f8ece9c6b121.jpg",
		"https://recipe1.ezmember.co.kr/cache/recipe/2015/08/06/d2d32747124e0be433e274553c3881911.jpg",
		"https://recipe1.ezmember.co.kr/cache/recipe/2015/08/06/0a1dde076b15f7b5d9007d30cb60b2761.jpg"
	]
}