{
	"id": "2434049",
	"name": "등심돈까스",
	"thumbnail": "https://recipe1.ezmember.co.kr/cache/recipe/2015/06/08/b518556603d6a8e23cab51e98e8e2fbc.jpg",
	"url": "https://www.10000recipe.com/recipe/2434049",
	"ingredient_ids": [
		226
	],
	"time": "30",
	"ingre_list": [
		{
			"ingre_name": "등심돈가스",
			"ingre_count": "2",
			"ingre_unit": "개"
		},
		{
			"ingre_name": "감자중간크기",
			"ingre_count": "2",
			"ingre_unit": "개"
		},
		{
			"ingre_name": "마요네스",
			"ingre_count": "1",
			"ingre_unit": "큰술"
		},
		{
			"ingre_name": "설탕",
			"ingre_count": "",
			"ingre_unit": "조금"
		}
	],
	"recipe": [
		"1. 감자는 이렇게 하나를 8등분으로 자라주고 끓는 물에 3-5분 데쳐주시구요. 물기를 빼고 올리브유 한스푼에 감자를 넣고 소금간 조금해주고 파슬리가루도 뿌려서 골고루 섞어줍니다.",
		"2. 옥수수콘이랑 맛살, 마요네즈, 파프리카를 넣어서 섞어주고 이렇게 귀여운 오븐용기에 담아서 웨지감자랑 함께 구워줄거랍니다.",
		"3. 돈까스에 기름을 분무기로 좀 뿌려주시고 오븐 미리 예열 해두시구요. 오븐 220도에서 25분 구워줍니다.오븐",
		"4. 돈까스 소스는 시판용으로 물이랑 소스비율을 전 2:8로 해줬어요. 그리고 곁들일 새싹야채까지 준비해주시구요.",
		"5. 돈까스 접시에 담아주고 새싹채소 놓고 접시 자리잡아주고 돈까스 소스를 고기 반쪽만 뿌려줬어요."
	],
	"recipe_img": [
		"https://recipe1.ezmember.co.kr/cache/recipe/2015/07/10/196ad2cdb7b6fd19b082e7914cbc687e1.jpg",
		"https://recipe1.ezmember.co.kr/cache/recipe/2015/07/10/f63e0434f03613d452be33699c72471c1.jpg",
		"https://recipe1.ezmember.co.kr/cache/recipe/2015/07/10/1948e854f85f733df7a7445563ad38f21.jpg",
		"https://recipe1.ezmember.co.kr/cache/recipe/2015/07/10/a9fbd1a7fd6d87175685d7eecbb972071.jpg",
		"https://recipe1.ezmember.co.kr/cache/recipe/2015/07/10/b93a21949187482a978e1c6141d0a5791.jpg"
	]
}