{
	"id": "2452797",
	"name": "코코넛 밀크 카레라이스",
	"thumbnail": "https://recipe1.ezmember.co.kr/cache/recipe/2015/08/19/4fb939c6d246e448576fe2057bfc9e08.jpg",
	"url": "https://www.10000recipe.com/recipe/2452797",
	"ingredient_ids": [
		487,
		5,
		9,
		325,
		3,
		233,
		846,
		722
	],
	"time": "30",
	"ingre_list": [
		{
			"ingre_name": "돼지고기",
			"ingre_count": "150",
			"ingre_unit": "g"
		},
		{
			"ingre_name": "감자",
			"ingre_count": "110",
			"ingre_unit": "g"
		},
		{
			"ingre_name": "당근",
			"ingre_count": "55",
			"ingre_unit": "g"
		},
		{
			"ingre_name": "호박",
			"ingre_count": "60",
			"ingre_unit": "g"
		},
		{
			"ingre_name": "양파",
			"ingre_count": "90",
			"ingre_unit": "g"
		},
		{
			"ingre_name": "다진마늘",
			"ingre_count": "1",
			"ingre_unit": "t"
		},
		{
			"ingre_name": "청주",
			"ingre_count": "1/2",
			"ingre_unit": "T"
		},
		{
			"ingre_name": "치킨브로스or물",
			"ingre_count": "1",
			"ingre_unit": "컵"
		},
		{
			"ingre_name": "코코넛밀크",
			"ingre_count": "1",
			"ingre_unit": "컵"
		},
		{
			"ingre_name": "카레가루",
			"ingre_count": "2",
			"ingre_unit": "T"
		}
	],
	"recipe": [
		"1. 돼지고기는 큼직큼직하게 썰어서 준비해줍니다. 소고기, 닭고기 사용도 가능합니다. 혹 고기가 싫으시다면 고기의 양을 다른 야채로 대체해주셔도 좋습니다.",
		"2. 야채들도 고기크기에 맞춰 큼직하게 썰어서 준비해줍니다.",
		"3. 팬에 버터를 넣어 녹인후 돼지고기를 볶아 줍니다. 돼지고기가 어느정도 익었다 싶으면 당근과 감자를 넣고 다시금 볶아줍니다. 감자도 한 절반정도 익었다 싶으시면 호박과 양파를 넣고 휘릭휘릭 ~그리 오래 볶지는 마시구요 ~왜냐면 육수를 부어서 또 끓일거니깐 오래 볶지 않으셔도 됩니다.",
		"4. 준비해두신 치킨브로쓰를 넣어주시고 팔팔 끓여줍니다. 치킨브로쓰가 없으면 물을 사용해도 좋습니다.",
		"5. 코코넛 밀크에 카레가루를 넣고 카레가루가 덩어리 지지 않도록 잘 섞어줍니다.",
		"6. 잘 섞은 코코넛밀크 카레를 재료에 넣어서 바글바글 끓여줍니다. 농도가 너무 진하다 싶으면 물을 좀 더 넣어줍니다. 좀 싱겁다 싶으면 카레가루를 더 넣어주시면 됩니다."
	],
	"recipe_img": [
		"https://recipe1.ezmember.co.kr/cache/recipe/2015/08/19/8f1495e7ea0b4da6c88ad86cefffc5061.jpg",
		"https://recipe1.ezmember.co.kr/cache/recipe/2015/08/19/697c479535c9253ee7ca44e59cd018e91.jpg",
		"https://recipe1.ezmember.co.kr/cache/recipe/2015/08/19/4053952ed9eeb46f6baab6d4c028aa591.jpg",
		"https://recipe1.ezmember.co.kr/cache/recipe/2015/08/19/1f098be85a0f72840e4ad18069d6a9fb1.jpg",
		"https://recipe1.ezmember.co.kr/cache/recipe/2015/08/19/ceeb2766fe5dde69b00ec414e32677cf1.jpg",
		"https://recipe1.ezmember.co.kr/cache/recipe/2015/08/19/1879df997de1e35e07ee968ff49b56651.jpg"
	]
}