{
	"id": "2477819",
	"name": "소고기떡국 끓이기",
	"thumbnail": "https://recipe1.ezmember.co.kr/cache/recipe/2015/07/24/1dce8700bdeb3186ecd2498233942391.jpg",
	"url": "https://www.10000recipe.com/recipe/2477819",
	"ingredient_ids": [
		852,
		219,
		497,
		379,
		660,
		233,
		226,
		350
	],
	"time": "30",
	"ingre_list": [
		{
			"ingre_name": "떡국떡",
			"ingre_count": "2",
			"ingre_unit": "공기"
		},
		{
			"ingre_name": "멸치다시육수",
			"ingre_count": "4",
			"ingre_unit": "컵"
		},
		{
			"ingre_name": "소고기다짐육",
			"ingre_count": "100",
			"ingre_unit": "g"
		},
		{
			"ingre_name": "달걀",
			"ingre_count": "2",
			"ingre_unit": "개"
		},
		{
			"ingre_name": "소금",
			"ingre_count": "",
			"ingre_unit": "약간"
		},
		{
			"ingre_name": "기름",
			"ingre_count": "",
			"ingre_unit": "약간"
		},
		{
			"ingre_name": "간장",
			"ingre_count": "4",
			"ingre_unit": "큰술"
		},
		{
			"ingre_name": "참기름",
			"ingre_count": "1",
			"ingre_unit": "큰술"
		},
		{
			"ingre_name": "다진마늘",
			"ingre_count": "1",
			"ingre_unit": "큰술"
		},
		{
			"ingre_name": "다진파",
			"ingre_count": "1",
			"ingre_unit": "큰술"
		},
		{
			"ingre_name": "설탕",
			"ingre_count": "1/2",
			"ingre_unit": "큰술"
		},
		{
			"ingre_name": "깨소금",
			"ingre_count": "1",
			"ingre_unit": "작은술"
		}
	],
	"recipe": [
		"1. 소고기 양념재료를 모두 섞은후에 소고기를 넣고 30분정도 재워주세요.",
		"2. 떡국떡은 물에 담가주세요.",
		"3. 달걀흰자,노른자를 분리해주세요.",
		"4. 달걀노른자는 알끈,기포제거후에 팬에 기름을 두르고 키친타올로 닦아낸후 약한불에서 노른자를 넣어주신후에 노른자가 윗면이 노랗게 되면 이쑤시개로 가장자리를 들어 들리면 뒤집어 익혀주세요. 달걀흰자도 알끈,기포제거후에 중약불에서 흰자를 부쳐주세요.",
		"5. 노른자위에 흰자를 반정도 올린후에 돌돌 말아 적당히 썰어주세요 .",
		"6. 멸치다시육수를 냄비에 넣어 끓어오르면 떡국떡을 넣고 끓여주세요.",
		"7. 재워둔 고기를 센불에서 후다닥 볶아주세요. 그릇에 떡국과 국물을 담고 고명으로 소고기,달걀지단을 올려드시면 된답니다."
	],
	"recipe_img": [
		"https://recipe1.ezmember.co.kr/cache/recipe/2015/07/24/901604f9643fe9df1b81b0bf6b2370ab1.jpg",
		"https://recipe1.ezmember.co.kr/cache/recipe/2015/07/24/5b91d950ff1dbd0ce88ea27592bdeba21.jpg",
		"https://recipe1.ezmember.co.kr/cache/recipe/2015/07/24/03e3c2280a9f7cc3946c90ee42ac448a1.jpg",
		"https://recipe1.ezmember.co.kr/cache/recipe/2015/07/24/64ad0ad32ce689c537922ea2ed028bd51.jpg",
		"https://recipe1.ezmember.co.kr/cache/recipe/2015/07/24/f0bfe7c3f6a3c04d2eef7973e3d3ac7f1.jpg",
		"https://recipe1.ezmember.co.kr/cache/recipe/2015/07/24/5813de3ad0efe8e84683089aec976cbc1.jpg",
		"https://recipe1.ezmember.co.kr/cache/recipe/2015/07/24/0eca69a0d7cae20c7ca9170d404997d71.jpg"
	]
}