{
	"id": "2479063",
	"name": "돼지고기 장조림",
	"thumbnail": "https://recipe1.ezmember.co.kr/cache/recipe/2015/07/30/95600751924d5ad8cd1067b9f6a58600.jpg",
	"url": "https://www.10000recipe.com/recipe/2479063",
	"ingredient_ids": [],
	"time": "60",
	"ingre_list": [],
	"recipe": [
		"1. 일단 장조림으로 만들기위해 적당한 크기로 썰어서 핏물제거를 해주었어요~",
		"2. 맥주를 뭇고.. 생강과 고기를 넣고 푸욱~ 삶아주었어요~",
		"3. 잘 삶아진 고기는 일단 건져서~ 먹기좋은 크기로 잘라주세요",
		"4. 냄비에 다시 고기를 넣고 장조림 소스로 시판 안동찜닭소스를 부어주었네요~ 달달한걸 좋아해서리 흑설탕 한수저 추가했네요~ 그리고 물도 한컵 넣어주었어요~ 국물이 졸아들때까지 바글바글 끓여주세요~ 넘 센불에 끓이지마시고 중불에서 약불로 은근히 졸여주시는 센쑤~",
		"5. 그사이에 청고추 홍고추 마늘을 준비해주심 더 맛난 장조림을 만들수 있네요~",
		"6. 소스와 고기가 어우러지고 있는사이 마늘도 넣어주세요",
		"7. 자 이제 참기름 한방울 넣어주시고 불을 꺼주심 간편한 돼지고기 장조림 완성~"
	],
	"recipe_img": [
		"https://recipe1.ezmember.co.kr/cache/recipe/2015/07/30/f65db0830aca2d239685029971e08f7a1.jpg",
		"https://recipe1.ezmember.co.kr/cache/recipe/2015/07/30/d300482547995c6b3bc2ebd73ff1699f1.jpg",
		"https://recipe1.ezmember.co.kr/cache/recipe/2015/07/30/66261be32990f42058d0eb483006b0fe1.jpg",
		"https://recipe1.ezmember.co.kr/cache/recipe/2015/07/30/055aa6c512f790c5ad1deeb09e8608a6.jpg",
		"https://recipe1.ezmember.co.kr/cache/recipe/2015/07/30/218b6af1ff726259e3f05eb65195ad5a1.jpg",
		"https://recipe1.ezmember.co.kr/cache/recipe/2015/07/30/7830ea8039c22c7de4d25152949bd1151.jpg",
		"https://recipe1.ezmember.co.kr/cache/recipe/2015/07/30/0c9c5970a911e82659fdaddd6de7464b1.jpg"
	]
}