{
	"id": "2480373",
	"name": "진한 국물의 쇠고기 무우국",
	"thumbnail": "https://recipe1.ezmember.co.kr/cache/recipe/2015/07/08/8628b3eb7cf7262ec5766e4440c460d6.jpg",
	"url": "https://www.10000recipe.com/recipe/2480373",
	"ingredient_ids": [
		323,
		27,
		233,
		349
	],
	"time": "30",
	"ingre_list": [
		{
			"ingre_name": "소고기양지",
			"ingre_count": "250",
			"ingre_unit": "g"
		},
		{
			"ingre_name": "물7컵(1400ml)",
			"ingre_count": "7컵(1400ml)",
			"ingre_unit": "컵(ml)"
		},
		{
			"ingre_name": "무작은크기1개(350~400g)",
			"ingre_count": "1개(350~400g)",
			"ingre_unit": "개(~g)"
		},
		{
			"ingre_name": "두부",
			"ingre_count": "1/2",
			"ingre_unit": "모"
		},
		{
			"ingre_name": "대파",
			"ingre_count": "1",
			"ingre_unit": "대"
		},
		{
			"ingre_name": "다진마늘",
			"ingre_count": "2",
			"ingre_unit": "ts"
		},
		{
			"ingre_name": "국간장",
			"ingre_count": "1.",
			"ingre_unit": ".Ts"
		}
	],
	"recipe": [
		"1. 무우는 껍질을 얇게 벗겨 3~4cm 두께로 가로로 썰어준다음, 반 갈라서 너무 얇지 않게 썰어줍니다. 두부도 무우랑 비슷한 크기로 썰어서 준비해두세요. 대파는 어슷썰기해서 준비해 두시구요.",
		"2. 적당하게 지방결이 들어가있는 양지예요. 양지는 덩어리로 준비해서 물을 넣은 냄비에 넣어서 끓여줍니다. 처음엔 센불로 가열해주고, 끓어오르면 중불로 줄여주세요. 젓가락으로 찔러보아서 핏물이 나오지 않을때까지 끓여주시면 되요.",
		"3. 끓이는 중간중간 거품은 걷어내주세요. 고기가 다 익으면 건져내고, 무우를 넣어서 끓여줍니다. 고기도 적당한 크기로 썰어서 넣어주세요. 한번 끓어오르면 다진 마늘을 넣어주고, 국간장을 넣어줍니다.",
		"4. 무우가 거의 익어가면 썰어둔 두부를 넣어서 끓여주고, 부족한 간은 소금으로 맞춰주세요. 기호에 따라 후춧가루를 약간만 넣어주셔도 괜찮아요. 두부가 익어서 둥둥 떠오르면 대파를 넣어 우르르 끓여준다음 불을 꺼줍니다. 이렇게 하면 깊고 진한 국물의 쇠고깃국이 완성되어요."
	],
	"recipe_img": [
		"https://recipe1.ezmember.co.kr/cache/recipe/2015/07/08/a69e0fdc9648cdf18f8e2e35d17c95f31.jpg",
		"https://recipe1.ezmember.co.kr/cache/recipe/2015/07/08/54f5f8c6bb06366a3780472cd3cad7d01.jpg",
		"https://recipe1.ezmember.co.kr/cache/recipe/2015/07/08/dae27fed0405a9ebd1fbf830fb1a610a1.jpg",
		"https://recipe1.ezmember.co.kr/cache/recipe/2015/07/08/0cfe5b46f0c96db079e0ddf35e3e94f51.jpg"
	]
}