{
	"id": "2484054",
	"name": "풋마늘대 무침",
	"thumbnail": "https://recipe1.ezmember.co.kr/cache/recipe/2015/07/24/2f72845c143a126f289254ca3b5088d8.jpg",
	"url": "https://www.10000recipe.com/recipe/2484054",
	"ingredient_ids": [],
	"time": "15",
	"ingre_list": [],
	"recipe": [
		"1. 끓는물에 소금 약간 넣고 풋마늘대 뿌리부분을 먼저 넣어주세요.",
		"2. 풋마늘대가 좀 익었다 싶을때 풋마늘대 줄기를 넣어주시고 한번 휘리릭 저어주신뒤 불을 끄심 되네요.",
		"3. 빛의 속도로 찬물에 휑궈내시고 체반에 받혀 물기를 빼주세요.",
		"4. 액젓과 참기름,통깨 이렇게 넣어주세요.",
		"5. 조물조물 무쳐주심 끝입니다."
	],
	"recipe_img": [
		"https://recipe1.ezmember.co.kr/cache/recipe/2015/07/24/1d3aa02138f9f3f701e17669c96883331.jpg",
		"https://recipe1.ezmember.co.kr/cache/recipe/2015/07/24/d827b85d3c356c520e7b94b877e7e58e1.jpg",
		"https://recipe1.ezmember.co.kr/cache/recipe/2015/07/24/1acbf09bcbffc8ec65689cd858052cfd1.jpg",
		"https://recipe1.ezmember.co.kr/cache/recipe/2015/07/24/f7f155489fb27a788d14ebaedb538bb11.jpg",
		"https://recipe1.ezmember.co.kr/cache/recipe/2015/07/24/770c9af42e6a27652be50e690b7113d71.jpg"
	]
}