{
	"id": "2485447",
	"name": "오징어 동그랑땡",
	"thumbnail": "https://recipe1.ezmember.co.kr/cache/recipe/2015/07/24/1b57887b32c1d16fd9c25d5d257cd410.jpg",
	"url": "https://www.10000recipe.com/recipe/2485447",
	"ingredient_ids": [
		65,
		9,
		30,
		104,
		3,
		503,
		219,
		497,
		233
	],
	"time": "30",
	"ingre_list": [
		{
			"ingre_name": "오징어",
			"ingre_count": "1",
			"ingre_unit": "마리"
		},
		{
			"ingre_name": "당근",
			"ingre_count": "50",
			"ingre_unit": "g"
		},
		{
			"ingre_name": "부추",
			"ingre_count": "100",
			"ingre_unit": "g"
		},
		{
			"ingre_name": "옥수수",
			"ingre_count": "50",
			"ingre_unit": "g"
		},
		{
			"ingre_name": "양파",
			"ingre_count": "1/2",
			"ingre_unit": "개"
		},
		{
			"ingre_name": "식빵",
			"ingre_count": "120",
			"ingre_unit": "g"
		},
		{
			"ingre_name": "달걀",
			"ingre_count": "1",
			"ingre_unit": "개"
		},
		{
			"ingre_name": "기름",
			"ingre_count": "",
			"ingre_unit": "적당량"
		},
		{
			"ingre_name": "홍고추(고명)",
			"ingre_count": "",
			"ingre_unit": "약간"
		},
		{
			"ingre_name": "소금",
			"ingre_count": "",
			"ingre_unit": "약간"
		},
		{
			"ingre_name": "후추",
			"ingre_count": "",
			"ingre_unit": "약간"
		},
		{
			"ingre_name": "다진마늘",
			"ingre_count": "1",
			"ingre_unit": "작은술"
		}
	],
	"recipe": [
		"1. 오징어,양파,당근,옥수수를 모두 믹서기에 넣어 갈아주세요.",
		"2. 식빵,부추를 넣어 섞어주신후에 랩을 도마에 깔아주신 다음 반죽을 올려주세요.",
		"3. 랩을 앞으로 당겨가면서 김밥말듯이 돌돌 말은후에 양쪽끝을 잡아당겨 동그랗게 만드신후에 냉동실에 얼려주세요. 얼린반죽을 실온에 10~15분 꺼내(칼로 썰정도까지)해동시켜 먹기좋게 썰어주세요.",
		"4. 달걀을 잘풀어 달걀옷을 입혀 팬에 기름 두르고 노릇하게 구워주시면 됩니다. 홍고추로 고명을 올려봤어요."
	],
	"recipe_img": [
		"https://recipe1.ezmember.co.kr/cache/recipe/2015/07/24/1fee486ae61465fa053b5d06e8f38c8c1.jpg",
		"https://recipe1.ezmember.co.kr/cache/recipe/2015/07/24/bf4a4e85944ceb75c2d71c1a0742acce1.jpg",
		"https://recipe1.ezmember.co.kr/cache/recipe/2015/07/24/65fd2b512af12c67cd165d6e954b24c51.jpg",
		"https://recipe1.ezmember.co.kr/cache/recipe/2015/07/24/e9f0e138f596fa0739ef7b230ca860aa1.jpg"
	]
}