{
	"id": "2491813",
	"name": "숭어매운탕",
	"thumbnail": "https://recipe1.ezmember.co.kr/cache/recipe/2015/07/30/eead5d93265402bf75717483128f1fc0.jpg",
	"url": "https://www.10000recipe.com/recipe/2491813",
	"ingredient_ids": [
		323,
		19,
		643,
		20,
		31,
		7,
		27,
		224,
		848,
		473,
		292,
		233,
		457,
		736
	],
	"time": "30",
	"ingre_list": [
		{
			"ingre_name": "숭어",
			"ingre_count": "1",
			"ingre_unit": "마리"
		},
		{
			"ingre_name": "두부",
			"ingre_count": "1/2",
			"ingre_unit": "모"
		},
		{
			"ingre_name": "무",
			"ingre_count": "",
			"ingre_unit": "적당량"
		},
		{
			"ingre_name": "홍고추",
			"ingre_count": "1",
			"ingre_unit": "개"
		},
		{
			"ingre_name": "풋고추",
			"ingre_count": "1",
			"ingre_unit": "개"
		},
		{
			"ingre_name": "미나리",
			"ingre_count": "",
			"ingre_unit": "적당량"
		},
		{
			"ingre_name": "쑥갓",
			"ingre_count": "",
			"ingre_unit": "적당량"
		},
		{
			"ingre_name": "애호박",
			"ingre_count": "1/4",
			"ingre_unit": "개"
		},
		{
			"ingre_name": "대파",
			"ingre_count": "1/2",
			"ingre_unit": "뿌리"
		},
		{
			"ingre_name": "고춧가루",
			"ingre_count": "3",
			"ingre_unit": "큰술"
		},
		{
			"ingre_name": "된장",
			"ingre_count": "1",
			"ingre_unit": "작은술"
		},
		{
			"ingre_name": "고추장",
			"ingre_count": "1",
			"ingre_unit": "작은술"
		},
		{
			"ingre_name": "멸치다시마국물",
			"ingre_count": "4",
			"ingre_unit": "큰술"
		},
		{
			"ingre_name": "맛술",
			"ingre_count": "1",
			"ingre_unit": "큰술"
		},
		{
			"ingre_name": "다진마늘",
			"ingre_count": "1",
			"ingre_unit": "큰술"
		},
		{
			"ingre_name": "다진생강",
			"ingre_count": "1",
			"ingre_unit": "작은술"
		},
		{
			"ingre_name": "조선간장",
			"ingre_count": "1",
			"ingre_unit": "큰술"
		}
	],
	"recipe": [
		"1. 야채를 손질해주세요",
		"2. 숭어은 꼬리와 지느러미, 비늘, 내장을 제거하고 흐르는 물에 헹군 다음 적당한 크기로 토막 내어 줍니다",
		"3. 냄비에 물을 적당히 붓고 무, 다시멸치, 다시마, 양파를 넣어 멸치다시마 국물을 내어 줍니다.",
		"4. 고추장, 고춧가루, 된장, 다진 마늘, 다진 생강, 멸치다시마국물, 맛술, 조선간장을 넣어 고루 섞은 후 양념장을 만들어 줍니다.",
		"5. 멸치다시마 국물의 건더기를 건져내고 양념을 푼 다음 무를 넣고 끓인 후 숭어와 애호박을 넣어 한소끔 끓여 줍니다.",
		"6. 두부, 홍고추, 풋고추, 대파를 넣고 한소끔 끓인 후 쑥갓, 미나리를 넣어 주고 소금으로 간을 맞춰 준 다음 불에서 내려요."
	],
	"recipe_img": [
		"https://recipe1.ezmember.co.kr/cache/recipe/2015/07/30/f9b36872cb2e0a930d3b3f3ac9345a631.jpg",
		"https://recipe1.ezmember.co.kr/cache/recipe/2015/07/30/214f7641f7861ee95ababdc106599c511.jpg",
		"https://recipe1.ezmember.co.kr/cache/recipe/2015/07/30/ad64e2eb0ff5a94271c30ea5f9ec9b6e1.jpg",
		"https://recipe1.ezmember.co.kr/cache/recipe/2015/07/30/f0b3e47ae6ca1144bed39549bb7db0e41.jpg",
		"https://recipe1.ezmember.co.kr/cache/recipe/2015/07/30/f591ad379596be34eddfc3f1de1b32f71.jpg",
		"https://recipe1.ezmember.co.kr/cache/recipe/2015/07/30/40da082459fd7facb1f65745eb1f84ff1.jpg"
	]
}