{
	"id": "2493053",
	"name": "한입 넣으면 바로 중독되는 만두떡볶이",
	"thumbnail": "https://recipe1.ezmember.co.kr/cache/recipe/2015/08/05/09a09a146190e70967c09410f47c8896.jpg",
	"url": "https://www.10000recipe.com/recipe/2493053",
	"ingredient_ids": [
		972
	],
	"time": "30",
	"ingre_list": [
		{
			"ingre_name": "왕만두",
			"ingre_count": "4",
			"ingre_unit": "개"
		},
		{
			"ingre_name": "떡볶이떡",
			"ingre_count": "20",
			"ingre_unit": "개"
		},
		{
			"ingre_name": "다시마국물",
			"ingre_count": "3",
			"ingre_unit": "컵"
		},
		{
			"ingre_name": "떡볶이양념",
			"ingre_count": "2",
			"ingre_unit": "큰술"
		}
	],
	"recipe": [
		"1. 냄비에 다시마 물 2컵을 넣고 떡볶이 양념장을 넣어 끓입니다. 양념장이 풀어지고 다시마 물이 끓으면 떡볶이를 넣고 한소꿈 끓입니다.",
		"2. 만두를 풍덩 넣어 떡볶이 국물이 자박할 때까지 끓여줍니다. 불의 조절은 중불에서 약불로 서서히 조절을 하시면 된답니다.",
		"3. 떡볶이는 팬에 잘 누르기 때문에 가끔씩 주걱을 이용하여 저어주어야 합니다. 떡볶이 양념 국물이 빨리 졸아들게 된다면 남은 다시마 물을 넣고 조금 더 끓여주면 되구요.",
		"4. 국물도 자박자박 해지고 떡과 만두가 알맞게 간이 배이면 그릇에 담아냅니다."
	],
	"recipe_img": [
		"https://recipe1.ezmember.co.kr/cache/recipe/2015/08/05/b03ad8a9a93c17e43206fad6124445d41.jpg",
		"https://recipe1.ezmember.co.kr/cache/recipe/2015/08/05/59285914de83604673b6fe0ef84aa2b11.jpg",
		"https://recipe1.ezmember.co.kr/cache/recipe/2015/08/05/06adfb29878653db6fca95227c4b27cc1.jpg",
		"https://recipe1.ezmember.co.kr/cache/recipe/2015/08/05/dcc95468d5a9269ec2dfca1b5838e8721.jpg"
	]
}