{
	"id": "2501828",
	"name": "약식(약밥)",
	"thumbnail": "https://recipe1.ezmember.co.kr/cache/recipe/2015/06/08/ae20ad964e54ce780f73e42f964d618d.jpg",
	"url": "https://www.10000recipe.com/recipe/2501828",
	"ingredient_ids": [
		96,
		995,
		187,
		132,
		197,
		478,
		660,
		379,
		471,
		497,
		226,
		995,
		341
	],
	"time": "60",
	"ingre_list": [
		{
			"ingre_name": "쌀",
			"ingre_count": "3",
			"ingre_unit": "컵"
		},
		{
			"ingre_name": "물",
			"ingre_count": "",
			"ingre_unit": "적당량"
		},
		{
			"ingre_name": "밤",
			"ingre_count": "10",
			"ingre_unit": "개"
		},
		{
			"ingre_name": "대추",
			"ingre_count": "6",
			"ingre_unit": "개"
		},
		{
			"ingre_name": "해바라기씨",
			"ingre_count": "2",
			"ingre_unit": "큰술"
		},
		{
			"ingre_name": "호박씨or은행",
			"ingre_count": "2~3큰술",
			"ingre_unit": "~큰술"
		},
		{
			"ingre_name": "흑설탕",
			"ingre_count": "2/3",
			"ingre_unit": "컵"
		},
		{
			"ingre_name": "참기름",
			"ingre_count": "3",
			"ingre_unit": "큰술"
		},
		{
			"ingre_name": "간장",
			"ingre_count": "3",
			"ingre_unit": "큰술"
		},
		{
			"ingre_name": "계피가루",
			"ingre_count": "1/2",
			"ingre_unit": "큰술"
		},
		{
			"ingre_name": "카라멜소스",
			"ingre_count": "3",
			"ingre_unit": "큰술"
		},
		{
			"ingre_name": "소금",
			"ingre_count": "1/2",
			"ingre_unit": "작은술"
		},
		{
			"ingre_name": "설탕",
			"ingre_count": "4",
			"ingre_unit": "큰술"
		},
		{
			"ingre_name": "물",
			"ingre_count": "2",
			"ingre_unit": "큰술"
		},
		{
			"ingre_name": "끓는물",
			"ingre_count": "2",
			"ingre_unit": "큰술"
		},
		{
			"ingre_name": "물엿",
			"ingre_count": "1",
			"ingre_unit": "큰술"
		}
	],
	"recipe": [
		"1. 대추는 젖은 행주로 겉의 먼지를 닦아내고 돌려깍은 뒤 채썰어 준비해주세요.",
		"2. 밤은 크기에 따라 4~6개가 되도록 편으로 썰어줍니다.",
		"3. 호박씨를 넣었으면 했는데, 없는 관계로 냉동고의 은행을 팬에 볶아 껍질을 벗겨 준비해 견과류를 다양하게 준비해 줍니다.",
		"4. 카라멜소스 만들기인데요, 그냥 간장과 흑설탕으로만 하면 색이 잘 안날수 있으므로 별도로 카라멜소스를 만들어줍니다. 설탕4큰술과 물 2큰술을 넣고 약불에서 끓여주다가 갈색으로 변하면, 끓는 물을 2큰술 넣고, 물엿을 넣어주면 카라멜소스가 만들어 진답니다.",
		"5. 찹쌀은 씻어서 두시간 이상 불린 뒤, 양념장과 손질해 놓은 견과류를 넣고 쌀컵수에 맞춰 전기밥솥의 물을 맞춰줍니다."
	],
	"recipe_img": [
		"https://recipe1.ezmember.co.kr/cache/recipe/2015/07/29/bcc11a39ab8d420a347aa1f2e8736caa1.jpg",
		"https://recipe1.ezmember.co.kr/cache/recipe/2015/07/29/f408a61fef008740cc70817556929c6b1.jpg",
		"https://recipe1.ezmember.co.kr/cache/recipe/2015/07/29/b34adb98f59b11446da83dedd36e63891.jpg",
		"https://recipe1.ezmember.co.kr/cache/recipe/2015/07/29/fa5f3bc8cd8f9507f36e2a0f41818ded1.jpg",
		"https://recipe1.ezmember.co.kr/cache/recipe/2015/07/29/d6a0801f00109d668984b3e5289caf531.jpg"
	]
}