{
	"id": "2501147",
	"name": "향긋한 더덕무침 만들기",
	"thumbnail": "https://recipe1.ezmember.co.kr/cache/recipe/2015/06/08/db3fa52c5b6f3e4946164aa5049d24b5.jpg",
	"url": "https://www.10000recipe.com/recipe/2501147",
	"ingredient_ids": [
		37,
		660,
		473,
		341,
		226,
		233,
		231
	],
	"time": "15",
	"ingre_list": [
		{
			"ingre_name": "더덕",
			"ingre_count": "2~3뿌리",
			"ingre_unit": "~뿌리"
		},
		{
			"ingre_name": "참기름",
			"ingre_count": "",
			"ingre_unit": "약간"
		},
		{
			"ingre_name": "고추장",
			"ingre_count": "1/2",
			"ingre_unit": "큰술"
		},
		{
			"ingre_name": "고추가루",
			"ingre_count": "1./",
			"ingre_unit": ".큰술"
		},
		{
			"ingre_name": "물엿",
			"ingre_count": "1/2",
			"ingre_unit": "큰술"
		},
		{
			"ingre_name": "설탕",
			"ingre_count": "1/5",
			"ingre_unit": "작은술"
		},
		{
			"ingre_name": "다진마늘",
			"ingre_count": "",
			"ingre_unit": ""
		},
		{
			"ingre_name": "다진파",
			"ingre_count": "1/2",
			"ingre_unit": "작은술"
		},
		{
			"ingre_name": "식초",
			"ingre_count": "1/2",
			"ingre_unit": "큰술"
		}
	],
	"recipe": [
		"1. 참기름을 제외한 재료분량의 양념장을 만들어 줍니다.",
		"2. 손에 진액이 묻어서 장갑을 끼고 손질해주세요.",
		"3. 더덕을 가스렌지 불에 살짝 사진만큼 그을려 주세요.",
		"4. 장갑을 끼고 칼로 살살 벗겨내기만 해도 사진처럼 된답니다.",
		"5. 밀대로 더덕을 누르면서 굴려줍니다.",
		"6. 명태포처럼 손으로 찢어 주세요.",
		"7. 양념을 찢은 더덕위에 올려서 잘 버무려 줍니다.",
		"8. 마지막엔 참기름을 넣어 주면 끝입니다."
	],
	"recipe_img": [
		"https://recipe1.ezmember.co.kr/cache/recipe/2015/07/08/faef2350760b2aaabffc18225bff65cf1.jpg",
		"https://recipe1.ezmember.co.kr/cache/recipe/2015/07/08/112ced04e64b724c04329c61fea15b8f1.jpg",
		"https://recipe1.ezmember.co.kr/cache/recipe/2015/07/08/b63b6a5a802a8b59796aa832be28032f1.jpg",
		"https://recipe1.ezmember.co.kr/cache/recipe/2015/07/08/8c5879d4bd8f90186649148987bfb5861.jpg",
		"https://recipe1.ezmember.co.kr/cache/recipe/2015/07/08/63378bc343d11cb7c9897c59af9f59b11.jpg",
		"https://recipe1.ezmember.co.kr/cache/recipe/2015/07/08/7456d5d2eb6d2919447cf4e0a0369d7d1.jpg",
		"https://recipe1.ezmember.co.kr/cache/recipe/2015/07/08/46f573f1640a9a7e625b888e2d3735931.jpg",
		"https://recipe1.ezmember.co.kr/cache/recipe/2015/07/08/c1eb3986cf31f3e47500e15be67336c41.jpg"
	]
}