{
	"id": "2504279",
	"name": "쫄깃쫄깃 매콤달콤 쥐어채조림",
	"thumbnail": "https://recipe1.ezmember.co.kr/cache/recipe/2015/06/08/2d3272ab61d71863f4fad7b3ab55ca38.jpg",
	"url": "https://www.10000recipe.com/recipe/2504279",
	"ingredient_ids": [
		473,
		379,
		292,
		228,
		226,
		341,
		350
	],
	"time": "15",
	"ingre_list": [
		{
			"ingre_name": "쥐어채2줌(130g정도)",
			"ingre_count": "2줌(130g 정도)",
			"ingre_unit": "줌(g 정도)"
		},
		{
			"ingre_name": "고추장",
			"ingre_count": "2",
			"ingre_unit": "숟가락"
		},
		{
			"ingre_name": "간장",
			"ingre_count": "1",
			"ingre_unit": "숟가락"
		},
		{
			"ingre_name": "맛술",
			"ingre_count": "2",
			"ingre_unit": "숟가락"
		},
		{
			"ingre_name": "마요네즈",
			"ingre_count": "1",
			"ingre_unit": "숟가락"
		},
		{
			"ingre_name": "설탕",
			"ingre_count": "1",
			"ingre_unit": "숟가락"
		},
		{
			"ingre_name": "물엿",
			"ingre_count": "1",
			"ingre_unit": "숟가락"
		},
		{
			"ingre_name": "깨소금",
			"ingre_count": "",
			"ingre_unit": "약간"
		}
	],
	"recipe": [
		"1. 물엿과 참기름을 제외한 양념 재료를 모두 섞어 살짝 끓여 주세요.",
		"2. 양념장이 끓기 시작하면 깨끗하게 손질한 쥐어채를 넣고 골고루 버무려 주세요.",
		"3. 쥐어채조림에 물엿과 깨소금 넣고 골고루 버무리고 마무리합니다.",
		"4. 쥐어채조림 완성."
	],
	"recipe_img": [
		"https://recipe1.ezmember.co.kr/cache/recipe/2015/07/24/c37ed45e16ca033e0eb0d545a484af331.jpg",
		"https://recipe1.ezmember.co.kr/cache/recipe/2015/07/24/df1c7076cfa70d3c4e4d41d7d1941b4e1.jpg",
		"https://recipe1.ezmember.co.kr/cache/recipe/2015/07/24/cc7016d88dccb96f43647c01d459641a1.jpg",
		"https://recipe1.ezmember.co.kr/cache/recipe/2015/07/24/8cca12689bbb395fa809c7a7a25748091.jpg"
	]
}