{
	"id": "2506592",
	"name": "칼칼한 김치해물 순두부찌개",
	"thumbnail": "https://recipe1.ezmember.co.kr/cache/recipe/2015/07/27/b934c3f8f1ecde943cdeacfd518d8fc2.jpg",
	"url": "https://www.10000recipe.com/recipe/2506592",
	"ingredient_ids": [
		498,
		295,
		27,
		3,
		237,
		224
	],
	"time": "30",
	"ingre_list": [
		{
			"ingre_name": "익은김치겉잎",
			"ingre_count": "",
			"ingre_unit": ""
		},
		{
			"ingre_name": "자투리해물",
			"ingre_count": "",
			"ingre_unit": ""
		},
		{
			"ingre_name": "순두부",
			"ingre_count": "",
			"ingre_unit": ""
		},
		{
			"ingre_name": "청양고추",
			"ingre_count": "",
			"ingre_unit": ""
		},
		{
			"ingre_name": "홍고추",
			"ingre_count": "",
			"ingre_unit": ""
		},
		{
			"ingre_name": "대파",
			"ingre_count": "",
			"ingre_unit": ""
		},
		{
			"ingre_name": "양파",
			"ingre_count": "",
			"ingre_unit": ""
		},
		{
			"ingre_name": "잔파",
			"ingre_count": "",
			"ingre_unit": ""
		},
		{
			"ingre_name": "고추기름",
			"ingre_count": "",
			"ingre_unit": ""
		},
		{
			"ingre_name": "고춧가루",
			"ingre_count": "",
			"ingre_unit": ""
		}
	],
	"recipe": [
		"1. 냉동실에 얼려둔 자투리 해물을 꺼냅니다.",
		"2. 김치 겉잎을 따로 모아 잘게 썰어줍니다.",
		"3. 야채는 냉장고속 재료를 사용합니다. 양파, 대파, 청량고추, 홍고추를 먹기좋게 썰어 준비합니다.",
		"4. 순두부는 듬성듬성 잘라둡니다.",
		"5. 고추기름을 냄비에 둘러줍니다.",
		"6. 고추기름에 마늘향이 베이면 해물을 넣고 볶아주세요.",
		"7. 더 칼칼한 맛을 내기위해 고추가루를 좀더 넣어주고 육수나 생수를 부어주세요.",
		"8. 해물이 익을때쯤 야채를 넣어주세요.",
		"9. 재료들이 거의 익었다 싶을때 순두부를 살짝 넣어주세요.",
		"10. 한번 더 끓어오르면 다진파를 넣어줍니다.",
		"11. 칼칼한 김치해물 순두부찌개 완성입니다."
	],
	"recipe_img": [
		"https://recipe1.ezmember.co.kr/cache/recipe/2015/07/28/6d76c3b94c151b2ffee3f755860269811.jpg",
		"https://recipe1.ezmember.co.kr/cache/recipe/2015/07/28/a2764d3806b4c746857425aef2e02b041.jpg",
		"https://recipe1.ezmember.co.kr/cache/recipe/2015/07/28/74bb62df15891c61e3cd8b3b8e9290461.jpg",
		"https://recipe1.ezmember.co.kr/cache/recipe/2015/07/28/dbb3b21995771d820017311d630d7cc21.jpg",
		"https://recipe1.ezmember.co.kr/cache/recipe/2015/07/28/e82ee117fcc22455151a746dcdb59c491.jpg",
		"https://recipe1.ezmember.co.kr/cache/recipe/2015/07/28/1d4df516e821ff1b50594e09ffaff40c1.jpg",
		"https://recipe1.ezmember.co.kr/cache/recipe/2015/07/28/2eeddbff3d26ee52dfdfbd678a55b9cc1.jpg",
		"https://recipe1.ezmember.co.kr/cache/recipe/2015/07/28/9250aff7787bb5ef08791c013af830f11.jpg",
		"https://recipe1.ezmember.co.kr/cache/recipe/2015/07/28/996219a1df71c22b19b706b06c3c1d951.jpg",
		"https://recipe1.ezmember.co.kr/cache/recipe/2015/07/28/a28245d639a9dadd4d3eecb8d0ebd3f71.jpg",
		"https://recipe1.ezmember.co.kr/cache/recipe/2015/07/28/756767481e1f239a4b069655b13518c61.jpg"
	]
}