{
	"id": "2513024",
	"name": "의정부 부대찌개 따라잡기",
	"thumbnail": "https://recipe1.ezmember.co.kr/cache/recipe/2015/07/08/490bf01a27bd6c8e8d3f3d48f6db3b33.jpg",
	"url": "https://www.10000recipe.com/recipe/2513024",
	"ingredient_ids": [
		914,
		27,
		497,
		995,
		292,
		473,
		225,
		233,
		224,
		233
	],
	"time": "30",
	"ingre_list": [
		{
			"ingre_name": "신김치(한컵)",
			"ingre_count": "150",
			"ingre_unit": "g"
		},
		{
			"ingre_name": "돼지고기다짐육",
			"ingre_count": "150",
			"ingre_unit": "g"
		},
		{
			"ingre_name": "캔햄(한통)",
			"ingre_count": "200",
			"ingre_unit": "g"
		},
		{
			"ingre_name": "소세지",
			"ingre_count": "200",
			"ingre_unit": "g"
		},
		{
			"ingre_name": "대파",
			"ingre_count": "1/2",
			"ingre_unit": "대"
		},
		{
			"ingre_name": "부대찌개콩",
			"ingre_count": "100",
			"ingre_unit": "g"
		},
		{
			"ingre_name": "소금",
			"ingre_count": "1/2",
			"ingre_unit": "작은술"
		},
		{
			"ingre_name": "라면사리면(생략가능)",
			"ingre_count": "",
			"ingre_unit": "적당량"
		},
		{
			"ingre_name": "국물용멸치(한줌)",
			"ingre_count": "20",
			"ingre_unit": "g"
		},
		{
			"ingre_name": "다시마작은것(5*5)",
			"ingre_count": "2",
			"ingre_unit": "장"
		},
		{
			"ingre_name": "물",
			"ingre_count": "5",
			"ingre_unit": "컵"
		},
		{
			"ingre_name": "맛술",
			"ingre_count": "1",
			"ingre_unit": "큰술"
		},
		{
			"ingre_name": "고추장",
			"ingre_count": "1/2",
			"ingre_unit": "큰술"
		},
		{
			"ingre_name": "후춧가루",
			"ingre_count": "1/8",
			"ingre_unit": "작은술"
		},
		{
			"ingre_name": "다진마늘",
			"ingre_count": "1/2",
			"ingre_unit": "작은술"
		},
		{
			"ingre_name": "고춧가루",
			"ingre_count": "2",
			"ingre_unit": "큰술"
		},
		{
			"ingre_name": "다진마늘",
			"ingre_count": "1",
			"ingre_unit": "큰술"
		},
		{
			"ingre_name": "국간장1+1/2큰술",
			"ingre_count": "1+1/2",
			"ingre_unit": "큰술"
		}
	],
	"recipe": [
		"1. 냄비에 멸치와 다시마를 넣고 센불에서 끓여 끓기 시작하면 중간불로 줄여 주세요. 3분 정도 끓인 후 다시마는 건져 내고 약한 불에서 약 10분 정도 끓여 주세요. 체에 밭쳐 국물만 준비해 주세요. 다시마를 미리 건져내야 국물이 끈적이지 않습니다.",
		"2. 돼지고기는 밑간 재료를 넣고 조물조물 무쳐 주세요.",
		"3. 분량의 재료를 넣고 양념장을 만들어 주세요. 저희 집 아이들은 매운 것을 잘 못 먹어서 2큰술만 넣었는데.. 매운 맛을 좋아하면 1큰술 정도 더 넣으세요.",
		"4. 캔햄은 뜨거운 물에 씻어 기름기를 제거한 후 0.5cm 폭으로 썰고 소세지도 같은 두께로 어슷썰기해 주세요. 신김치는 속을 털어내고 1cm 폭으로 썰고 대파도 어슷썰기해 주세요. 부대찌개용 통조림콩도 준비해 주세요.",
		"5. 전골냄비에 재료를 빙 둘러 가며 담아 주세요.",
		"6. 육수 3컵(600ml)를 넣고 양념장을 얹은 후 보글보글 끓여 주세요. 만약 라면사리는 넣으실 거면 육수를 한 컵 더 준비해 주세요. 끓으면 중약불로 줄여서 약 10분 정도 더 끓여 주세요.",
		"7. 마지막으로 부대찌개 콩을 넣고 소금으로 부족한 간을 맞춰 주세요.",
		"8. 먹기 직전에 돼지고기를 살짝 풀어 주세요.",
		"9. 우리집 아이들은 라면사리를 좋아해서 라면 사리를 다시 넣고 끓였습니다."
	],
	"recipe_img": [
		"https://recipe1.ezmember.co.kr/cache/recipe/2015/07/08/3123fc4be465e74f53636e4ca46b89051.jpg",
		"https://recipe1.ezmember.co.kr/cache/recipe/2015/07/08/13c1586bbeb3200478626ca3a3f435b21.jpg",
		"https://recipe1.ezmember.co.kr/cache/recipe/2015/07/08/24f0154bffe2e3d9963053910f482e491.jpg",
		"https://recipe1.ezmember.co.kr/cache/recipe/2015/07/08/44a52fa3b406a6c048b63d3a07fc6e4c1.jpg",
		"https://recipe1.ezmember.co.kr/cache/recipe/2015/07/08/0b365e942ae88246f2bba0ad35fa60cd1.jpg",
		"https://recipe1.ezmember.co.kr/cache/recipe/2015/07/08/2d91fbe0996f1813080e95228819c6821.jpg",
		"https://recipe1.ezmember.co.kr/cache/recipe/2015/07/08/c2c2c3769f75ef5d7e50b371e2fcbcfb1.jpg",
		"https://recipe1.ezmember.co.kr/cache/recipe/2015/07/08/6752251f4ba831f609a7d0b37ae090dd1.jpg",
		"https://recipe1.ezmember.co.kr/cache/recipe/2015/07/08/4563fcb576bbe1e111f86cd2959aa9e51.jpg"
	]
}