{
	"id": "2514123",
	"name": "코다리조림",
	"thumbnail": "https://recipe1.ezmember.co.kr/cache/recipe/2015/06/08/01d6b92d47bbc8a56f1d9969fabe1f5c.jpg",
	"url": "https://www.10000recipe.com/recipe/2514123",
	"ingredient_ids": [
		721,
		379,
		224,
		226,
		341,
		295,
		846,
		28,
		233,
		497
	],
	"time": "60",
	"ingre_list": [
		{
			"ingre_name": "코다리",
			"ingre_count": "3",
			"ingre_unit": "마리"
		},
		{
			"ingre_name": "간장",
			"ingre_count": "5",
			"ingre_unit": "큰술"
		},
		{
			"ingre_name": "고춧가루",
			"ingre_count": "1.",
			"ingre_unit": ".큰술"
		},
		{
			"ingre_name": "설탕",
			"ingre_count": "1",
			"ingre_unit": "큰술"
		},
		{
			"ingre_name": "물엿",
			"ingre_count": "1",
			"ingre_unit": "큰술"
		},
		{
			"ingre_name": "청양고추",
			"ingre_count": "1",
			"ingre_unit": "개"
		},
		{
			"ingre_name": "홍고추",
			"ingre_count": "1",
			"ingre_unit": "개"
		},
		{
			"ingre_name": "청주",
			"ingre_count": "2",
			"ingre_unit": "큰술"
		},
		{
			"ingre_name": "생강",
			"ingre_count": "1/2",
			"ingre_unit": "톨"
		},
		{
			"ingre_name": "다진마늘",
			"ingre_count": "1",
			"ingre_unit": "큰술"
		},
		{
			"ingre_name": "소금",
			"ingre_count": "",
			"ingre_unit": "조금"
		}
	],
	"recipe": [
		"1. 꼬리, 지느러미를 자르고, 물에 소금을 넣은후, 비늘을 긁어낸후, 깨끗이 씻어 물기를 빼줍니다...",
		"2. 김이오른찜통에 넣고 약불에서 15분간 쪄주어요...",
		"3. 쪄낸 코다리를 냄비에 넣고, 찜통에내려진 육수를 2컵넣어줍니다.. 양념장을 위에 솔솔 뿌려준후... 약불에서 푹...졸여줍니다...",
		"4. 바글바글 맛있게 끓고 있죠...~ 전엔 찌지않고 그냥 졸였더니 뒤적뒤적하다가 다 부서져서...ㅠ 쪄서 조리면 그리고 그 육수까지 사용해서 조리면 더욱더 맛있답니다"
	],
	"recipe_img": [
		"https://recipe1.ezmember.co.kr/cache/recipe/2015/08/20/b565aa7406e1522cba031d4b63145db31.jpg",
		"https://recipe1.ezmember.co.kr/cache/recipe/2015/08/20/36fbad05676bcb4405ecbda709ca534e1.jpg",
		"https://recipe1.ezmember.co.kr/cache/recipe/2015/08/20/93fb4488eaaa7c542c987efb465268e11.jpg",
		"https://recipe1.ezmember.co.kr/cache/recipe/2015/08/20/b9e16e5557595d24d914beb4c283a4841.jpg"
	]
}