{
	"id": "2529810",
	"name": "색다른 김치부침개",
	"thumbnail": "https://recipe1.ezmember.co.kr/cache/recipe/2015/08/05/4a2486b28afe99c0d5802dcb16fe6a82.jpg",
	"url": "https://www.10000recipe.com/recipe/2529810",
	"ingredient_ids": [
		953,
		3,
		867,
		20,
		1015,
		379,
		497,
		327
	],
	"time": "15",
	"ingre_list": [
		{
			"ingre_name": "김치",
			"ingre_count": "250",
			"ingre_unit": "g"
		},
		{
			"ingre_name": "양파",
			"ingre_count": "70",
			"ingre_unit": "g"
		},
		{
			"ingre_name": "조갯살",
			"ingre_count": "70",
			"ingre_unit": "g"
		},
		{
			"ingre_name": "새우살",
			"ingre_count": "100",
			"ingre_unit": "g"
		},
		{
			"ingre_name": "미나리",
			"ingre_count": "",
			"ingre_unit": "약간"
		},
		{
			"ingre_name": "밀가루1.5컵정도(200g)",
			"ingre_count": "1.5컵정도 (200g)",
			"ingre_unit": ".컵정도 (g)"
		},
		{
			"ingre_name": "육수",
			"ingre_count": "350",
			"ingre_unit": "ml"
		},
		{
			"ingre_name": "간장",
			"ingre_count": "1/4",
			"ingre_unit": "큰술"
		},
		{
			"ingre_name": "소금",
			"ingre_count": "1/4",
			"ingre_unit": "작은술"
		},
		{
			"ingre_name": "들기름",
			"ingre_count": "1",
			"ingre_unit": "큰술"
		}
	],
	"recipe": [
		"1. 김치는 속을 털어내고 송송썰고, 양파 얇게 채썰고 나머지 해물은 취향대로 잘라 주세요.",
		"2. 먼저 밀가루를 넣어 잘 섞어 주세요. 물보다 먼저 밀가루를 섞어주면 속재료와 밀가루 반죽이 잘 융화가 되고 물부어 섞어줄때 덩어리 생기지 않아 간편하답니다.",
		"3. 날 밀가루가 잘 섞어졌다 싶을때 육수를 넣어 줍니다.",
		"4. 간장을 넣어줍니다.",
		"5. 소금도 넣어 간을 맞춥니다. 그리고 들기름도 넣어 섞어 주세요.",
		"6. 팬에 들기름과 식용유를 섞어 넉넉히 두릅니다.",
		"7. 반죽을 얇게 펴올려 부쳐줍니다.",
		"8. 표면이 반이상 마를때까지 건드리지 말고 놓아 둡니다. 타지 않게 불조절 하셔야 겠지요? 중불정도로 오래 오래 지져 줍니다. 뒤집을때가 되면 표면이 마르면서 끝이 들떠올라 옵니다.",
		"9. 뒤집개로 꾹꾹 눌러가며 부쳐주세요. 뒤집어 준 뒤는 뒤집개로 꾹꾹 눌러 주어야 공기가 빠지면서 쫄깃 바삭한 부침개를 부칠수 있어요.",
		"10. 그냥 드셔도 되지만 피자치즈와 계란한개를 깨뜨려 올려 만들었어요."
	],
	"recipe_img": [
		"https://recipe1.ezmember.co.kr/cache/recipe/2015/08/05/f4dca4b75fed9ddf75d87a95caedd2351.jpg",
		"https://recipe1.ezmember.co.kr/cache/recipe/2015/08/05/052d901fcb6cafd1fc6afaa80bb3c87c1.jpg",
		"https://recipe1.ezmember.co.kr/cache/recipe/2015/08/05/c1cdb1d9508effc3c749721e9152e1f21.jpg",
		"https://recipe1.ezmember.co.kr/cache/recipe/2015/08/05/0c4e91f93d20edd216e281b63d64279c1.jpg",
		"https://recipe1.ezmember.co.kr/cache/recipe/2015/08/05/a7bc5d982b4ff3380f4b9c4693e0bcfa1.jpg",
		"https://recipe1.ezmember.co.kr/cache/recipe/2015/08/05/ddf23973403c91e690ced0d9cd8b706b1.jpg",
		"https://recipe1.ezmember.co.kr/cache/recipe/2015/08/05/2775778d8d024ad7bdbb54de68268b7e1.jpg",
		"https://recipe1.ezmember.co.kr/cache/recipe/2015/08/05/1226da7338123eda1a0e4cdb200e71ec1.jpg",
		"https://recipe1.ezmember.co.kr/cache/recipe/2015/08/05/804ff54c4007694bf08b4d2380ebff5d1.jpg",
		"https://recipe1.ezmember.co.kr/cache/recipe/2015/08/05/37325d1c96bd9e93128730194d6f8d991.jpg"
	]
}