{
	"id": "2533889",
	"name": "김치 만둣국",
	"thumbnail": "https://recipe1.ezmember.co.kr/cache/recipe/2015/06/08/f626367105a7aacb3c10615bed0fb23b.jpg",
	"url": "https://www.10000recipe.com/recipe/2533889",
	"ingredient_ids": [
		953,
		90,
		995,
		497
	],
	"time": "15",
	"ingre_list": [
		{
			"ingre_name": "홍진경더만두고기만두",
			"ingre_count": "8~10개",
			"ingre_unit": "~개"
		},
		{
			"ingre_name": "김치",
			"ingre_count": "1/4~1/3포기",
			"ingre_unit": "~포기"
		},
		{
			"ingre_name": "계란",
			"ingre_count": "1",
			"ingre_unit": "개"
		},
		{
			"ingre_name": "새우머리",
			"ingre_count": "1",
			"ingre_unit": "개"
		},
		{
			"ingre_name": "국용멸치",
			"ingre_count": "3",
			"ingre_unit": "마리"
		},
		{
			"ingre_name": "다시마",
			"ingre_count": "",
			"ingre_unit": "약간"
		},
		{
			"ingre_name": "물",
			"ingre_count": "800",
			"ingre_unit": "ml"
		},
		{
			"ingre_name": "소금",
			"ingre_count": "",
			"ingre_unit": "약간"
		},
		{
			"ingre_name": "후추",
			"ingre_count": "",
			"ingre_unit": "약간"
		}
	],
	"recipe": [
		"1. 육수용멸치 3마리, 새우머리 1개, 다시마약간, 물 800ml 가량을 넣고 팔팔 끓여주면 육수 완성!",
		"2. 김치가 1/4 포기정도 넣어주세요",
		"3. 김치를 넣고 살짝 끓이다가, 만두도 퐁당",
		"4. 만두가 속까지 다 익었다 싶으면 계란 1개를 풀어서 휘릭 섞어주시고 후추좀 넣고, 김치국물로 간좀 하시고 그래도 싱거우면 소금간 살짝. 그러면 완성."
	],
	"recipe_img": [
		"https://recipe1.ezmember.co.kr/cache/recipe/2015/08/14/a28e746399e9546746d7872be3e600be1.jpg",
		"https://recipe1.ezmember.co.kr/cache/recipe/2015/08/14/650943070a750669f4685abdf9a3b09e1.jpg",
		"https://recipe1.ezmember.co.kr/cache/recipe/2015/08/14/c21d072e274592e06c855358e9b2d3f01.jpg",
		"https://recipe1.ezmember.co.kr/cache/recipe/2015/08/14/3fae2a169b9a711aeb3f832283d3fc051.jpg"
	]
}