{
	"id": "2540285",
	"name": "오삼불고기",
	"thumbnail": "https://recipe1.ezmember.co.kr/cache/recipe/2015/08/14/4d7091f93458401f60fe8a23168e1718.jpg",
	"url": "https://www.10000recipe.com/recipe/2540285",
	"ingredient_ids": [
		487,
		65,
		3,
		473,
		29,
		379,
		226,
		341,
		660,
		843,
		458,
		846
	],
	"time": "30",
	"ingre_list": [
		{
			"ingre_name": "돼지고기",
			"ingre_count": "",
			"ingre_unit": ""
		},
		{
			"ingre_name": "오징어",
			"ingre_count": "",
			"ingre_unit": ""
		},
		{
			"ingre_name": "양파",
			"ingre_count": "",
			"ingre_unit": ""
		},
		{
			"ingre_name": "고추장",
			"ingre_count": "",
			"ingre_unit": ""
		},
		{
			"ingre_name": "마늘",
			"ingre_count": "",
			"ingre_unit": ""
		},
		{
			"ingre_name": "간장",
			"ingre_count": "",
			"ingre_unit": ""
		},
		{
			"ingre_name": "설탕",
			"ingre_count": "",
			"ingre_unit": ""
		},
		{
			"ingre_name": "물엿",
			"ingre_count": "",
			"ingre_unit": ""
		},
		{
			"ingre_name": "참기름",
			"ingre_count": "",
			"ingre_unit": ""
		},
		{
			"ingre_name": "매실액",
			"ingre_count": "",
			"ingre_unit": ""
		},
		{
			"ingre_name": "생강즙",
			"ingre_count": "",
			"ingre_unit": ""
		},
		{
			"ingre_name": "청주",
			"ingre_count": "",
			"ingre_unit": ""
		}
	],
	"recipe": [
		"1. 오징어와 돼지고기는 먹기 좋은 크기로 잘라주세요",
		"2. 고추장,마늘,간장,설탕,물엿,참기름,매실액,생강즙,청주 이리넣고 양념장을 만들어 버무려주세요",
		"3. 달구어진팬에 양념베인 고기와 오징어를 넣고 달달달..볶아주세요.",
		"4. 양파 반개 있어서 같이 넣고 볶아주었어요"
	],
	"recipe_img": [
		"https://recipe1.ezmember.co.kr/cache/recipe/2015/08/14/7a5b7f403d3ecae099b0374c236dd1a21.jpg",
		"https://recipe1.ezmember.co.kr/cache/recipe/2015/08/14/732cb9814f575c37860c9c46a9bb167b1.jpg",
		"https://recipe1.ezmember.co.kr/cache/recipe/2015/08/14/eec0575f0fc03ae7a98919f85cc54f2e1.jpg",
		"https://recipe1.ezmember.co.kr/cache/recipe/2015/08/14/48e128434930f019bae1e1d8bb141e7b1.jpg"
	]
}