{
	"id": "2548798",
	"name": "냉이된장국 & 냉이무침",
	"thumbnail": "https://recipe1.ezmember.co.kr/cache/recipe/2015/07/22/e7d66e88c6ba4ecff6f7ef89b6700262.jpg",
	"url": "https://www.10000recipe.com/recipe/2548798",
	"ingredient_ids": [
		46,
		995,
		90,
		848,
		46,
		765,
		473,
		233,
		660,
		350
	],
	"time": "60",
	"ingre_list": [
		{
			"ingre_name": "냉이",
			"ingre_count": "3",
			"ingre_unit": "줌"
		},
		{
			"ingre_name": "생콩가루",
			"ingre_count": "3",
			"ingre_unit": "숟가락"
		},
		{
			"ingre_name": "물",
			"ingre_count": "1200",
			"ingre_unit": "ml"
		},
		{
			"ingre_name": "다시마",
			"ingre_count": "1",
			"ingre_unit": "장"
		},
		{
			"ingre_name": "국멸치",
			"ingre_count": "1",
			"ingre_unit": "줌"
		},
		{
			"ingre_name": "된장",
			"ingre_count": "6",
			"ingre_unit": "숟가락"
		},
		{
			"ingre_name": "대파흰부분",
			"ingre_count": "1/3",
			"ingre_unit": "대"
		},
		{
			"ingre_name": "냉이",
			"ingre_count": "3",
			"ingre_unit": "줌"
		},
		{
			"ingre_name": "쌈장",
			"ingre_count": "0.",
			"ingre_unit": ".숟가락"
		},
		{
			"ingre_name": "고추장",
			"ingre_count": "0.",
			"ingre_unit": ".숟가락"
		},
		{
			"ingre_name": "다진파",
			"ingre_count": "0.",
			"ingre_unit": ".숟가락"
		},
		{
			"ingre_name": "다진마늘",
			"ingre_count": "0.",
			"ingre_unit": ".숟가락"
		},
		{
			"ingre_name": "참기름",
			"ingre_count": "0.",
			"ingre_unit": ".숟가락"
		},
		{
			"ingre_name": "깨소금",
			"ingre_count": "",
			"ingre_unit": "약간"
		}
	],
	"recipe": [
		"1. 냉이된장국  누런 잎을 떼어내고 깨끗하게 손질한 냉이에 콩가루를 넣고 조물조물 버무려 주세요. 물에 다시마와 국멸치를 넣고 5분간 끓인 후 다시마를 건지고 5분간 더 끓인 후 멸치를 건져 주세요.",
		"2. 멸치다시마국물에 된장을 푼 후 콩가루에 버무린 냉이를 넣고 끓이다가 부족한 간은 국간장으로 하고 대파 넣고 마무리~",
		"3. 냉이무침 냉이는 소금을 약간 넣은 끓는 물에 50초 정도 데친 후 찬 물에 헹궈 물기를 꼭 짜주세요.",
		"4. 데친 냉이에 분량의 양념을 넣고 조물조물 버무리고 마무리~"
	],
	"recipe_img": [
		"https://recipe1.ezmember.co.kr/cache/recipe/2015/07/27/fe808f26676b72470b423b3ebf782ab41.jpg",
		"https://recipe1.ezmember.co.kr/cache/recipe/2015/07/27/375d6c20a0d281a74189b94b02d246721.jpg",
		"https://recipe1.ezmember.co.kr/cache/recipe/2015/07/27/44675023e437b2e9652c241194fdfb781.jpg",
		"https://recipe1.ezmember.co.kr/cache/recipe/2015/07/27/1b8646d41877eff83b89a3c8797335d51.jpg"
	]
}