{
	"id": "2558993",
	"name": "초간단 김치찌개 만드는 법",
	"thumbnail": "https://recipe1.ezmember.co.kr/cache/recipe/2015/07/24/3eae0c8508f5b22f959724b6a1aa8661.jpg",
	"url": "https://www.10000recipe.com/recipe/2558993",
	"ingredient_ids": [
		953,
		487,
		323,
		27
	],
	"time": "15",
	"ingre_list": [
		{
			"ingre_name": "김치",
			"ingre_count": "",
			"ingre_unit": ""
		},
		{
			"ingre_name": "돼지고기",
			"ingre_count": "",
			"ingre_unit": ""
		},
		{
			"ingre_name": "두부",
			"ingre_count": "",
			"ingre_unit": ""
		},
		{
			"ingre_name": "대파",
			"ingre_count": "",
			"ingre_unit": ""
		},
		{
			"ingre_name": "생수",
			"ingre_count": "",
			"ingre_unit": ""
		}
	],
	"recipe": [
		"1. 시간있을때 김치를 먼저 익혀두세요. 냄비에 김치를 넣고 물이나 육수를 부어 중불에서 은근히 끓여주면 됩니다.",
		"2. 고기는 맥주에 된장을 풀어 한번 삶아서 준비해둡니다. 냄새도 잡고 요리도 쉽고 빠르게 하기위한 전처리 과정이랍니다.",
		"3. 냉장고에 미리 준비된 익힌 김치와 초벌로 익힌 돼지고기를 준비합니다.",
		"4. 냄비에 익혀둔 김치와 고기를 넣어줍니다.",
		"5. 생수나 육수를 붓고 끓여주세요.",
		"6. 두부한모도 썰어 넣어줍니다.",
		"7. 대파도 송송 썰어 넣어줍니다.",
		"8. 10분만에 끓이는 김치찌개 완성."
	],
	"recipe_img": [
		"https://recipe1.ezmember.co.kr/cache/recipe/2015/07/24/dd5d32d697182a95b8ac3046003663871.jpg",
		"https://recipe1.ezmember.co.kr/cache/recipe/2015/07/24/6840c636603e7a02dcfd6299137002e61.jpg",
		"https://recipe1.ezmember.co.kr/cache/recipe/2015/07/24/b528a6428299112e4ea5fc4393db92b51.jpg",
		"https://recipe1.ezmember.co.kr/cache/recipe/2015/07/24/b110963356f37fac4a222fa164dc6d7d1.jpg",
		"https://recipe1.ezmember.co.kr/cache/recipe/2015/07/24/40f18f0a5f9ca7c9cf140d311c37a0131.jpg",
		"https://recipe1.ezmember.co.kr/cache/recipe/2015/07/24/c1978ec32a8b14a2eb1057555dd81c751.jpg",
		"https://recipe1.ezmember.co.kr/cache/recipe/2015/07/24/2a069c3c84160330dd0414db4427a6791.jpg",
		"https://recipe1.ezmember.co.kr/cache/recipe/2015/07/24/c1a8d38240ffdc976faaf1c72cbe3f0c1.jpg"
	]
}