{
	"id": "2561287",
	"name": "파래 무침",
	"thumbnail": "https://recipe1.ezmember.co.kr/cache/recipe/2015/07/24/73e4a8687b5d1f048a5d91f8a5cc7505.jpg",
	"url": "https://www.10000recipe.com/recipe/2561287",
	"ingredient_ids": [
		92,
		19,
		497,
		233,
		349,
		350,
		231,
		938,
		660
	],
	"time": "15",
	"ingre_list": [
		{
			"ingre_name": "파래",
			"ingre_count": "3",
			"ingre_unit": "줌"
		},
		{
			"ingre_name": "무",
			"ingre_count": "1",
			"ingre_unit": "토막"
		},
		{
			"ingre_name": "소금",
			"ingre_count": "",
			"ingre_unit": "약간"
		},
		{
			"ingre_name": "다진마늘",
			"ingre_count": "0.",
			"ingre_unit": ".숟가락"
		},
		{
			"ingre_name": "다진파",
			"ingre_count": "0.",
			"ingre_unit": ".숟가락"
		},
		{
			"ingre_name": "국간장",
			"ingre_count": "0.",
			"ingre_unit": ".숟가락"
		},
		{
			"ingre_name": "고추가루",
			"ingre_count": "0.",
			"ingre_unit": ".숟가락"
		},
		{
			"ingre_name": "깨소금",
			"ingre_count": "1",
			"ingre_unit": "숟가락"
		},
		{
			"ingre_name": "식초",
			"ingre_count": "0.",
			"ingre_unit": ".숟가락"
		},
		{
			"ingre_name": "매실청",
			"ingre_count": "1",
			"ingre_unit": "숟가락"
		},
		{
			"ingre_name": "참기름",
			"ingre_count": "0.",
			"ingre_unit": ".숟가락"
		}
	],
	"recipe": [
		"1. 무는 채를 썰어 소금에 절여서 숨이 죽으면 물을 빼주세요.",
		"2. 파래도 이물질이 있는지 살펴서 밀가루를 넣고 바락바락 주물러서 찬물에 깨끗이 씻어서 생수에 씻어 물기를 짜주세요.",
		"3. 분량의 재료를 섞어 양념장을 만들어 줍니다.",
		"4. 파래, 무를 양념장에 넣어 무치면 끝."
	],
	"recipe_img": [
		"https://recipe1.ezmember.co.kr/cache/recipe/2015/07/24/6d26dae26790410bf1693030cfb9c7b71.jpg",
		"https://recipe1.ezmember.co.kr/cache/recipe/2015/07/24/a5c835f281d409d98fe0389ada2d14611.jpg",
		"https://recipe1.ezmember.co.kr/cache/recipe/2015/07/24/a9b370398894af9081e4427e9d5ebb481.jpg",
		"https://recipe1.ezmember.co.kr/cache/recipe/2015/07/24/81efa1144221d290a448c88587e5eee51.jpg"
	]
}