{
	"id": "2571398",
	"name": "잔치국수 구수하게 끓이기",
	"thumbnail": "https://recipe1.ezmember.co.kr/cache/recipe/2015/06/08/b8380f5393b4447e49cfd9f94b8a32bd.jpg",
	"url": "https://www.10000recipe.com/recipe/2571398",
	"ingredient_ids": [
		523,
		995,
		9,
		325,
		233,
		422
	],
	"time": "30",
	"ingre_list": [
		{
			"ingre_name": "소면",
			"ingre_count": "1",
			"ingre_unit": "줌"
		},
		{
			"ingre_name": "물",
			"ingre_count": "7",
			"ingre_unit": "컵"
		},
		{
			"ingre_name": "당근",
			"ingre_count": "1/4",
			"ingre_unit": "개"
		},
		{
			"ingre_name": "호박",
			"ingre_count": "1/4",
			"ingre_unit": "개"
		},
		{
			"ingre_name": "다진김치",
			"ingre_count": "1/2",
			"ingre_unit": "컵"
		},
		{
			"ingre_name": "다진마늘",
			"ingre_count": "1",
			"ingre_unit": "작은술"
		},
		{
			"ingre_name": "북어",
			"ingre_count": "",
			"ingre_unit": "조금"
		}
	],
	"recipe": [
		"1. 뚝배기에 재료 넣고 바글바글 끓여서 진한 육수를 만들어요.",
		"2. 그사이 야채는 가늘게 채썰어 준비하고요.",
		"3. 가늘게 채썬 야채는 올리브유를 살짝만 두르로 살짝 볶아냅니다. 소금이나 후추로 간을 살짝 하셔도 좋아요 ~",
		"4. 김치는 잘게 다져 야채 볶은팬에 올리브유를 살짝 두르고 그냥 볶았어요.",
		"5. 육수재료는 모두 건져내고 다진마늘과 파를 넣어 끓여주면 육수는 완성이예요.",
		"6. 소면은 삶아 찬물에 헹궈 물기를 쪽~~ 빼주고요.",
		"7. 물기뺀 소면을 돌돌 말아 그릇에 담고 볶아낸 야채를 올려 줍니다.",
		"8. 뜨거운 육수를 부어 드시기만 하면 되죠."
	],
	"recipe_img": [
		"https://recipe1.ezmember.co.kr/cache/recipe/2015/07/29/6332ef6db82be97294f6c1b69eede0fb1.jpg",
		"https://recipe1.ezmember.co.kr/cache/recipe/2015/07/29/a3fb4716f5442ffbe7faa57f5a1807ef1.jpg",
		"https://recipe1.ezmember.co.kr/cache/recipe/2015/07/29/1ff90c8b577e5e08e158ac8251822c661.jpg",
		"https://recipe1.ezmember.co.kr/cache/recipe/2015/07/29/46d0b86641917a6d50258f56ffc8e69b1.jpg",
		"https://recipe1.ezmember.co.kr/cache/recipe/2015/07/29/41103cb2daa8789b14424c3f85c65d471.jpg",
		"https://recipe1.ezmember.co.kr/cache/recipe/2015/07/29/4f3f130909cc9c4e79296940ec5f97ca1.jpg",
		"https://recipe1.ezmember.co.kr/cache/recipe/2015/07/29/2b63c46336103a8e0085ad782dc8bfcc1.jpg",
		"https://recipe1.ezmember.co.kr/cache/recipe/2015/07/29/1f3e00dbd172f4ca6b6ac888e43fac3b.jpg"
	]
}