{
	"id": "2574865",
	"name": "시원담백한 굴 미역국",
	"thumbnail": "https://recipe1.ezmember.co.kr/cache/recipe/2015/06/08/769ab257e6e678c45c1cc219e154d7d1.jpg",
	"url": "https://www.10000recipe.com/recipe/2574865",
	"ingredient_ids": [],
	"time": "30",
	"ingre_list": [],
	"recipe": [
		"1. 미역은 미리 물에 불려놓으시구요.",
		"2. 굴은 소금 풀어 흔들듯이 살랑살랑 씻어주세요.",
		"3. 굴을 걍 끓는물에 바로 넣어줄거랍니다.",
		"4. 굴이 익으면 미리 불려둔 미역을 넣어주세요. 마늘넣고 소금으로 간하시면 끝~"
	],
	"recipe_img": [
		"https://recipe1.ezmember.co.kr/cache/recipe/2015/07/29/6a595ee430b690cc90ea9e12548239251.jpg",
		"https://recipe1.ezmember.co.kr/cache/recipe/2015/07/29/096e4dac062fcc7108ac28c8f4f61b461.jpg",
		"https://recipe1.ezmember.co.kr/cache/recipe/2015/07/29/b9aa478484e3dfd506b4aa53236e8eb01.jpg",
		"https://recipe1.ezmember.co.kr/cache/recipe/2015/07/29/f56b73561be3219d28b1c7681572c3ff1.jpg"
	]
}