{
	"id": "2581415",
	"name": "멸치감자조림",
	"thumbnail": "https://recipe1.ezmember.co.kr/cache/recipe/2015/06/08/b1de83452623ac645fd6cd735e7677b7.jpg",
	"url": "https://www.10000recipe.com/recipe/2581415",
	"ingredient_ids": [
		5,
		320,
		643,
		29,
		843,
		292,
		575,
		543,
		225,
		995
	],
	"time": "30",
	"ingre_list": [
		{
			"ingre_name": "감자",
			"ingre_count": "5",
			"ingre_unit": "개"
		},
		{
			"ingre_name": "멸치",
			"ingre_count": "50",
			"ingre_unit": "g"
		},
		{
			"ingre_name": "풋고추",
			"ingre_count": "1/2",
			"ingre_unit": "개"
		},
		{
			"ingre_name": "홍고추",
			"ingre_count": "1/2",
			"ingre_unit": "개"
		},
		{
			"ingre_name": "마늘",
			"ingre_count": "3",
			"ingre_unit": "쪽"
		},
		{
			"ingre_name": "진간장",
			"ingre_count": "5",
			"ingre_unit": "큰술"
		},
		{
			"ingre_name": "매실액",
			"ingre_count": "2",
			"ingre_unit": "큰술"
		},
		{
			"ingre_name": "맛술",
			"ingre_count": "2",
			"ingre_unit": "큰술"
		},
		{
			"ingre_name": "올리고당",
			"ingre_count": "2.",
			"ingre_unit": ".큰술"
		},
		{
			"ingre_name": "통깨",
			"ingre_count": "",
			"ingre_unit": "약간"
		},
		{
			"ingre_name": "후춧가루",
			"ingre_count": "",
			"ingre_unit": "약간"
		},
		{
			"ingre_name": "물",
			"ingre_count": "3",
			"ingre_unit": "큰술"
		}
	],
	"recipe": [
		"1. 감자는 껍질을 제거하고 씻은 후 먹기 좋은 크기로 썰어서 찬물에 잠깐 동안 담갔다가 흐르는 물에 헹구어 체에 밭쳐 물기를 제거해 줍니다.",
		"2. 감자는 들기름과 천일염을 뿌려 고루 섞어서 밑간해 둡니다.",
		"3. 풋고추와 홍고추는 꼭지를 제거하고 씻은 후 어슷 썰어 주고 마늘은 껍질을 제거하고 씻은 후 편 썰어 줍니다.",
		"4. 달군 프라이팬에 밑간한 감자와 마늘을 넣고 볶다가 진간장, 물, 매실액을 넣고 볶으면서 조려 줍니다.",
		"5. 멸치를 넣고 고루 섞으면서 조려 줍니다.",
		"6. 풋고추와 홍고추, 맛술을 넣고 조려 주다가 올리고당과 후춧가루를 뿌려 고루 섞은 후 불에서 내려요."
	],
	"recipe_img": [
		"https://recipe1.ezmember.co.kr/cache/recipe/2015/07/28/498d4ebc37b38363434bb940476f90ba1.jpg",
		"https://recipe1.ezmember.co.kr/cache/recipe/2015/07/28/030cc43cabdd5dad9cc73fb34093b1771.jpg",
		"https://recipe1.ezmember.co.kr/cache/recipe/2015/07/28/f9cd758136bd4a00fdbee78aa37b5c501.jpg",
		"https://recipe1.ezmember.co.kr/cache/recipe/2015/07/28/8117f87d59888f8b1f7df529e35c8d351.jpg",
		"https://recipe1.ezmember.co.kr/cache/recipe/2015/07/28/2e7da934adce0fd0660474d7751357f61.jpg",
		"https://recipe1.ezmember.co.kr/cache/recipe/2015/07/28/3f841f34d1abee3c5e935f5a629cfa0a1.jpg"
	]
}