{
	"id": "2583415",
	"name": "얼큰한 민어매운탕 끓이기",
	"thumbnail": "https://recipe1.ezmember.co.kr/cache/recipe/2015/07/28/fa8dcaf6aee6f348bdd11d1513490cd1.jpg",
	"url": "https://www.10000recipe.com/recipe/2583415",
	"ingredient_ids": [
		345,
		323,
		19,
		7,
		295,
		20,
		31,
		3,
		27,
		497,
		19,
		3,
		90,
		995,
		473,
		848,
		224,
		938,
		292,
		233
	],
	"time": "60",
	"ingre_list": [
		{
			"ingre_name": "민어",
			"ingre_count": "2",
			"ingre_unit": "마리"
		},
		{
			"ingre_name": "두부",
			"ingre_count": "1/2",
			"ingre_unit": "모"
		},
		{
			"ingre_name": "무",
			"ingre_count": "",
			"ingre_unit": "적당량"
		},
		{
			"ingre_name": "애호박",
			"ingre_count": "1/4",
			"ingre_unit": "개"
		},
		{
			"ingre_name": "홍고추",
			"ingre_count": "1",
			"ingre_unit": "개"
		},
		{
			"ingre_name": "청양고추",
			"ingre_count": "2",
			"ingre_unit": "개"
		},
		{
			"ingre_name": "미나리",
			"ingre_count": "",
			"ingre_unit": ""
		},
		{
			"ingre_name": "쑥갓",
			"ingre_count": "",
			"ingre_unit": "적당량"
		},
		{
			"ingre_name": "양파",
			"ingre_count": "1/2",
			"ingre_unit": "개"
		},
		{
			"ingre_name": "대파",
			"ingre_count": "1/2",
			"ingre_unit": "뿌리"
		},
		{
			"ingre_name": "소금",
			"ingre_count": "",
			"ingre_unit": "약간"
		},
		{
			"ingre_name": "무",
			"ingre_count": "200",
			"ingre_unit": "g"
		},
		{
			"ingre_name": "다시멸치",
			"ingre_count": "10",
			"ingre_unit": "마리"
		},
		{
			"ingre_name": "양파",
			"ingre_count": "1/2",
			"ingre_unit": "개"
		},
		{
			"ingre_name": "다시마",
			"ingre_count": "3",
			"ingre_unit": "조각"
		},
		{
			"ingre_name": "물",
			"ingre_count": "",
			"ingre_unit": "적당량"
		},
		{
			"ingre_name": "고추장",
			"ingre_count": "3",
			"ingre_unit": "큰술"
		},
		{
			"ingre_name": "된장",
			"ingre_count": "1",
			"ingre_unit": "작은술"
		},
		{
			"ingre_name": "고춧가루",
			"ingre_count": "1",
			"ingre_unit": "큰술"
		},
		{
			"ingre_name": "멸치다시마국물",
			"ingre_count": "4",
			"ingre_unit": "큰술"
		},
		{
			"ingre_name": "매실청",
			"ingre_count": "2",
			"ingre_unit": "큰술"
		},
		{
			"ingre_name": "맛술",
			"ingre_count": "1",
			"ingre_unit": "큰술"
		},
		{
			"ingre_name": "다진마늘",
			"ingre_count": "1",
			"ingre_unit": "큰술"
		}
	],
	"recipe": [
		"1. 무는 물에 씻은 후 저며 썰고 고추는 꼭지제거후 어슷썰기, 양파와 대파는 채썰고 어슷썰고, 애호박은 반달로 썰고, 미나리와 쑥갓은 다듬어 적당한 크기로 잘라주세요.",
		"2. 두부는 흐르는 물에 씻은 후 적당한 크기로 썰어 줍니다.",
		"3. 민어는 꼬리와 지느러미, 비늘, 내장을 제거하고 흐르는 물에 헹군 다음 적당한 크기로 토막 내어 줍니다.",
		"4. 냄비에 물을 적당히 붓고 무, 다시멸치, 다시마, 양파를 넣어 멸치다시마 국물을 내어 줍니다.",
		"5. 고추장, 고춧가루, 된장, 다진 마늘, 매실청, 맛술, 멸치다시마국물을 넣어 고루 섞은 후 양념장을 만들어주세요.",
		"6. 멸치다시마 국물의 건더기를 건져 내고 무를 넣고 보글보글 끓여 줍니다.",
		"7. 양념장을 푼 다음 민어를 넣고 한소끔 끓여 줍니다.",
		"8. 두부, 애호박, 양파, 대파, 홍고추, 청양고추를 넣고 보글보글 끓여 줍니다.",
		"9. 미나리와 쑥갓을 넣어 한소끔 끓인 후 소금으로 간을 맞춰 주고 불에서 내려요. 중간 중간 거품은 걷어 냅니다."
	],
	"recipe_img": [
		"https://recipe1.ezmember.co.kr/cache/recipe/2015/07/28/a561513f447bf5d097e92a1c0d4878451.jpg",
		"https://recipe1.ezmember.co.kr/cache/recipe/2015/07/28/a9f81db6d82bbe6262bcd5019de06a991.jpg",
		"https://recipe1.ezmember.co.kr/cache/recipe/2015/07/28/825ab2c4f802138eea243c70aea9164d1.jpg",
		"https://recipe1.ezmember.co.kr/cache/recipe/2015/07/28/2dd844963b0b5c3fe484327a8f071f751.jpg",
		"https://recipe1.ezmember.co.kr/cache/recipe/2015/07/28/48cb3d182efd9b32383947fbddbb2f741.jpg",
		"https://recipe1.ezmember.co.kr/cache/recipe/2015/07/28/a20e1912293b9843c805200751454ba91.jpg",
		"https://recipe1.ezmember.co.kr/cache/recipe/2015/07/28/188b8fc81b026a6cdb39ad69661db5431.jpg",
		"https://recipe1.ezmember.co.kr/cache/recipe/2015/07/28/a8960044ba99038fad236568412a53221.jpg",
		"https://recipe1.ezmember.co.kr/cache/recipe/2015/07/28/6f27464e47fd54a11e7a2e8f09c569ce1.jpg"
	]
}