{
	"id": "2584544",
	"name": "쑥 대게탕 끓이기",
	"thumbnail": "https://recipe1.ezmember.co.kr/cache/recipe/2015/06/08/324048567cfabfabb50ee4311931de0b.jpg",
	"url": "https://www.10000recipe.com/recipe/2584544",
	"ingredient_ids": [
		305,
		506,
		19,
		3,
		224,
		292,
		233,
		27,
		497
	],
	"time": "60",
	"ingre_list": [
		{
			"ingre_name": "대게",
			"ingre_count": "2",
			"ingre_unit": "마리"
		},
		{
			"ingre_name": "멸치다시육수",
			"ingre_count": "6",
			"ingre_unit": "컵"
		},
		{
			"ingre_name": "쑥",
			"ingre_count": "70",
			"ingre_unit": "g"
		},
		{
			"ingre_name": "무",
			"ingre_count": "200",
			"ingre_unit": "g"
		},
		{
			"ingre_name": "양파",
			"ingre_count": "1/2",
			"ingre_unit": "개"
		},
		{
			"ingre_name": "집된장",
			"ingre_count": "3",
			"ingre_unit": "큰술"
		},
		{
			"ingre_name": "고춧가루",
			"ingre_count": "1",
			"ingre_unit": "큰술"
		},
		{
			"ingre_name": "맛술",
			"ingre_count": "1",
			"ingre_unit": "큰술"
		},
		{
			"ingre_name": "다진마늘",
			"ingre_count": "1",
			"ingre_unit": "큰술"
		},
		{
			"ingre_name": "대파",
			"ingre_count": "1",
			"ingre_unit": "대"
		},
		{
			"ingre_name": "소금",
			"ingre_count": "",
			"ingre_unit": "약간"
		},
		{
			"ingre_name": "후추",
			"ingre_count": "",
			"ingre_unit": "약간"
		}
	],
	"recipe": [
		"1. 대게를 몸통과 다리부분을 잘라 준비한후에 맛술을 넣어 잠시 놓아주세요.",
		"2. 양파와 대파는 적당히 썰어 준비해주시고 쑥도 깨끗이 씻어 준비해주세요~",
		"3. 멸치다시육수에 무,양파를 넣고 팔팔 끓은후에 집된장을 풀어 한소끔 끓여주세요.",
		"4. 대게 몸통부분을 먼저 넣어 끓여주신후에 다리부분을 넣어 끓여주신후에 고추가루,다진마늘,후추를 넣어주세요.",
		"5. 쑥을 넣어 끓여주시고 대파를 넣고 싱거우면 소금을 넣어 간해주세요."
	],
	"recipe_img": [
		"https://recipe1.ezmember.co.kr/cache/recipe/2015/07/16/ff68989fa9c9623eec8b5bb8a9d312be1.jpg",
		"https://recipe1.ezmember.co.kr/cache/recipe/2015/07/16/1cc33277e399877da08e630a9adeddb21.jpg",
		"https://recipe1.ezmember.co.kr/cache/recipe/2015/07/16/b4ddabc8e212715a249d0e69c39da38f1.jpg",
		"https://recipe1.ezmember.co.kr/cache/recipe/2015/07/16/20c1455bfb452fc5960b0998f62a7f411.jpg",
		"https://recipe1.ezmember.co.kr/cache/recipe/2015/07/16/0525cec398fbff751625a73cae27b4fb1.jpg"
	]
}