{
	"id": "2587495",
	"name": "소시지야채볶음",
	"thumbnail": "https://recipe1.ezmember.co.kr/cache/recipe/2015/08/07/2153f0a0998b187be4c6d5ebd6b45da7.jpg",
	"url": "https://www.10000recipe.com/recipe/2587495",
	"ingredient_ids": [
		3,
		9,
		30,
		724,
		473,
		233,
		660
	],
	"time": "15",
	"ingre_list": [
		{
			"ingre_name": "양파",
			"ingre_count": "",
			"ingre_unit": ""
		},
		{
			"ingre_name": "당근",
			"ingre_count": "",
			"ingre_unit": ""
		},
		{
			"ingre_name": "맛타리버섯",
			"ingre_count": "",
			"ingre_unit": ""
		},
		{
			"ingre_name": "부추",
			"ingre_count": "",
			"ingre_unit": ""
		},
		{
			"ingre_name": "소시지",
			"ingre_count": "",
			"ingre_unit": ""
		},
		{
			"ingre_name": "케찹",
			"ingre_count": "2",
			"ingre_unit": "큰술"
		},
		{
			"ingre_name": "스위트칠리소스",
			"ingre_count": "4",
			"ingre_unit": "큰술"
		},
		{
			"ingre_name": "고추장",
			"ingre_count": "1/2",
			"ingre_unit": "큰술"
		},
		{
			"ingre_name": "다진마늘",
			"ingre_count": "1/2",
			"ingre_unit": "큰술"
		},
		{
			"ingre_name": "후추",
			"ingre_count": "",
			"ingre_unit": "약간"
		},
		{
			"ingre_name": "참기름",
			"ingre_count": "",
			"ingre_unit": "약간"
		}
	],
	"recipe": [
		"1. 소스는 케찹 2큰술, 스위트칠리소스 4큰술, 고추장 반큰술, 다진마늘 반큰술, 후추 약간, 참기름 약간을 넣고 양념장을 만들어주세요",
		"2. 팬을 달궈 오일을 2큰술 두르고, 당근, 양파를 살짝 볶다가 소시지를 넣고 소스를 넣어 볶아줍니다.",
		"3. 불에서 내리기 전에 버섯, 부추를 넣어 한번만 휘리릭 볶으면 마무리!"
	],
	"recipe_img": [
		"https://recipe1.ezmember.co.kr/cache/recipe/2015/08/07/b1e7594494788ae1f91fb5c07ef713961.jpg",
		"https://recipe1.ezmember.co.kr/cache/recipe/2015/08/07/60a930e4dfba10d700c9bc26fade7f511.jpg",
		"https://recipe1.ezmember.co.kr/cache/recipe/2015/08/07/70b88d200c5d5bffd142399daf6855081.jpg"
	]
}