{
	"id": "2592778",
	"name": "꽈리고추 계란장조림",
	"thumbnail": "https://recipe1.ezmember.co.kr/cache/recipe/2015/06/08/110e69e824d8e5ab0b7cac0d996f38b1.jpg",
	"url": "https://www.10000recipe.com/recipe/2592778",
	"ingredient_ids": [
		293,
		995,
		853,
		575,
		90,
		960
	],
	"time": "30",
	"ingre_list": [
		{
			"ingre_name": "계란",
			"ingre_count": "7",
			"ingre_unit": "개"
		},
		{
			"ingre_name": "꽈리고추",
			"ingre_count": "1/2",
			"ingre_unit": "줌"
		},
		{
			"ingre_name": "물",
			"ingre_count": "1/2",
			"ingre_unit": "컵"
		},
		{
			"ingre_name": "맛간장",
			"ingre_count": "9",
			"ingre_unit": "큰술"
		},
		{
			"ingre_name": "올리고당",
			"ingre_count": "4",
			"ingre_unit": "큰술"
		},
		{
			"ingre_name": "다시마",
			"ingre_count": "1",
			"ingre_unit": "조각"
		},
		{
			"ingre_name": "생강술",
			"ingre_count": "1",
			"ingre_unit": "큰술"
		}
	],
	"recipe": [
		"1. 계란 7개를 삶아주세요",
		"2. 냄비에 물 1/2컵, 맛간장 9큰술, 올리고당 4큰술, 다시마 1조각, 생강술 1큰술 을 넣어 중불에서 끓여줍니다.",
		"3. 처음엔 소스가 좀 많은듯 싶은데 이렇게 소스가 끓으면서 계란이 잠길정도가 되어야 맛이 잘 베어들어요.",
		"4. 꽈리고추 반 줌을 넣어줍니다.",
		"5. 꽈리고추를 넣고 불을 줄여 약불에서 더 졸여주면 맛있는 꽈리고추 계란장조림 완성"
	],
	"recipe_img": [
		"https://recipe1.ezmember.co.kr/cache/recipe/2015/07/24/52e1b7f155d1d722d4be8234c6eba77c1.jpg",
		"https://recipe1.ezmember.co.kr/cache/recipe/2015/07/24/9dc220d4cf45e107ee310b5d5e101ed51.jpg",
		"https://recipe1.ezmember.co.kr/cache/recipe/2015/07/24/2974a3d927ffc6da2e308efe64adb68b1.jpg",
		"https://recipe1.ezmember.co.kr/cache/recipe/2015/07/24/135e813f9388890eb074cb6e229436d01.jpg",
		"https://recipe1.ezmember.co.kr/cache/recipe/2015/07/24/4154fa51adc8f3029a0c712c94f8b9ae1.jpg"
	]
}