{
	"id": "2599226",
	"name": "아미노산이 풍부한 시원하고 담백한 다슬기국",
	"thumbnail": "https://recipe1.ezmember.co.kr/cache/recipe/2015/07/29/979d18108600ff589fe067f9522f06f9.jpg",
	"url": "https://www.10000recipe.com/recipe/2599226",
	"ingredient_ids": [
		812,
		30,
		33,
		848,
		27,
		995,
		736,
		233,
		545
	],
	"time": "30",
	"ingre_list": [
		{
			"ingre_name": "다슬기",
			"ingre_count": "1.",
			"ingre_unit": ".Kg"
		},
		{
			"ingre_name": "부추",
			"ingre_count": "100",
			"ingre_unit": "g"
		},
		{
			"ingre_name": "아욱",
			"ingre_count": "130",
			"ingre_unit": "g"
		},
		{
			"ingre_name": "된장",
			"ingre_count": "2",
			"ingre_unit": "큰술"
		},
		{
			"ingre_name": "대파",
			"ingre_count": "1",
			"ingre_unit": "뿌리"
		},
		{
			"ingre_name": "물",
			"ingre_count": "",
			"ingre_unit": "적당량"
		},
		{
			"ingre_name": "조선간장",
			"ingre_count": "2",
			"ingre_unit": "큰술"
		},
		{
			"ingre_name": "다진마늘",
			"ingre_count": "1",
			"ingre_unit": "큰술"
		},
		{
			"ingre_name": "천일염",
			"ingre_count": "",
			"ingre_unit": "적당량"
		}
	],
	"recipe": [
		"1. 다슬기는 박박 문질러서 씻은 후 이틀 동안 해감을 시켜 주었어요. 중간 중간 박박 문질러서 씻은 후 물을 갈아 주었었는데 이물질과 모래가 나오는 걸 확인할 수가 있었다지요.",
		"2. 냄비에 물을 붓고 체에 밭쳐 된장을 풀어 줍니다. 된장 푼물이 끓으면 다슬기를 넣고 삶은 다음 체로 건져서 바늘을 이용해 다슬기 살을 빼 줍니다. 다슬기를 삶을 때에는 다슬기의 눈이 나왔을 때 끓는 물에 얼른 넣어서 삶아 주는 게 좋아요. 그래야 다슬기 살을 쉽게 뺄 수가 있거든요.",
		"3. 다슬기살에 밀가루를 넣어 고루 묻혀 줍니다. 밀가루를 묻혀 주면 다슬기의 비린 맛을 제거할 수가 있어서 좋거든요.",
		"4. 대파와 부추는 다듬어서 씻은 후 대파는 어슷 썰고 부추는 먹기 좋은 크기로 썰어 줍니다. 입맛을 돋우는 부추에 들어 있는 칼륨은 체내의 나트륨을 몸 밖으로 내 보내는 역할을 한다고 하지요. 아욱은 줄기를 꺾어서 껍질을 제거하고 먹기 좋은 크기로 뜯어서 주물러 씻은 후 아린 맛과 푸른 물을 우려 냅니다. 아욱은 비타민, 무기질, 칼슘이 풍부해 어린이성장발육에 좋은 채소라고 합니다.",
		"5. 다슬기 삶은 국물을 한소끔 끓인 후 아욱과 밀가루 입힌 다슬기를 넣고 끓여 줍니다.",
		"6. 부추와 다진파, 다진 마늘을 넣고 끓여 줍니다.",
		"7. 조선간장과 천일염으로 간을 맞춰 주고 불에서 내려요."
	],
	"recipe_img": [
		"https://recipe1.ezmember.co.kr/cache/recipe/2015/07/30/0269ec8639c1ccaa5f09dcea6fcc79ce1.jpg",
		"https://recipe1.ezmember.co.kr/cache/recipe/2015/07/30/d6af4844245cc6f7d6755408d0a175351.jpg",
		"https://recipe1.ezmember.co.kr/cache/recipe/2015/07/30/0d6550f19d0a6856cce59e625d03b5351.jpg",
		"https://recipe1.ezmember.co.kr/cache/recipe/2015/07/30/e993c48a0edd7613c9367ede0dffcd8d1.jpg",
		"https://recipe1.ezmember.co.kr/cache/recipe/2015/07/30/7ed2f9c95880fb7d1bbfca44f64e822d1.jpg",
		"https://recipe1.ezmember.co.kr/cache/recipe/2015/07/30/ca57a29af8b9f7ebb97b9ed3063fd2e41.jpg",
		"https://recipe1.ezmember.co.kr/cache/recipe/2015/07/30/999a3d574154947cb8a6a054dbf360b11.jpg"
	]
}