{
	"id": "2611110",
	"name": "빨간양념 황태채무침",
	"thumbnail": "https://recipe1.ezmember.co.kr/cache/recipe/2015/07/20/21a4e90d4af23b9dfa8da460887a2d28.jpg",
	"url": "https://www.10000recipe.com/recipe/2611110",
	"ingredient_ids": [
		473,
		224,
		233,
		228,
		660,
		290
	],
	"time": "15",
	"ingre_list": [
		{
			"ingre_name": "고추장",
			"ingre_count": "3",
			"ingre_unit": "큰술"
		},
		{
			"ingre_name": "고춧가루",
			"ingre_count": "0.",
			"ingre_unit": ".큰술"
		},
		{
			"ingre_name": "쌀조청",
			"ingre_count": "4",
			"ingre_unit": "큰술"
		},
		{
			"ingre_name": "다진마늘",
			"ingre_count": "0.",
			"ingre_unit": ".큰술"
		},
		{
			"ingre_name": "다진파",
			"ingre_count": "1",
			"ingre_unit": "큰술"
		},
		{
			"ingre_name": "마요네즈",
			"ingre_count": "0.",
			"ingre_unit": ".큰술"
		},
		{
			"ingre_name": "참기름",
			"ingre_count": "1",
			"ingre_unit": "큰술"
		},
		{
			"ingre_name": "깨",
			"ingre_count": "1",
			"ingre_unit": "큰술"
		}
	],
	"recipe": [
		"1. 길쭉하고 통통한 황태채 3줌은 다시한번 손으로 가늘게 찢어서 부스러기를 털어내줍니다.",
		"2. 고추장 3큰술, 고추가루 0.5큰술, 쌀조청 4큰술, 다진마늘 0.5큰술, 다진파 1큰술, 마요네즈 0.5큰술, 참기름 1큰술, 깨 1큰술을 넣어 양념장을 만듭니다.",
		"3. 볼에 위의 양념을 골고루 섞어서 찢어놓은 황태채를 넣고 손으로 힘을 주면서 무쳐줍니다.",
		"4. 황태채가 바짝 말라있어서 촉촉하고 부드러움을 주기위해 마요네즈를 살짝 넣어주었어요~ 고춧가루보다는 고추장으로 양념을 해야 촉촉하답니다.",
		"5. 황태채무침 완성. 바로 먹는것 보단 냉장고에 30분 정도 두었다 드시면 더 맛있어요."
	],
	"recipe_img": [
		"https://recipe1.ezmember.co.kr/cache/recipe/2015/07/21/136959fa43414f2641a6a51e3ce170d61.jpg",
		"https://recipe1.ezmember.co.kr/cache/recipe/2015/07/21/af866157fe026a0e734a07f5442c5eae1.jpg",
		"https://recipe1.ezmember.co.kr/cache/recipe/2015/07/21/1e385512c883c88e9247f1281e236a061.jpg",
		"https://recipe1.ezmember.co.kr/cache/recipe/2015/07/21/e5adca81e9982054afbdefb759fddee41.jpg",
		"https://recipe1.ezmember.co.kr/cache/recipe/2015/07/21/10cd9837e115af2fbe0201503bb106731.jpg"
	]
}