{
	"id": "2612029",
	"name": "삼색 롤샌드위치 도시락",
	"thumbnail": "https://recipe1.ezmember.co.kr/cache/recipe/2015/06/08/6f5dd31fc3a41f2f146f742591b03735.jpg",
	"url": "https://www.10000recipe.com/recipe/2612029",
	"ingredient_ids": [
		8,
		503,
		497,
		228,
		497
	],
	"time": "60",
	"ingre_list": [
		{
			"ingre_name": "삶은달걀",
			"ingre_count": "4",
			"ingre_unit": "개"
		},
		{
			"ingre_name": "오이",
			"ingre_count": "1",
			"ingre_unit": "개"
		},
		{
			"ingre_name": "적양배추",
			"ingre_count": "70",
			"ingre_unit": "g"
		},
		{
			"ingre_name": "식빵",
			"ingre_count": "8",
			"ingre_unit": "장"
		},
		{
			"ingre_name": "소금",
			"ingre_count": "",
			"ingre_unit": "적당량"
		},
		{
			"ingre_name": "마요네즈",
			"ingre_count": "4",
			"ingre_unit": "큰술"
		},
		{
			"ingre_name": "후추",
			"ingre_count": "",
			"ingre_unit": "약간"
		},
		{
			"ingre_name": "소금",
			"ingre_count": "",
			"ingre_unit": "약간"
		}
	],
	"recipe": [
		"1. 오이는 씨부분을 제외한 부분을 잘라 잘게 썰어주신다음 소금 1/2작은술을 넣어 잠시절인후에 거즈나키친타올로 짜 물기를 제거한후에 마요네즈를 넣고 섞어주세요.",
		"2. 삶은달걀을 달걀노른자 ,흰자분리해서 노른자는 체에 내려 마요네즈1큰술,후추넣고 섞어주시고 흰자는 잘게 썰어 마요네즈,소금,후추 넣고 섞어주세요.",
		"3. 적양배추는 깨끗이 씻어 물기제거후에 잘게 썰어 마요네즈1큰술을 넣고 섞어주세요.",
		"4. 식빵 가장자리를 잘라낸후 적배추를 올려주세요.",
		"5. 적배추-식빵-오이-식빵-달걀노른자-흰자-식빵 순으로 올리고 랩으로 감싸 잠시 놓아두세요~",
		"6. 삼색롤샌드위치는 식빵을 밀대로 밀은후에 각각의 재료를 식빵위에 놓고 돌돌 말아주신다음 랩으로 감싸 잠시 놓아둔후에 썰어서 꼬지에 꽂아주시면 된답니다."
	],
	"recipe_img": [
		"https://recipe1.ezmember.co.kr/cache/recipe/2015/07/27/c009353abb87a86f2e9f2a7c4e653e131.jpg",
		"https://recipe1.ezmember.co.kr/cache/recipe/2015/07/27/26edbe338736d3fe7e723cfd63c812081.jpg",
		"https://recipe1.ezmember.co.kr/cache/recipe/2015/07/27/7c40aba3225abfc294d537f9c26be2931.jpg",
		"https://recipe1.ezmember.co.kr/cache/recipe/2015/07/27/fb08dc536281b56be0faf27125b258231.jpg",
		"https://recipe1.ezmember.co.kr/cache/recipe/2015/07/27/31b258d8f0a1d8441795979ad817c77d1.jpg",
		"https://recipe1.ezmember.co.kr/cache/recipe/2015/07/27/6080da63d0bde437aae1c4414b522a2e1.jpg"
	]
}