{
	"id": "2622336",
	"name": "바삭하고 맛난 연근정과",
	"thumbnail": "https://recipe1.ezmember.co.kr/cache/recipe/2015/06/08/5e0eed388773295e2831347695689696.jpg",
	"url": "https://www.10000recipe.com/recipe/2622336",
	"ingredient_ids": [
		24,
		478
	],
	"time": "60",
	"ingre_list": [
		{
			"ingre_name": "연근",
			"ingre_count": "",
			"ingre_unit": ""
		},
		{
			"ingre_name": "식초물",
			"ingre_count": "",
			"ingre_unit": ""
		},
		{
			"ingre_name": "흰설탕",
			"ingre_count": "",
			"ingre_unit": ""
		},
		{
			"ingre_name": "흑설탕",
			"ingre_count": "",
			"ingre_unit": ""
		}
	],
	"recipe": [
		"1. 우선 연근은 먹기좋은 크기로 잘라서 식초물에 담궈주세요.",
		"2. 키친타올을 깔고 찜기에 한번 쪄주었네요.",
		"3. 이렇게 한번 쪄주거나 끓는물에 데쳐서 익혀주세요.",
		"4. 물과 흰설탕,흑설탕을 넣고 끓여주었어요.",
		"5. 은근한 불로 졸여주세요.",
		"6. 소쿠리에 바쳐 시럽을 빼주시고 오븐팬에 올려 말려주세요. 제가 사용하는 오븐에는 건조기능이 있어서 오븐에서 말려주었구요. 식품건조기나 햇볕에 말려주심 되네요~",
		"7. 그리고 달구어진 기름에 바삭하게 튀겨줬습니다. 말리고 튀겨주니 더 바삭한감이 있고 좋은데요~"
	],
	"recipe_img": [
		"https://recipe1.ezmember.co.kr/cache/recipe/2015/07/23/38f1038469eb356c11e683d48f68b49b1.jpg",
		"https://recipe1.ezmember.co.kr/cache/recipe/2015/07/23/1de2b1ab3d77c1f36bc1588ba70b915b1.jpg",
		"https://recipe1.ezmember.co.kr/cache/recipe/2015/07/23/aae3df4aa70a1c05ff1bbd46c141d1321.jpg",
		"https://recipe1.ezmember.co.kr/cache/recipe/2015/07/23/06d412b6ab936eb0bb940e5ba0f4d64c1.jpg",
		"https://recipe1.ezmember.co.kr/cache/recipe/2015/07/23/959fa2f6fe1c2def6b0f9a606edc816b1.jpg",
		"https://recipe1.ezmember.co.kr/cache/recipe/2015/07/23/71af4cea3779aa9af6d729c68a17d3531.jpg",
		"https://recipe1.ezmember.co.kr/cache/recipe/2015/07/23/083ea8e42072721ba70d5a215d83b3e3.jpg"
	]
}