{
	"id": "2622523",
	"name": "영양 가득한 전복밥",
	"thumbnail": "https://recipe1.ezmember.co.kr/cache/recipe/2015/08/07/f4c2638d38ba5fa4f663928019cc09db.jpg",
	"url": "https://www.10000recipe.com/recipe/2622523",
	"ingredient_ids": [
		114,
		379,
		292,
		995,
		660,
		224,
		543,
		226
	],
	"time": "90",
	"ingre_list": [
		{
			"ingre_name": "활전복",
			"ingre_count": "4",
			"ingre_unit": "마리"
		},
		{
			"ingre_name": "맵쌀1+1/2C",
			"ingre_count": "1+1/2",
			"ingre_unit": "C"
		},
		{
			"ingre_name": "녹두",
			"ingre_count": "1/2",
			"ingre_unit": "C"
		},
		{
			"ingre_name": "간장",
			"ingre_count": "2",
			"ingre_unit": "T"
		},
		{
			"ingre_name": "맛술",
			"ingre_count": "1",
			"ingre_unit": "T"
		},
		{
			"ingre_name": "물",
			"ingre_count": "1",
			"ingre_unit": "T"
		},
		{
			"ingre_name": "참기름",
			"ingre_count": "1",
			"ingre_unit": "T"
		},
		{
			"ingre_name": "고춧가루",
			"ingre_count": "1/2",
			"ingre_unit": "T"
		},
		{
			"ingre_name": "통깨",
			"ingre_count": "",
			"ingre_unit": "약간"
		},
		{
			"ingre_name": "설탕",
			"ingre_count": "",
			"ingre_unit": "약간"
		}
	],
	"recipe": [
		"1. 전복을 들어서 내장이 붙어 있는 쪽이 보이면 그 반대편으로 수저를 넣어 주시면 되요.",
		"2. 저렇게 들리는 부분으로 수저를 넣어서 살짝 오른쪽으로 돌리면 톡~ 끊어지는 느낌이 와요.",
		"3. 이렇게 잘라 주시면 됩니다. 못쓰는 칫솔 등으로 구석 구석 깨끗이 닦아 주시고요. 앞에 주둥이도 제거해 주세요. 그리고 먹기 좋은 사이즈로 잘라 주세요.",
		"4. 물 대략 3컵 정도를 팔팔 끓이다가 불을 끄고 가다랑이 포를 넣어 대략 7~8분 정도 육수를 우려 주세요.",
		"5. 우린 육수에 전복의 내장(게우)을 넣고요.",
		"6. 나무 수저로 내장을 터트려 진한 게우 육수를 만들어 주세요.",
		"7. 쌀은 맵쌀 1 1/2Cup + 녹두 1/2Cup 대략 한시간 정도 불려 놓고요.",
		"8. 준비한 내장 육수 대략 2Cup 조금 넘게 넣어 주세요. 쌀 : 물 = 1 : 1.2~1.5 정도인데 정확한 공식은 아니니까 조금 적은 듯 부었다가 나중에 부족하면 살짝 더 넣어주시는게 좋아요.",
		"9. 뚜껑을 닫고 센불로 끓입니다. (대략 5분 정도)",
		"10. 저도 중간 중간 뚜껑 열고 저어가면서 확인하거든요. 중불로 줄여 주세요.",
		"11. 함께 곁들일 부추 양념장~ 부추 대략 15줄기 정도 송송 썰어 넣고요.",
		"12. 간장 2T + 맛술 1T + 물 1T + 참기름 1T + 고춧가루 1/2T + 통깨 약간, 설탕 아주 아주 살짝~",
		"13. 밥이 거의 되었으면 불을 끄고 전복을 올립니다.",
		"14. 뚜껑을 덮고 뜸을 들여 주세요.",
		"15. 맛있는 전복밥 완성~~"
	],
	"recipe_img": [
		"https://recipe1.ezmember.co.kr/cache/recipe/2015/08/07/a181fcf156cf5b9b07f80b29d7d955c81.jpg",
		"https://recipe1.ezmember.co.kr/cache/recipe/2015/08/07/911b399bbbcea93025c4e0d595ff5f461.jpg",
		"https://recipe1.ezmember.co.kr/cache/recipe/2015/08/07/7674ca058e68792d65be21d24cdaf1fa.jpg",
		"https://recipe1.ezmember.co.kr/cache/recipe/2015/08/07/cba5d87a534dc3b64e589ecbb4534b7f1.jpg",
		"https://recipe1.ezmember.co.kr/cache/recipe/2015/08/07/d9641b1d44dccd0f8976c6b02e3c8e6c1.jpg",
		"https://recipe1.ezmember.co.kr/cache/recipe/2015/08/07/e90ee77ba1335d09200318cc87e4d4901.jpg",
		"https://recipe1.ezmember.co.kr/cache/recipe/2015/08/07/fe35820ca345bff2272c894e367577ca1.jpg",
		"https://recipe1.ezmember.co.kr/cache/recipe/2015/08/07/d2758a8f4fbd0044203fe552f42c6dee1.jpg",
		"https://recipe1.ezmember.co.kr/cache/recipe/2015/08/07/dd9d315b20b575f9510491d59ca660681.jpg",
		"https://recipe1.ezmember.co.kr/cache/recipe/2015/08/07/c609aefc22eec5e71e2d45098ae0ed0f1.jpg",
		"https://recipe1.ezmember.co.kr/cache/recipe/2015/08/07/7f80edf429d2e1e6855cb5f4ab4c1e5b1.jpg",
		"https://recipe1.ezmember.co.kr/cache/recipe/2015/08/07/8fbf7de257a6b68bb0ae3bb959e4586b1.jpg",
		"https://recipe1.ezmember.co.kr/cache/recipe/2015/08/07/fa724dbd701b074441d057cf84be12381.jpg",
		"https://recipe1.ezmember.co.kr/cache/recipe/2015/08/07/0642e3684365f4992625c9d0a5b669461.jpg",
		"https://recipe1.ezmember.co.kr/cache/recipe/2015/08/07/892b06cb14594accda6ab5d26192a61d.jpg"
	]
}