{
	"id": "2635784",
	"name": "쇠고기 야채볶음",
	"thumbnail": "https://recipe1.ezmember.co.kr/cache/recipe/2015/07/24/08338013b19ae1ee41f4612ddfd25854.jpg",
	"url": "https://www.10000recipe.com/recipe/2635784",
	"ingredient_ids": [
		495,
		911,
		233,
		3,
		9,
		27,
		295,
		379,
		226,
		341,
		29,
		458,
		846,
		660
	],
	"time": "30",
	"ingre_list": [
		{
			"ingre_name": "소고기",
			"ingre_count": "",
			"ingre_unit": ""
		},
		{
			"ingre_name": "버섯",
			"ingre_count": "",
			"ingre_unit": ""
		},
		{
			"ingre_name": "다진마늘",
			"ingre_count": "",
			"ingre_unit": ""
		},
		{
			"ingre_name": "양파",
			"ingre_count": "",
			"ingre_unit": ""
		},
		{
			"ingre_name": "당근",
			"ingre_count": "",
			"ingre_unit": ""
		},
		{
			"ingre_name": "대파",
			"ingre_count": "",
			"ingre_unit": ""
		},
		{
			"ingre_name": "청양고추",
			"ingre_count": "",
			"ingre_unit": ""
		},
		{
			"ingre_name": "간장",
			"ingre_count": "",
			"ingre_unit": ""
		},
		{
			"ingre_name": "설탕",
			"ingre_count": "",
			"ingre_unit": ""
		},
		{
			"ingre_name": "물엿",
			"ingre_count": "",
			"ingre_unit": ""
		},
		{
			"ingre_name": "마늘",
			"ingre_count": "",
			"ingre_unit": ""
		},
		{
			"ingre_name": "생강즙",
			"ingre_count": "",
			"ingre_unit": ""
		},
		{
			"ingre_name": "청주",
			"ingre_count": "",
			"ingre_unit": ""
		},
		{
			"ingre_name": "참기름",
			"ingre_count": "",
			"ingre_unit": ""
		},
		{
			"ingre_name": "후추",
			"ingre_count": "",
			"ingre_unit": ""
		}
	],
	"recipe": [
		"1. 고기와 버섯에 불고기 양념을 해주었어요. 고기양에 따라 간장이나 설탕양이 조금 차이가 있으니까 들어가는 재료만 적어놓을께요~",
		"2. 불고기양념을 넣고 조물조물 주물러서 고기와 버섯에 간이 베게 잠시 놔두시고 그동안 야채준비 해보아요.",
		"3. 냉장고속에 있는 야채는 머든 준비해주세요.",
		"4. 달구어진 팬에 양념된 고기와 버섯을 넣고 볶아주세요.",
		"5. 고기를 볶으면서 준비된 야채중 당근을 먼저 넣어주세요.",
		"6. 고기와 당근이 익으면 대파를 제외한 다른 야채들을 넣고 볶아주세요.",
		"7. 마지막으로 대파를 넣고 재료가 섞이도록 한번더 볶아준뒤 불을 끄시면 쇠고기 야채볶음 완성입니다."
	],
	"recipe_img": [
		"https://recipe1.ezmember.co.kr/cache/recipe/2015/07/24/9b05b5f44dccdff195b2d9d0fdf0a1021.jpg",
		"https://recipe1.ezmember.co.kr/cache/recipe/2015/07/24/eb330d03bde3dd7ffa12e0918d5c217a1.jpg",
		"https://recipe1.ezmember.co.kr/cache/recipe/2015/07/24/65e8bcc7e48c35cbf4b96e3d638237bf1.jpg",
		"https://recipe1.ezmember.co.kr/cache/recipe/2015/07/24/12bc509dc55fc68b65774204e26527c41.jpg",
		"https://recipe1.ezmember.co.kr/cache/recipe/2015/07/24/c6c69c45f76599af052652aa6f07bf451.jpg",
		"https://recipe1.ezmember.co.kr/cache/recipe/2015/07/24/dee8e52ec16439f606d540612384b9af1.jpg",
		"https://recipe1.ezmember.co.kr/cache/recipe/2015/07/24/d8d037f7ac142db6d993f147005c87861.jpg"
	]
}