{
	"id": "2636017",
	"name": "후다닥 뚝딱 북어채무침",
	"thumbnail": "https://recipe1.ezmember.co.kr/cache/recipe/2015/07/22/2bc30e45446efdcbd6a7ebaff321c877.jpg",
	"url": "https://www.10000recipe.com/recipe/2636017",
	"ingredient_ids": [
		473,
		379,
		341,
		995,
		292,
		233,
		350,
		660
	],
	"time": "30",
	"ingre_list": [
		{
			"ingre_name": "북어채",
			"ingre_count": "2.",
			"ingre_unit": ".줌"
		},
		{
			"ingre_name": "고추장",
			"ingre_count": "1.",
			"ingre_unit": ".숟가락"
		},
		{
			"ingre_name": "간장",
			"ingre_count": "0.",
			"ingre_unit": ".숟가락"
		},
		{
			"ingre_name": "물엿",
			"ingre_count": "2",
			"ingre_unit": "숟가락"
		},
		{
			"ingre_name": "물",
			"ingre_count": "2",
			"ingre_unit": "숟가락"
		},
		{
			"ingre_name": "맛술",
			"ingre_count": "1",
			"ingre_unit": "숟가락"
		},
		{
			"ingre_name": "다진파",
			"ingre_count": "0.",
			"ingre_unit": ".숟가락"
		},
		{
			"ingre_name": "다진마늘",
			"ingre_count": "0.",
			"ingre_unit": ".숟가락"
		},
		{
			"ingre_name": "깨소금",
			"ingre_count": "0.",
			"ingre_unit": ".숟가락"
		},
		{
			"ingre_name": "참기름",
			"ingre_count": "0.",
			"ingre_unit": ".숟가락"
		}
	],
	"recipe": [
		"1. 북어채는 물에 살짝 적신 후 물기를 꼭 짜주세요. 깨소금과 참기름을 제외한 양념을 골고루 섞어 살짝 끓여 주세요.",
		"2. 물기 꼭 짠 북어채를 양념장에 넣고 골고루 무쳐 주세요.",
		"3. 깨소금, 참기름 넣고 마무리 합니다. 후다닥 뚝딱 만든 북어채무침이에요."
	],
	"recipe_img": [
		"https://recipe1.ezmember.co.kr/cache/recipe/2015/07/27/58b39f1c3ce13923446faccc045069511.jpg",
		"https://recipe1.ezmember.co.kr/cache/recipe/2015/07/27/0a6b8f681eca98de7c9c51a30a4127b81.jpg",
		"https://recipe1.ezmember.co.kr/cache/recipe/2015/07/27/0adffda4e41493a36b3c7f4838e50a871.jpg"
	]
}