{
	"id": "2639376",
	"name": "코다리강정 만들기",
	"thumbnail": "https://recipe1.ezmember.co.kr/cache/recipe/2015/07/24/7ac8eea0c6498e411efddc026360e848.jpg",
	"url": "https://www.10000recipe.com/recipe/2639376",
	"ingredient_ids": [
		721,
		27,
		29,
		497,
		458,
		846,
		379,
		473,
		226,
		341,
		660,
		843,
		29,
		995
	],
	"time": "60",
	"ingre_list": [
		{
			"ingre_name": "코다리",
			"ingre_count": "",
			"ingre_unit": ""
		},
		{
			"ingre_name": "대파",
			"ingre_count": "",
			"ingre_unit": ""
		},
		{
			"ingre_name": "땅콩분태",
			"ingre_count": "",
			"ingre_unit": ""
		},
		{
			"ingre_name": "홍고추또는청고추(선택)",
			"ingre_count": "",
			"ingre_unit": ""
		},
		{
			"ingre_name": "달걀흰자",
			"ingre_count": "",
			"ingre_unit": ""
		},
		{
			"ingre_name": "녹말가루",
			"ingre_count": "",
			"ingre_unit": ""
		},
		{
			"ingre_name": "마늘",
			"ingre_count": "",
			"ingre_unit": ""
		},
		{
			"ingre_name": "소금",
			"ingre_count": "",
			"ingre_unit": ""
		},
		{
			"ingre_name": "후추",
			"ingre_count": "",
			"ingre_unit": ""
		},
		{
			"ingre_name": "생강즙",
			"ingre_count": "",
			"ingre_unit": ""
		},
		{
			"ingre_name": "청주",
			"ingre_count": "",
			"ingre_unit": ""
		},
		{
			"ingre_name": "간장",
			"ingre_count": "",
			"ingre_unit": ""
		},
		{
			"ingre_name": "고추장",
			"ingre_count": "",
			"ingre_unit": ""
		},
		{
			"ingre_name": "설탕",
			"ingre_count": "",
			"ingre_unit": ""
		},
		{
			"ingre_name": "물엿",
			"ingre_count": "",
			"ingre_unit": ""
		},
		{
			"ingre_name": "참기름",
			"ingre_count": "",
			"ingre_unit": ""
		},
		{
			"ingre_name": "매실액",
			"ingre_count": "",
			"ingre_unit": ""
		},
		{
			"ingre_name": "마늘",
			"ingre_count": "",
			"ingre_unit": ""
		},
		{
			"ingre_name": "물",
			"ingre_count": "",
			"ingre_unit": "약간"
		}
	],
	"recipe": [
		"1. 코다리는 지느러미 자르고 먹기편한 크기로 잘라서 준비합니다.",
		"2. 소금, 후추, 생강즙, 청주를 뿌려 잠시 밑간해두시고 다른재료 준비해보아요.",
		"3. 대파는 흰뿌리만 준비해서 반으로 갈라 가운데 심을 빼고 겉장만 떼어 얇게 채썰어준뒤 찬물에 잠시 담궈주세요.",
		"4. 코다리를 한번튀긴 다음 조림장에 졸여줄거라 미리 양념장을 만들어 두어야 한답니다. 코다리 양에 따라 양념양도 달라지니까 참고해주세요. 간장, 고추장, 설탕, 물엿, 참기름, 매실액, 마늘, 물 약간 이렇게 넣고 양념장을 만들어두세요",
		"5. 몇일전 삼겹살구이 해서 쌈사먹고 남은 편마늘이 있어 오늘 구워서 코다리강정에 넣어줄거랍니다. 없으심 패쑤 하셔도 되요.",
		"6. 코다리에 달걀흰자와 녹말가루를 넣고 조물조물 버무려 튀김옷을 입혀주세요.",
		"7. 기름에 마늘향이 베이게 먼저 마늘을 튀겨주세요. 그다음 코다리도 튀겨주시구요~소스에 졸일거라 걍 한번만 튀겨주었어요~",
		"8. 전 매콤달콤한 소스에 졸여줄거라 소스에 고추장을 넣었지만 매운거 싫어하시는분들은 간장과 토마토케첩을 사용하시면 되네요. 냄비에 미리 만들어둔 양념장 부어주시구요.",
		"9. 소스가 보글보글 끓여 양념장이 조금 졸아들때까지 끓여주세요.",
		"10. 미리 튀겨놓은 코다리 넣어주시구요.",
		"11. 튀긴마늘과 땅콩분태를 넣어주세요.",
		"12. 재료가 섞이도록 휘리릭 저어주고 불을 끄시면 완성입니다."
	],
	"recipe_img": [
		"https://recipe1.ezmember.co.kr/cache/recipe/2015/07/24/81805e3156c89308666792aa5dda61191.jpg",
		"https://recipe1.ezmember.co.kr/cache/recipe/2015/07/24/43bfe177c0c7484c51584a31ed779a5c1.jpg",
		"https://recipe1.ezmember.co.kr/cache/recipe/2015/07/24/fd0a97c46f4628b9b4c370865776a1441.jpg",
		"https://recipe1.ezmember.co.kr/cache/recipe/2015/07/24/24c37051fc612dcdb2fa0d5e07b480bc1.jpg",
		"https://recipe1.ezmember.co.kr/cache/recipe/2015/07/24/9825cba43b075ffc7ec341fcba4daf2b1.jpg",
		"https://recipe1.ezmember.co.kr/cache/recipe/2015/07/24/92ee71f25e3ae974f20e2fc3733cfd9d1.jpg",
		"https://recipe1.ezmember.co.kr/cache/recipe/2015/07/24/89ff4d16574c6c64ee14208a2ce225fd1.jpg",
		"https://recipe1.ezmember.co.kr/cache/recipe/2015/07/24/fe79d00a1ccb3a00c900b190b5b219781.jpg",
		"https://recipe1.ezmember.co.kr/cache/recipe/2015/07/24/df68ac469817f7f84b4dee8d11101ec01.jpg",
		"https://recipe1.ezmember.co.kr/cache/recipe/2015/07/24/2fae503834c015fb70e67d26a262c9171.jpg",
		"https://recipe1.ezmember.co.kr/cache/recipe/2015/07/24/423deff5b346013b741f38c74cdb421e1.jpg",
		"https://recipe1.ezmember.co.kr/cache/recipe/2015/07/24/a0b251f043eaf0869e1e863e9eee42251.jpg"
	]
}