{
	"id": "2647063",
	"name": "입안에서 톡톡 터지는 게살알밥",
	"thumbnail": "https://recipe1.ezmember.co.kr/cache/recipe/2015/07/21/d0cefd09cf8a5fca4c2e5856cf8483d9.jpg",
	"url": "https://www.10000recipe.com/recipe/2647063",
	"ingredient_ids": [
		480,
		482,
		16,
		15,
		198
	],
	"time": "15",
	"ingre_list": [
		{
			"ingre_name": "밥",
			"ingre_count": "2",
			"ingre_unit": "공기"
		},
		{
			"ingre_name": "꽃게",
			"ingre_count": "1",
			"ingre_unit": "마리"
		},
		{
			"ingre_name": "날치알",
			"ingre_count": "2",
			"ingre_unit": "큰술"
		},
		{
			"ingre_name": "다진단무지",
			"ingre_count": "2",
			"ingre_unit": "큰술"
		},
		{
			"ingre_name": "볶음김치",
			"ingre_count": "2",
			"ingre_unit": "큰술"
		},
		{
			"ingre_name": "상추",
			"ingre_count": "",
			"ingre_unit": "조금"
		},
		{
			"ingre_name": "깻잎",
			"ingre_count": "",
			"ingre_unit": "조금"
		},
		{
			"ingre_name": "달걀노른자",
			"ingre_count": "2",
			"ingre_unit": "개"
		},
		{
			"ingre_name": "버터",
			"ingre_count": "",
			"ingre_unit": "조금"
		}
	],
	"recipe": [
		"1. 꽃게는 찜을 하여 살을 발라냅니다.",
		"2. 단무지는 잘게 다져 놓으시구요.",
		"3. 뚝배기 그릇에 버터 ½작은술 정도 넣고 밥을 넣으세요. 버터가 없다면 참기름으로 밑바닥을 살짝 문질러 주어도 고소한 맛을 즐길 수 있습니다.",
		"4. 밥 위로 게살과 볶음김치. 다진 단무지와 상추를 고루 얹은 다음, 중앙에 날치알을 얹고 살짝 홈을 만들어 달걀 노른자를 올립니다.",
		"5. 뚝배기를 약한불 위에 올리고 타다닥~ 타다닥~ 소리가 날 때까지 가열을 해줍니다. 누룽지가 생기는 소리와 알이 터지는 모습을 보면 오감이 행복해지는 알밥이 됩니다. 센불에 올리면 밥이 타는 현상도 생기니 필히 약한불을 사용합니다."
	],
	"recipe_img": [
		"https://recipe1.ezmember.co.kr/cache/recipe/2015/07/21/9efdc47c0388f8fe97414f7ae5e558db1.jpg",
		"https://recipe1.ezmember.co.kr/cache/recipe/2015/07/21/79b6bd6e0436b159d7a9fcde3632b9711.jpg",
		"https://recipe1.ezmember.co.kr/cache/recipe/2015/07/21/74bd6bd32f1ecb2a1654cefc1e53415c1.jpg",
		"https://recipe1.ezmember.co.kr/cache/recipe/2015/07/21/39519c47aa99661ce24538e3625dbf621.jpg",
		"https://recipe1.ezmember.co.kr/cache/recipe/2015/07/21/8382449eaa7e2f7aadd6f48c9a69b2f3.jpg"
	]
}