{
	"id": "2661894",
	"name": "소갈비찜 맛있게 만드는 법",
	"thumbnail": "https://recipe1.ezmember.co.kr/cache/recipe/2015/07/21/f1285e2103da4f5784559ebd9b0eb8b0.jpg",
	"url": "https://www.10000recipe.com/recipe/2661894",
	"ingredient_ids": [
		187,
		19,
		132,
		27,
		857,
		995,
		379,
		292,
		526,
		233,
		457,
		660
	],
	"time": "120",
	"ingre_list": [
		{
			"ingre_name": "소갈비",
			"ingre_count": "1",
			"ingre_unit": "kg"
		},
		{
			"ingre_name": "밤",
			"ingre_count": "10",
			"ingre_unit": "개"
		},
		{
			"ingre_name": "무",
			"ingre_count": "",
			"ingre_unit": "약간"
		},
		{
			"ingre_name": "대추",
			"ingre_count": "10",
			"ingre_unit": "개"
		},
		{
			"ingre_name": "대파",
			"ingre_count": "1",
			"ingre_unit": "대"
		},
		{
			"ingre_name": "파뿌리",
			"ingre_count": "",
			"ingre_unit": ""
		},
		{
			"ingre_name": "통후추",
			"ingre_count": "",
			"ingre_unit": ""
		},
		{
			"ingre_name": "물",
			"ingre_count": "5",
			"ingre_unit": "C"
		},
		{
			"ingre_name": "갈은배",
			"ingre_count": "5",
			"ingre_unit": "T"
		},
		{
			"ingre_name": "갈은양파",
			"ingre_count": "3",
			"ingre_unit": "T"
		},
		{
			"ingre_name": "간장",
			"ingre_count": "6",
			"ingre_unit": "T"
		},
		{
			"ingre_name": "맛술",
			"ingre_count": "1",
			"ingre_unit": "T"
		},
		{
			"ingre_name": "황설탕",
			"ingre_count": "2",
			"ingre_unit": "T"
		},
		{
			"ingre_name": "다진마늘",
			"ingre_count": "2",
			"ingre_unit": "T"
		},
		{
			"ingre_name": "다진생강",
			"ingre_count": "1/3",
			"ingre_unit": "T"
		},
		{
			"ingre_name": "다진파",
			"ingre_count": "2",
			"ingre_unit": "T"
		},
		{
			"ingre_name": "후추가루",
			"ingre_count": "1/3",
			"ingre_unit": "T"
		},
		{
			"ingre_name": "참기름",
			"ingre_count": "1/2",
			"ingre_unit": "T"
		}
	],
	"recipe": [
		"1. 고기의 핏물을 빼줍니다.",
		"2. 핏물뺀 고기에 고깃결의 반대로 칼집을 넣어주세요. 그래야 뼈에서 고기가 분리되는것을 방지하고 칼집 사이사이 양념이 쏙쏙 베어들어 맛을 더하고, 칼집을 넣어줌으로써 고기도 더 연해집니다.",
		"3. 밤은 껍질을 까서 준비하고 대추는 깨끗히 씻고 무는 둥글게 깍아서 주세요",
		"4. 분량의 양념장을 만들어주세요. 이때 물엿이나 올리고당을 넣어도 되는데 그럼 고기에 코팅이 되어서 양념이 잘 베어들지 못합니다. 그러니 되도록 설탕을 넣어주세요~",
		"5. 생수 5C을 넣고 대파뿌리 2개,대파 한대,통후추 1T를 넣고 팔팔 끓는물에 고기를 넣어 데쳐내줍니다. 향신료는 집에있는거 아무거나 넣으셔요. 마늘이나 생강 이런것도 좋답니다.",
		"6. 고기가 데쳐지면 고기는 건져내주시고.. 건져낸 고기는 찬물에 한번 씻어냅니다. 면보나 일회용 거름종이에 육수를 걸러줍니다.",
		"7. 건져낸 고기에 양념 1/2만큼 넣고 뒤적뒤적 볶아줍니다. 그럼 양념이 더 쏙쏙 잘베어듭니다.",
		"8. 면보에 걸러놓은 육수 4C을 붓고 나머지 양념을 넣어 냄비 뚜껑 콱!!닫고 끓여줍니다.",
		"9. 고기에 양념이 어느정도 스며들면 무,밤,대추를 넣고 밤이 푹 익을때까지 또 푹 끓여줍니다.",
		"10. 소갈비찜 완성~"
	],
	"recipe_img": [
		"https://recipe1.ezmember.co.kr/cache/recipe/2015/07/21/7b8e85e065dcf39bb931db3b0763f27b1.jpg",
		"https://recipe1.ezmember.co.kr/cache/recipe/2015/07/21/501724abd1eec4dbd93ba4b344babcd41.jpg",
		"https://recipe1.ezmember.co.kr/cache/recipe/2015/07/21/a28c2225b10a13df4890bb10ae4dca9f1.jpg",
		"https://recipe1.ezmember.co.kr/cache/recipe/2015/07/21/eff2329aca604164c26f6d59f883a43a1.jpg",
		"https://recipe1.ezmember.co.kr/cache/recipe/2015/07/21/e0e2f3bc50cd32aa2be8e1e486d150f61.jpg",
		"https://recipe1.ezmember.co.kr/cache/recipe/2015/07/21/a8f6b8dc08faa90b73229ca5e91772111.jpg",
		"https://recipe1.ezmember.co.kr/cache/recipe/2015/07/21/6793eb829bf4d79dee554c96b58cd8541.jpg",
		"https://recipe1.ezmember.co.kr/cache/recipe/2015/07/21/62a593833f1e4c63db48ed7aed6c324b1.jpg",
		"https://recipe1.ezmember.co.kr/cache/recipe/2015/07/21/82dd5be244a773089f4a3e012a509bf11.jpg",
		"https://recipe1.ezmember.co.kr/cache/recipe/2015/07/21/88fae18592c2a1185565da699b32133d.jpg"
	]
}