{
	"id": "2678713",
	"name": "도라지사과 생채무침",
	"thumbnail": "https://recipe1.ezmember.co.kr/cache/recipe/2015/08/03/3b08f90ceefbfb792d4d689f7d7de90b.jpg",
	"url": "https://www.10000recipe.com/recipe/2678713",
	"ingredient_ids": [
		38,
		158,
		8,
		473,
		233,
		226,
		543
	],
	"time": "30",
	"ingre_list": [
		{
			"ingre_name": "도라지",
			"ingre_count": "",
			"ingre_unit": ""
		},
		{
			"ingre_name": "사과",
			"ingre_count": "",
			"ingre_unit": ""
		},
		{
			"ingre_name": "오이",
			"ingre_count": "",
			"ingre_unit": ""
		},
		{
			"ingre_name": "고추장",
			"ingre_count": "",
			"ingre_unit": ""
		},
		{
			"ingre_name": "고추가루",
			"ingre_count": "",
			"ingre_unit": ""
		},
		{
			"ingre_name": "다진마늘",
			"ingre_count": "",
			"ingre_unit": ""
		},
		{
			"ingre_name": "피클용식초",
			"ingre_count": "",
			"ingre_unit": ""
		},
		{
			"ingre_name": "설탕",
			"ingre_count": "",
			"ingre_unit": ""
		},
		{
			"ingre_name": "통깨",
			"ingre_count": "",
			"ingre_unit": ""
		}
	],
	"recipe": [
		"1. 도라지를 깨끗하게 씻어서 준비해주세요.",
		"2. 사과는 굵게 채썰어 준비해주세요.",
		"3. 오이는 반으로 갈라 어슷썰기를 해주세요.",
		"4. 고추장, 고추가루, 마늘, 피클용식초, 통깨, 설탕을 넣어 초고추장을 만듭니다. 고추장만 사용하셔도 되고 고추가루랑 섞어서 사용해도 됩니다. 고추장, 고추가루, 마늘도 넣어주세요~ 재료를 섞어서 맛을보시고, 부족한 맛을 가감하시면 됩니다.",
		"5. 넓은볼에 준비된 재료를 담아 초고추장으로 버무리면 완성입니다."
	],
	"recipe_img": [
		"https://recipe1.ezmember.co.kr/cache/recipe/2015/08/05/4cbaa20d32ed6eb837dda6644c28eafe1.jpg",
		"https://recipe1.ezmember.co.kr/cache/recipe/2015/08/05/d05d10a8205422afc67b4a28b6e119dc1.jpg",
		"https://recipe1.ezmember.co.kr/cache/recipe/2015/08/05/29c4c2bd07b39c879c8e216c4880e5531.jpg",
		"https://recipe1.ezmember.co.kr/cache/recipe/2015/08/05/83983b63aa956a43de33b95c4b9f184c1.jpg",
		"https://recipe1.ezmember.co.kr/cache/recipe/2015/08/05/a2b98f1668a1bed29336c4bd00d593151.jpg"
	]
}