{
	"id": "2679940",
	"name": "시원하고 부드러운 김국 만들기",
	"thumbnail": "https://recipe1.ezmember.co.kr/cache/recipe/2016/09/26/ce44187f1098e6c0292b4c3a5ecaef08.jpg",
	"url": "https://www.10000recipe.com/recipe/2679940",
	"ingredient_ids": [
		219,
		505,
		29,
		545
	],
	"time": "15",
	"ingre_list": [
		{
			"ingre_name": "돌김",
			"ingre_count": "8",
			"ingre_unit": "장"
		},
		{
			"ingre_name": "달걀",
			"ingre_count": "1",
			"ingre_unit": "개"
		},
		{
			"ingre_name": "실파",
			"ingre_count": "7",
			"ingre_unit": "뿌리"
		},
		{
			"ingre_name": "마늘",
			"ingre_count": "2",
			"ingre_unit": "쪽"
		},
		{
			"ingre_name": "멸치다시마국물",
			"ingre_count": "1.",
			"ingre_unit": ".L"
		},
		{
			"ingre_name": "집간장",
			"ingre_count": "1/2",
			"ingre_unit": "큰술"
		},
		{
			"ingre_name": "천일염",
			"ingre_count": "",
			"ingre_unit": "적당량"
		}
	],
	"recipe": [
		"1. 돌김은 달군 프라이팬에 2장씩 구워 줍니다.                   ",
		"2. 1회용 비닐봉지에 구운 김을 넣고 비비면서 부수어 줍니다. 김가루처럼 너무 잘게 부수지 마시고요.",
		"3. 실파와 마늘은 껍질을 벗겨 씻은 후 실파는 송송 썰어 주고 마늘은 채 썰어 줍니다.",
		"4. 달걀은 깨트려서 풀어 줍니다.",
		"5. 냄비에 물을 붓고 다시멸치, 다시마, 무, 양파를 넣고 끓인 후 멸치다시마 국물을 내어 줍니다.",
		"6. 부순 김을 넣고 한소끔 끓여 줍니다.                   ",
		"7. 6의 달걀 물을 부어 저으면서 한소끔 끓여 줍니다.",
		"8. 7의 실파, 다진 마늘을 넣고 한소끔 끓인 후 집간장과 소금으로 간을 맞춰 주고 불에서 내려요. 김이 금방 풀어지기 때문에 오래 끓이지 않도록 해요.                   ",
		"9. 김국을 그릇에 담고 고명으로 송송 썬 실파는 얹고 밥과 함께 곁들여 냅니다."
	],
	"recipe_img": [
		"https://recipe1.ezmember.co.kr/cache/recipe/2016/09/26/c3dd256aa728bfb20ffcbb8b932ae8f9.jpg",
		"https://recipe1.ezmember.co.kr/cache/recipe/2016/09/26/b7d067323c8cb61a1cd1adb7b6544eaa.jpg",
		"https://recipe1.ezmember.co.kr/cache/recipe/2016/09/26/70a6032a8c100528b83019df3eb9eae4.jpg",
		"https://recipe1.ezmember.co.kr/cache/recipe/2016/09/26/e2c1c1ec4f89b43a45791cb93d51750e.jpg",
		"https://recipe1.ezmember.co.kr/cache/recipe/2016/09/26/bbde96241fc9891cdda631ce180468a3.jpg",
		"https://recipe1.ezmember.co.kr/cache/recipe/2016/09/26/0b87db1a71095ab1613d898e47b716a2.jpg",
		"https://recipe1.ezmember.co.kr/cache/recipe/2016/09/26/9048b25fde6dec4068a53c1e508bb864.jpg",
		"https://recipe1.ezmember.co.kr/cache/recipe/2016/09/26/e44f891d19d4fc6895679771cc5d2f91.jpg",
		"https://recipe1.ezmember.co.kr/cache/recipe/2016/09/26/f9ec2d7d70b2b2053351841524eb76c5.jpg"
	]
}