{
	"id": "2693325",
	"name": "청매실액기스 만드는 방법 ",
	"thumbnail": "https://recipe1.ezmember.co.kr/cache/recipe/2015/06/08/09c81ca39c84abfa8751533701d51668.jpg",
	"url": "https://www.10000recipe.com/recipe/2693325",
	"ingredient_ids": [
		136
	],
	"time": "2이상",
	"ingre_list": [
		{
			"ingre_name": "매실",
			"ingre_count": "",
			"ingre_unit": ""
		}
	],
	"recipe": [
		"1. 매실의 꼭지 부분을 손이나 뾰족한 이쑤시개 등으로 깨끗하게 손질해줍니다.",
		"2. 꼭지를 뺀 매실은 깨끗하게 씻어주는데 야채전용 세정제에 담가 씻어주었어요.",
		"3. 전용 세정제가 없으시면 소다물에 담가서 씻으시는것도 좋아요. 깨끗하게 씻은 매실은 물기를 완전히 말린후 액기스를 담아야 곰팡이가 나지 않습니다.",
		"4. 매실과 설탕을 1:1 비율로 켜켜이 담고 위에 설탕으로 덮어줍니다. 3개월 후에 매실건더기를 건져내면 매실엑기스를 드실수 있어요."
	],
	"recipe_img": []
}