{
	"id": "2695047",
	"name": "아삭아삭 간단 양배추김치",
	"thumbnail": "https://recipe1.ezmember.co.kr/cache/recipe/2015/11/17/74b3b3425d63945a500676bc5f3844551.jpg",
	"url": "https://www.10000recipe.com/recipe/2695047",
	"ingredient_ids": [
		21,
		282,
		995,
		27,
		224,
		390,
		287,
		226,
		233,
		455,
		350
	],
	"time": "30",
	"ingre_list": [
		{
			"ingre_name": "양배추",
			"ingre_count": "1/2",
			"ingre_unit": "통"
		},
		{
			"ingre_name": "굵은소금",
			"ingre_count": "1.",
			"ingre_unit": ".숟가락"
		},
		{
			"ingre_name": "물",
			"ingre_count": "300",
			"ingre_unit": "ml"
		},
		{
			"ingre_name": "큰양파",
			"ingre_count": "1",
			"ingre_unit": "개"
		},
		{
			"ingre_name": "대파",
			"ingre_count": "1",
			"ingre_unit": "대"
		},
		{
			"ingre_name": "고춧가루",
			"ingre_count": "7",
			"ingre_unit": "숟가락"
		},
		{
			"ingre_name": "새우젓",
			"ingre_count": "4",
			"ingre_unit": "숟가락"
		},
		{
			"ingre_name": "까나리액젓",
			"ingre_count": "4",
			"ingre_unit": "숟가락"
		},
		{
			"ingre_name": "설탕",
			"ingre_count": "2",
			"ingre_unit": "숟가락"
		},
		{
			"ingre_name": "다진마늘",
			"ingre_count": "2",
			"ingre_unit": "숟가락"
		},
		{
			"ingre_name": "생강가루",
			"ingre_count": "0.",
			"ingre_unit": ".숟가락"
		},
		{
			"ingre_name": "깨소금",
			"ingre_count": "1",
			"ingre_unit": "숟가락"
		}
	],
	"recipe": [
		"1. 양배추는 먹기 좋은 크기로 뜯고 소금물을 뿌려 1시간 가량 절여 주세요.",
		"2. 절인 양배추는 헹군 후 물기를 빼줍니다.",
		"3. 분량의 양념과 양파, 대파를 넣고 버무리고 마무리합니다."
	],
	"recipe_img": [
		"https://recipe1.ezmember.co.kr/cache/recipe/2015/07/28/50096a1e81555a6389cbdad16fbe64b01.jpg",
		"https://recipe1.ezmember.co.kr/cache/recipe/2015/07/28/5140c3e606257c3cc3b481eaed7253d21.jpg",
		"https://recipe1.ezmember.co.kr/cache/recipe/2015/07/28/b4ed34031cf0b2067bb8af38afd983a61.jpg"
	]
}