{
	"id": "2696563",
	"name": "간장양념 부추찜 만들기",
	"thumbnail": "https://recipe1.ezmember.co.kr/cache/recipe/2015/06/08/56fb2641cb362a65301752ef56a38b86.jpg",
	"url": "https://www.10000recipe.com/recipe/2696563",
	"ingredient_ids": [
		234,
		295,
		547,
		226,
		233,
		225,
		660
	],
	"time": "15",
	"ingre_list": [
		{
			"ingre_name": "부추0.5단정도(300g)",
			"ingre_count": "0.5단 정도(300g)",
			"ingre_unit": ".단 정도(g)"
		},
		{
			"ingre_name": "밀가루",
			"ingre_count": "2/3",
			"ingre_unit": "컵"
		},
		{
			"ingre_name": "청양고추",
			"ingre_count": "1",
			"ingre_unit": "개"
		},
		{
			"ingre_name": "양조간장",
			"ingre_count": "3",
			"ingre_unit": "큰술"
		},
		{
			"ingre_name": "설탕",
			"ingre_count": "1",
			"ingre_unit": "큰술"
		},
		{
			"ingre_name": "다진파",
			"ingre_count": "1",
			"ingre_unit": "큰술"
		},
		{
			"ingre_name": "다진마늘",
			"ingre_count": "1",
			"ingre_unit": "작은술"
		},
		{
			"ingre_name": "후춧가루",
			"ingre_count": "",
			"ingre_unit": "약간"
		},
		{
			"ingre_name": "참기름",
			"ingre_count": "3",
			"ingre_unit": "큰술"
		}
	],
	"recipe": [
		"1. 부추는 뿌리에 묻어 있는 흙을 깨끗이 털어내 주세요. 뿌리를 물에 담가 지저분한 것을 불린 후 여러번 헹궈주세요. 5cm 길이로 잘라 주세요.",
		"2. 불에 부추를 넣고 밀가루를 넣고 위 아래로 뒤집어 가면서 가볍게 버무려 주세요.",
		"3. 고추는 반으로 갈라 씨를 제거한 후 잘게 다져 주세요. 분량의 재료를 넣고 양념장을 만들어 주세요.",
		"4. 찐 부추를 양념장에 넣고 잘 버무려 주세요. 뜨거우니 살짝 한 김 나간 후 비닐 장갑을 끼고 골고루 버무려 주세요. 마지막에 참기름도 넣어 주세요."
	],
	"recipe_img": [
		"https://recipe1.ezmember.co.kr/cache/recipe/2015/07/09/2acf99593f12dff546ad98a5c10ed5b91.jpg",
		"https://recipe1.ezmember.co.kr/cache/recipe/2015/07/09/84c835e9ec931d2ddef8120c5a5fe3251.jpg",
		"https://recipe1.ezmember.co.kr/cache/recipe/2015/07/09/8b3f4a7b6781dd99a71777009fbafd711.jpg",
		"https://recipe1.ezmember.co.kr/cache/recipe/2015/07/09/9b6cea1482abbb58da87cfb096a31d021.jpg"
	]
}