{
	"id": "2698589",
	"name": "밥도둑 코다리무우조림",
	"thumbnail": "https://recipe1.ezmember.co.kr/cache/recipe/2015/07/24/57e495e3d5df3ec51ef71bf52bfb4b47.jpg",
	"url": "https://www.10000recipe.com/recipe/2698589",
	"ingredient_ids": [
		721,
		3,
		295,
		379,
		1015,
		458,
		29,
		846
	],
	"time": "30",
	"ingre_list": [
		{
			"ingre_name": "코다리",
			"ingre_count": "",
			"ingre_unit": ""
		},
		{
			"ingre_name": "무우",
			"ingre_count": "",
			"ingre_unit": ""
		},
		{
			"ingre_name": "양파",
			"ingre_count": "",
			"ingre_unit": ""
		},
		{
			"ingre_name": "청양고추",
			"ingre_count": "",
			"ingre_unit": ""
		},
		{
			"ingre_name": "홍고추",
			"ingre_count": "",
			"ingre_unit": ""
		},
		{
			"ingre_name": "간장",
			"ingre_count": "5",
			"ingre_unit": ""
		},
		{
			"ingre_name": "고추가루",
			"ingre_count": "3",
			"ingre_unit": ""
		},
		{
			"ingre_name": "육수",
			"ingre_count": "5",
			"ingre_unit": ""
		},
		{
			"ingre_name": "생강즙",
			"ingre_count": "",
			"ingre_unit": ""
		},
		{
			"ingre_name": "마늘",
			"ingre_count": "",
			"ingre_unit": ""
		},
		{
			"ingre_name": "청주",
			"ingre_count": "",
			"ingre_unit": ""
		},
		{
			"ingre_name": "후추",
			"ingre_count": "",
			"ingre_unit": ""
		},
		{
			"ingre_name": "설탕약간",
			"ingre_count": "",
			"ingre_unit": ""
		}
	],
	"recipe": [
		"1. 코다리는 손질해서 먹기좋게 가시를 발라 약간 말려둡니다.",
		"2. 간장 5, 고추가루 3, 육수 5, 생강즙, 마늘, 청주, 후추, 설탕약간 이렇게 넣고 양념장을 미리 만들어 두었어요.",
		"3. 양파와 청량고추, 홍고추를 준비했어요.",
		"4. 무우부터 익혀줍니다.",
		"5. 냄비에 무를 깔고 미리 만든 양념장 반을 부어줍니다. 물은 1/2컵정도 부어 끓입니다.",
		"6. 국물이 어느정도 졸아들고 무우가 익으면 코다리를올리고 남은 양념을 마저 넣어주세요.",
		"7. 중불에서 뚜껑닫고 졸이다보면 국물이 졸아들면서 코다리조림이 거의 완성이 되어갑니다. 이때 준비한 야채를 넣어 한소끔 더 끓이면 끝.",
		"8. 코다리 무우조림 완성입니다."
	],
	"recipe_img": [
		"https://recipe1.ezmember.co.kr/cache/recipe/2015/07/24/def0ba59a0648eb7dbff8cc4546d6bc81.jpg",
		"https://recipe1.ezmember.co.kr/cache/recipe/2015/07/24/1ce28a925605e31d1e310dffce3ff38e1.jpg",
		"https://recipe1.ezmember.co.kr/cache/recipe/2015/07/24/620d46082a82d7093f290040fa0b66751.jpg",
		"https://recipe1.ezmember.co.kr/cache/recipe/2015/07/24/12181396a35023a3965826c54541d4621.jpg",
		"https://recipe1.ezmember.co.kr/cache/recipe/2015/07/24/81e70c6607d98844cfc8abf3104e753a1.jpg",
		"https://recipe1.ezmember.co.kr/cache/recipe/2015/07/24/f5964f4036ef4656e5f62959e0dba1421.jpg",
		"https://recipe1.ezmember.co.kr/cache/recipe/2015/07/24/df8ed673a926ae7bbee52eb83946d25a1.jpg",
		"https://recipe1.ezmember.co.kr/cache/recipe/2015/07/24/a429e204e8519505c862a338eac9881a1.jpg"
	]
}