{
	"id": "2721618",
	"name": "달달한 산딸기쉐이크",
	"thumbnail": "https://recipe1.ezmember.co.kr/cache/recipe/2015/06/08/feaaad250b3b395503e58893fbd0ba43.jpg",
	"url": "https://www.10000recipe.com/recipe/2721618",
	"ingredient_ids": [],
	"time": "5",
	"ingre_list": [],
	"recipe": [
		"1. 산딸기 살랑살랑 가볍게 씻어주었어요.",
		"2. 믹서에 산딸기 넣고 우유 넣어주세요.",
		"3. 꿀을 넣어줍니다. 또 다른 방법으로 요구르트를 넣고 만드시는 방법도 있습니다. 요구르트를 사용하실때는 꿀을 안넣으셔도 됩니다~기호에 따라 얼음을 넣고 갈면 더 맛있어욤~",
		"4. 어른들이야 걍 마셔도 좋지만 아이들은 산딸기 씨가 있어서 좀 싫어하더라구요~ 다 갈린 음료는 우리 아이가 마실거라 씨를 좀 걸러주었어요~"
	],
	"recipe_img": [
		"https://recipe1.ezmember.co.kr/cache/recipe/2015/07/20/73b9c85a3f116081eef292246582eacc1.jpg",
		"https://recipe1.ezmember.co.kr/cache/recipe/2015/07/20/2342e3e98245a432c2a7bba0d2f22b3c1.jpg",
		"https://recipe1.ezmember.co.kr/cache/recipe/2015/07/20/0e1ad4dfe2a57cb013a32a9813776de91.jpg",
		"https://recipe1.ezmember.co.kr/cache/recipe/2015/07/20/533ef066786d6bd8cf170c6e94f57b921.jpg"
	]
}