{
	"id": "2724209",
	"name": "식빵러스크",
	"thumbnail": "https://recipe1.ezmember.co.kr/cache/recipe/2015/07/21/eb71c8590209d6274ea06ca2c80c3f47.jpg",
	"url": "https://www.10000recipe.com/recipe/2724209",
	"ingredient_ids": [],
	"time": "15",
	"ingre_list": [],
	"recipe": [
		"1. 냄비 또는 팬에 물을 담고 그릇을 담아 줍니다. 그릇에 버터를 넣고 물을 끓여 버터를 녹여 줍니다.",
		"2. 식빵을 손가락 굵기만큼 잘라 줍니다. 붓으로 버터를 식빵, 앞, 뒤로 발라 줍니다.",
		"3. 버터 바른 곳에 설탕을 앞, 뒤로 뿌려 줍니다.",
		"4. 오븐에 180도 8분 정도 구워 줍니다.오븐"
	],
	"recipe_img": [
		"https://recipe1.ezmember.co.kr/cache/recipe/2015/07/21/53968de3b7b6dffd2f7ab657974b18f71.jpg",
		"https://recipe1.ezmember.co.kr/cache/recipe/2015/07/21/40a3254041433c92e2709ac028811db91.jpg",
		"https://recipe1.ezmember.co.kr/cache/recipe/2015/07/21/516cbbed7dd802a53c84386cf61ec0be1.jpg",
		"https://recipe1.ezmember.co.kr/cache/recipe/2015/07/21/a3b52b94ccc02858df9bcff38d33df611.jpg"
	]
}