{
	"id": "2728725",
	"name": "매실장아찌무침",
	"thumbnail": "https://recipe1.ezmember.co.kr/cache/recipe/2015/05/29/88239f4dbfaae201ad362aa9beba5c321.jpg",
	"url": "https://www.10000recipe.com/recipe/2728725",
	"ingredient_ids": [
		136,
		526,
		473,
		660,
		543
	],
	"time": "2이상",
	"ingre_list": [
		{
			"ingre_name": "매실",
			"ingre_count": "5",
			"ingre_unit": "Kg"
		},
		{
			"ingre_name": "황설탕",
			"ingre_count": "5",
			"ingre_unit": "Kg"
		},
		{
			"ingre_name": "매실장아찌",
			"ingre_count": "300",
			"ingre_unit": "g"
		},
		{
			"ingre_name": "고추장",
			"ingre_count": "1",
			"ingre_unit": "큰술반"
		},
		{
			"ingre_name": "참기름",
			"ingre_count": "1",
			"ingre_unit": "큰술"
		},
		{
			"ingre_name": "통깨",
			"ingre_count": "1",
			"ingre_unit": "작은술"
		}
	],
	"recipe": [
		"1. 매실을 싱싱한 것으로 준비합니다.",
		"2. 매실은 꼭지를 제거하고 깨끗하게 씻은 후 체에 밭쳐 물기를 제거해 줍니다. 꼭지를 제거할 때에는 칼끝이나 이쑤시개를 이용하면 좋아요.",
		"3. 물기를 제거한 매실은 씨를 빼고 과육만 도려냅니다.",
		"4. 3의 황설탕을 넣어 버무린 후 소독한 유리병에 담아 줍니다. 매실과 황설탕은 1:1 같은 양으로 합니다. 매실의 물기를 제거해 주고 매실 위에 황설탕으로 덮어 주면 공기가 들어가지 않아 곰팡이가 피는 걸 방지 할 수가 있어서 좋아요.",
		"5. 매실장아찌를 담가 놓고 20일 후에 보니 이렇게 맛있는 매실장아찌가 완성이 되었어요.",
		"6. 매실장아찌에 고추장, 참기름, 통깨를 넣어 조물조물 무쳐줍니다.",
		"7. 매실장아찌 무침을 접시에 담아냅니다."
	],
	"recipe_img": [
		"https://recipe1.ezmember.co.kr/cache/recipe/2015/05/30/19e64650eea21afc11327e0438bc1cdb1.jpg",
		"https://recipe1.ezmember.co.kr/cache/recipe/2015/05/30/f393d89c762da0695ccb7a0eb58d8f8c1.jpg",
		"https://recipe1.ezmember.co.kr/cache/recipe/2015/05/30/022abf0abb0c299872b689cdebd2bab51.jpg",
		"https://recipe1.ezmember.co.kr/cache/recipe/2015/05/30/74be12779acb50d98775752e39dca1aa1.jpg",
		"https://recipe1.ezmember.co.kr/cache/recipe/2015/05/30/71e07051be9fdaf3ccbf1f62723355541.jpg",
		"https://recipe1.ezmember.co.kr/cache/recipe/2015/05/30/16db6a637cbe8bf891a6131d2a7042ea1.jpg",
		"https://recipe1.ezmember.co.kr/cache/recipe/2015/05/30/08c0dfefa8e4effefcf86914ce04ce531.jpg"
	]
}