{
	"id": "2729175",
	"name": "짜지 않은 오이지 담는법, 오이지 오래보관하는 방법",
	"thumbnail": "https://recipe1.ezmember.co.kr/cache/recipe/2015/06/08/8e3a240397552260fa19a1ee0f94ddee.jpg",
	"url": "https://www.10000recipe.com/recipe/2729175",
	"ingredient_ids": [
		995,
		497,
		341
	],
	"time": "2이상",
	"ingre_list": [
		{
			"ingre_name": "작은조선오이",
			"ingre_count": "50",
			"ingre_unit": "개"
		},
		{
			"ingre_name": "물",
			"ingre_count": "6",
			"ingre_unit": "리터"
		},
		{
			"ingre_name": "소금",
			"ingre_count": "500",
			"ingre_unit": "g"
		},
		{
			"ingre_name": "물엿",
			"ingre_count": "1",
			"ingre_unit": "L"
		}
	],
	"recipe": [
		"1. 물 6리터, 그러니까 콜라 패트병으로 4병이면 6리터 되겠죠? 소금은 500g, 국대접으로 수북하게 말고 소복하게 한대접쯤 됩니다, 넣고 팔팔 끓여 오이에 붓기만 하면 되지요",
		"2. 오이를 이렇게 차곡 차곡 빼곡하게 담습니다, 오이를 옹기에 담는다면 물은 더 많이 들어갑니다, 감안하세요 차곡 차곡 담은 오이위에 끓이 소금물을 부어 줍니다, 첨엔 좀 덜 잠기더라도 상관없어요. 점차 오이가 절여지면서 잠기게 됩니다,",
		"3. 요렇게 구멍이 뻥벙 뚫린것이 잘된 오이지입니다,",
		"4. 일주일정도 익혀 맛을 보아 먹을만 하면 ..... 소금물을 모두 따라내고 물엿을 부어 줍니다, 물엿에 오이가 다 잠기지 않아도 되요, 가끔 흔들어 주다가 한번쯤 위아래를 뒤집어 주시면 됩니다, 이렇게 물엿을 담아두면 오이에서 수분이 점점 빠져나와 쪼글쪼글 해집니다, 이역시 일주일정도 지난후에 냉장고에 넣어두면 오이지는 상하지도 않고, 무르지도 않고 오래 오래 보관이됩니다, 무엇보다도 좋은건 오이를 썰어 있는 힘껏 물기를 짜낼 필요가 없다는거......",
		"5. 제가 알려준대로 소금물을 부으시면 싱겁게 드시는분은 썰어서 살짝 물에 헹구어 주고 짭짜름한걸 좋아하시면 썰어서 바로 무치면 됩니다, 사진에 있는건 아직 물엿으로 탈수 시키지 않은 사진 입니다,  고추가루, 설탕,다진파, 참기름, 깨소금만 넣어 무치면 오들 오들 맛있는 오이지가 탄생합니다,"
	],
	"recipe_img": [
		"https://recipe1.ezmember.co.kr/cache/recipe/2015/07/30/4b872f515888ed07a62134179bcd02691.jpg",
		"https://recipe1.ezmember.co.kr/cache/recipe/2015/07/30/7b786dc5b786e6b508aef6eef176bf961.jpg",
		"https://recipe1.ezmember.co.kr/cache/recipe/2015/07/30/1e87f96c5e86d1f127f924e8773105951.jpg",
		"https://recipe1.ezmember.co.kr/cache/recipe/2015/07/30/320205c63627ef87b869a7fe60ff21521.jpg",
		"https://recipe1.ezmember.co.kr/cache/recipe/2015/07/30/cc0f0852e9b410ec4f5133cceeb8b40c1.jpg"
	]
}