{
	"id": "2738338",
	"name": "한우치마살구이와 채소겉절이",
	"thumbnail": "https://recipe1.ezmember.co.kr/cache/recipe/2015/05/29/284f842bb7e98722cff0d770c76a38261.jpg",
	"url": "https://www.10000recipe.com/recipe/2738338",
	"ingredient_ids": [
		3,
		27,
		843,
		231,
		233,
		543
	],
	"time": "30",
	"ingre_list": [
		{
			"ingre_name": "한우(치마살)",
			"ingre_count": "1",
			"ingre_unit": "Kg"
		},
		{
			"ingre_name": "양파",
			"ingre_count": "1/2",
			"ingre_unit": "개"
		},
		{
			"ingre_name": "대파",
			"ingre_count": "1/2",
			"ingre_unit": "뿌리"
		},
		{
			"ingre_name": "진간장",
			"ingre_count": "2",
			"ingre_unit": "큰술"
		},
		{
			"ingre_name": "고춧가루1+1/2큰술",
			"ingre_count": "1+1/2",
			"ingre_unit": "큰술"
		},
		{
			"ingre_name": "매실액",
			"ingre_count": "2",
			"ingre_unit": "큰술"
		},
		{
			"ingre_name": "식초",
			"ingre_count": "1",
			"ingre_unit": "큰술"
		},
		{
			"ingre_name": "다진마늘",
			"ingre_count": "1/2",
			"ingre_unit": "작은술"
		},
		{
			"ingre_name": "통깨",
			"ingre_count": "1",
			"ingre_unit": "큰술"
		}
	],
	"recipe": [
		"1. 대파와 양파는 껍질을 제거하고 흐르는 물에 씻은 후 채 썰어서 얼음물에 잠깐 담가 놓았다가 건져서 물기를 제거해 줍니다.                   ",
		"2. 치커리와 쌈 채소는 흐르는 물에 씻은 후 먹기 좋은 크기로 뜯어 줍니다.                   ",
		"3. 분량의 양념장 재료를 넣어 고루 섞어 줍니다.",
		"4. 한우 치마살은 먹기 좋은 크기로 썰어 줍니다.",
		"5. 달군 프라이팬에 한우 치마살을 넣어 천일염을 약간 뿌리고 노릇노릇하게 구워줍니다. 육즙이 나왔을 때 한 번만 뒤집어 주는 게 좋아요.",
		"6. 볼에 대파와 양파, 쌈 채소를 넣고 양념장을 뿌려 살살 버무려 줍니다.",
		"7. 그릇에 채소겉절이를 담고 노릇노릇하게 구운 한우치마살구이를 얹어 줍니다."
	],
	"recipe_img": [
		"https://recipe1.ezmember.co.kr/cache/recipe/2015/06/03/5a09c646f4fcf934e1dd7f33e3a5ed891.jpg",
		"https://recipe1.ezmember.co.kr/cache/recipe/2015/06/03/1abcb259f84eb153b07feccef001bd541.jpg",
		"https://recipe1.ezmember.co.kr/cache/recipe/2015/06/03/37e5e85eedc8f69a55cd1b1efabb87fe1.jpg",
		"https://recipe1.ezmember.co.kr/cache/recipe/2015/06/03/5104d966dc582000e846948944a2eab71.jpg",
		"https://recipe1.ezmember.co.kr/cache/recipe/2015/06/03/82293838e1423fd4a42cd13eb6a99ccc1.jpg",
		"https://recipe1.ezmember.co.kr/cache/recipe/2015/06/03/b3ce21de0bca593937dd871960a699801.jpg",
		"https://recipe1.ezmember.co.kr/cache/recipe/2015/06/03/f279b09f1e66a30f253fc492d0cbce0e1.jpg"
	]
}