{
	"id": "2751746",
	"name": "소화에 좋은 무채나물",
	"thumbnail": "https://recipe1.ezmember.co.kr/cache/recipe/2015/06/08/926a2ab72689820a2a76905582fa6595.jpg",
	"url": "https://www.10000recipe.com/recipe/2751746",
	"ingredient_ids": [
		19,
		327,
		337,
		233,
		390
	],
	"time": "15",
	"ingre_list": [
		{
			"ingre_name": "무",
			"ingre_count": "1",
			"ingre_unit": "개"
		},
		{
			"ingre_name": "들기름",
			"ingre_count": "3",
			"ingre_unit": "스푼"
		},
		{
			"ingre_name": "들깨가루",
			"ingre_count": "2",
			"ingre_unit": "스푼"
		},
		{
			"ingre_name": "다진마늘",
			"ingre_count": "1",
			"ingre_unit": "스푼"
		},
		{
			"ingre_name": "새우젓",
			"ingre_count": "1",
			"ingre_unit": "스푼"
		}
	],
	"recipe": [
		"1. 무는 채썰어 준비해주세요.",
		"2. 다진마늘을 볶다가 향이 올라오면 무채를 넣고 들기름을 넣고 새우젓으로 간을 해주세요. 중약불로 줄이고 뚜껑을 덮고 익혀주세요. 센불이거나 뚜껑을 덮지 않으면 탈 수가 있어요.",
		"3. 마지막에 들깨가루와 쪽파를 조금 얹어주시면 완성."
	],
	"recipe_img": [
		"https://recipe1.ezmember.co.kr/cache/recipe/2015/07/20/e046c19f51a6a28d0b6dd5002f63ca6e1.jpg",
		"https://recipe1.ezmember.co.kr/cache/recipe/2015/07/20/2167110773f105f77cd746998f9852ed1.jpg",
		"https://recipe1.ezmember.co.kr/cache/recipe/2015/07/20/27d6108d428cdabc83e3c14a6ddf75e71.jpg"
	]
}