{
	"id": "2753079",
	"name": "닭가슴살 샐러드",
	"thumbnail": "https://recipe1.ezmember.co.kr/cache/recipe/2015/08/03/948ba17dc4b38ad917f2da825432742f.jpg",
	"url": "https://www.10000recipe.com/recipe/2753079",
	"ingredient_ids": [
		772,
		3,
		8,
		228,
		231,
		497
	],
	"time": "15",
	"ingre_list": [
		{
			"ingre_name": "닭가슴살통조림",
			"ingre_count": "2",
			"ingre_unit": "캔"
		},
		{
			"ingre_name": "양파",
			"ingre_count": "1",
			"ingre_unit": "개"
		},
		{
			"ingre_name": "빨간파프리카",
			"ingre_count": "1",
			"ingre_unit": "개"
		},
		{
			"ingre_name": "노란파프리카",
			"ingre_count": "1",
			"ingre_unit": "개"
		},
		{
			"ingre_name": "오이",
			"ingre_count": "1",
			"ingre_unit": "개"
		},
		{
			"ingre_name": "마요네즈",
			"ingre_count": "3",
			"ingre_unit": "T"
		},
		{
			"ingre_name": "머스타드",
			"ingre_count": "2",
			"ingre_unit": "T"
		},
		{
			"ingre_name": "식초",
			"ingre_count": "1",
			"ingre_unit": "T"
		},
		{
			"ingre_name": "소금",
			"ingre_count": "1/3",
			"ingre_unit": "T"
		},
		{
			"ingre_name": "후추",
			"ingre_count": "",
			"ingre_unit": "약간"
		}
	],
	"recipe": [],
	"recipe_img": []
}