{
	"id": "2768053",
	"name": "쪼글이 알감자 조림",
	"thumbnail": "https://recipe1.ezmember.co.kr/cache/recipe/2015/07/20/e8bbbc8c444409752927ff1d61340844.jpg",
	"url": "https://www.10000recipe.com/recipe/2768053",
	"ingredient_ids": [
		327,
		543,
		504,
		233,
		938,
		227
	],
	"time": "10",
	"ingre_list": [
		{
			"ingre_name": "알감자50개정도",
			"ingre_count": "50",
			"ingre_unit": "개 정도"
		},
		{
			"ingre_name": "다시마물",
			"ingre_count": "7",
			"ingre_unit": "컵"
		},
		{
			"ingre_name": "들기름",
			"ingre_count": "2",
			"ingre_unit": "T"
		},
		{
			"ingre_name": "통깨",
			"ingre_count": "1",
			"ingre_unit": "T"
		},
		{
			"ingre_name": "식용유",
			"ingre_count": "",
			"ingre_unit": "적당량"
		},
		{
			"ingre_name": "다진마늘",
			"ingre_count": "2",
			"ingre_unit": "T"
		},
		{
			"ingre_name": "진간장",
			"ingre_count": "1",
			"ingre_unit": "컵"
		},
		{
			"ingre_name": "매실청",
			"ingre_count": "1/2",
			"ingre_unit": "컵"
		},
		{
			"ingre_name": "꿀",
			"ingre_count": "2",
			"ingre_unit": "T"
		}
	],
	"recipe": [
		"1. 알감자는 박박 씻어서 소쿠리에 물기 받혀서 물기 없이 해주세요.",
		"2. 조림장은 분량의 재료들을 섞어넣으세요.",
		"3. 식용유 두른 팬에서 감자를 굴려 가면거 겉껍질이 노릇하게 익혀주세요.",
		"4. 냄비에 담고 다시마물을 붓고 센불에서 끓고나면 불을 줄이고 물이 반으로 줄어들때까지 끓이세요.",
		"5. 조림장을 붓고 뚜껑을 덮고 조림장이 거의 졸아들때까지 서서이 졸여주세요. 중간 중간 뒤섞어 간이 고르게 베이게 해주는거 잊지 마시고",
		"6. 마지막에 들기름이나 참기름,통깨 뿌려서 마무리 해주세요."
	],
	"recipe_img": [
		"https://recipe1.ezmember.co.kr/cache/recipe/2015/07/20/f2a9dc7fd93ca496bb29df50bc2990051.jpg",
		"https://recipe1.ezmember.co.kr/cache/recipe/2015/07/20/a52730618bfae67faa63081a07acfcab1.jpg",
		"https://recipe1.ezmember.co.kr/cache/recipe/2015/07/20/3074ce11a089eb17b5b1765af611cf131.jpg",
		"https://recipe1.ezmember.co.kr/cache/recipe/2015/07/20/6c487c0283ed76db1865f90c049834d81.jpg",
		"https://recipe1.ezmember.co.kr/cache/recipe/2015/07/20/1f855bf2d35a9dd4b922ba786db2d5b81.jpg",
		"https://recipe1.ezmember.co.kr/cache/recipe/2015/07/20/7e81505b678ef2c9d63a7b24e97e01e41.jpg"
	]
}