{
	"id": "2781704",
	"name": "아삭한 가시오이 부추무침",
	"thumbnail": "https://recipe1.ezmember.co.kr/cache/recipe/2015/06/16/2d24f4221be33e37dfcf49dc7df0a57b.jpg",
	"url": "https://www.10000recipe.com/recipe/2781704",
	"ingredient_ids": [
		497,
		30,
		287,
		233,
		226,
		27,
		350
	],
	"time": "15",
	"ingre_list": [
		{
			"ingre_name": "가시오이",
			"ingre_count": "6",
			"ingre_unit": "개"
		},
		{
			"ingre_name": "소금",
			"ingre_count": "24",
			"ingre_unit": "g"
		},
		{
			"ingre_name": "고추가루",
			"ingre_count": "4",
			"ingre_unit": "큰술"
		},
		{
			"ingre_name": "부추",
			"ingre_count": "1",
			"ingre_unit": "줌"
		},
		{
			"ingre_name": "까나리액젓",
			"ingre_count": "3",
			"ingre_unit": "큰술"
		},
		{
			"ingre_name": "다진마늘",
			"ingre_count": "1",
			"ingre_unit": "큰술"
		},
		{
			"ingre_name": "설탕",
			"ingre_count": "2",
			"ingre_unit": "큰술"
		},
		{
			"ingre_name": "대파",
			"ingre_count": "1",
			"ingre_unit": "대"
		},
		{
			"ingre_name": "깨소금",
			"ingre_count": "",
			"ingre_unit": "약간"
		}
	],
	"recipe": [
		"1. 가시오이는 길이로 2등분 한다음 한입에 먹기 좋은 길이로 잘라줍니다,",
		"2. 자른오이는 24g의 소금으로 30분정도 절였습니다.",
		"3. 절여지는 사이 양념을 준비했지요.",
		"4. 절인 오이의 물기를 빼고 만들어둔 양념과 살살 섞어주면 완성입니다."
	],
	"recipe_img": [
		"https://recipe1.ezmember.co.kr/cache/recipe/2015/06/17/193c72a6cdd93b0c23f65a47a54d46491.jpg",
		"https://recipe1.ezmember.co.kr/cache/recipe/2015/06/17/32d48d41340a92b9f3ed6974f4ad0e0a1.jpg",
		"https://recipe1.ezmember.co.kr/cache/recipe/2015/06/17/1f9e99dd598adce70c51849df57a0c2f1.jpg",
		"https://recipe1.ezmember.co.kr/cache/recipe/2015/06/17/a5b624e999403153d3b0867588450cff1.jpg"
	]
}