{
	"id": "2800449",
	"name": "표고버섯볶음, 멸치무침, 다시마조림",
	"thumbnail": "https://recipe1.ezmember.co.kr/cache/recipe/2015/06/08/9e813e54876f8cb506912e0c2fc7f621.jpg",
	"url": "https://www.10000recipe.com/recipe/2800449",
	"ingredient_ids": [
		90,
		473,
		341,
		233,
		660,
		224,
		473,
		295,
		660,
		233,
		853,
		341,
		660,
		350
	],
	"time": "60",
	"ingre_list": [
		{
			"ingre_name": "불린표고버섯",
			"ingre_count": "3",
			"ingre_unit": "컵"
		},
		{
			"ingre_name": "오일",
			"ingre_count": "2",
			"ingre_unit": "큰술"
		},
		{
			"ingre_name": "머리와내장분리한멸치",
			"ingre_count": "3",
			"ingre_unit": "컵"
		},
		{
			"ingre_name": "다시마",
			"ingre_count": "",
			"ingre_unit": ""
		},
		{
			"ingre_name": "고추가루",
			"ingre_count": "2",
			"ingre_unit": "큰술"
		},
		{
			"ingre_name": "고추장",
			"ingre_count": "3",
			"ingre_unit": "큰술"
		},
		{
			"ingre_name": "쯔유또는조림간장",
			"ingre_count": "1",
			"ingre_unit": "큰술"
		},
		{
			"ingre_name": "물엿",
			"ingre_count": "1",
			"ingre_unit": "큰술"
		},
		{
			"ingre_name": "다진마늘",
			"ingre_count": "1",
			"ingre_unit": "작은술"
		},
		{
			"ingre_name": "참기름",
			"ingre_count": "1",
			"ingre_unit": "작은술"
		},
		{
			"ingre_name": "고춧가루",
			"ingre_count": "3",
			"ingre_unit": "큰술"
		},
		{
			"ingre_name": "조림간장또는쯔유",
			"ingre_count": "1",
			"ingre_unit": "큰술"
		},
		{
			"ingre_name": "고추장",
			"ingre_count": "1",
			"ingre_unit": "큰술"
		},
		{
			"ingre_name": "청양고추",
			"ingre_count": "2",
			"ingre_unit": "개"
		},
		{
			"ingre_name": "참기름",
			"ingre_count": "2",
			"ingre_unit": "큰술"
		},
		{
			"ingre_name": "다진마늘",
			"ingre_count": "1",
			"ingre_unit": "작은술"
		},
		{
			"ingre_name": "맛간장",
			"ingre_count": "",
			"ingre_unit": ""
		},
		{
			"ingre_name": "오일",
			"ingre_count": "",
			"ingre_unit": ""
		},
		{
			"ingre_name": "물엿",
			"ingre_count": "",
			"ingre_unit": ""
		},
		{
			"ingre_name": "참기름",
			"ingre_count": "",
			"ingre_unit": "조금"
		},
		{
			"ingre_name": "깨소금",
			"ingre_count": "",
			"ingre_unit": "조금"
		}
	],
	"recipe": [
		"1. 모든 재료 넣고 조물 조물 무쳐준다음 달달달 볶아 주세요 중약불로 오래 오래 볶을수록 맛있어요.",
		"2. 청양고추 가늘게 채썬다음 모두 섞어 조물 조물 무쳐주기만 하면됩니다.",
		"3. 다시마는 돌돌 말아 채썰어 줍니다, 맛간장, 오일, 물엿을 넣고 수분이 모두 마를때까지 볶아주기만 하면됩니다. 계속 볶아주다보면 도톰하고 끈적이던 다시마가 얇아지면서 쫄깃해집니다. 마지막에 참기름과 깨소금으로 마무리 하면 됩니다."
	],
	"recipe_img": [
		"https://recipe1.ezmember.co.kr/cache/recipe/2015/08/27/ac28a3e9effbb8d88fcdbf40ac65f1b91.jpg",
		"https://recipe1.ezmember.co.kr/cache/recipe/2015/08/27/01678b2bf5ad40e9053857de31d8699f1.jpg",
		"https://recipe1.ezmember.co.kr/cache/recipe/2015/08/27/b717cb3a391c97ce770824a31c52239b1.jpg"
	]
}