{
	"id": "2801835",
	"name": "토마토 포테이토 피자 만들기",
	"thumbnail": "https://recipe1.ezmember.co.kr/cache/recipe/2015/06/20/8ac6585e6d845aa72098e53823ea4ae4.jpg",
	"url": "https://www.10000recipe.com/recipe/2801835",
	"ingredient_ids": [
		226,
		497,
		432,
		971,
		3,
		406,
		631,
		216,
		214
	],
	"time": "30",
	"ingre_list": [
		{
			"ingre_name": "우리밀강력분",
			"ingre_count": "150",
			"ingre_unit": "g"
		},
		{
			"ingre_name": "토마토즙",
			"ingre_count": "85",
			"ingre_unit": "g"
		},
		{
			"ingre_name": "설탕",
			"ingre_count": "8",
			"ingre_unit": "g"
		},
		{
			"ingre_name": "소금",
			"ingre_count": "3",
			"ingre_unit": "g"
		},
		{
			"ingre_name": "포도씨유",
			"ingre_count": "15",
			"ingre_unit": "g"
		},
		{
			"ingre_name": "인스턴드라이이스트",
			"ingre_count": "3",
			"ingre_unit": "g"
		},
		{
			"ingre_name": "",
			"ingre_count": "",
			"ingre_unit": ""
		},
		{
			"ingre_name": "감자2개(200g)",
			"ingre_count": "2개(200g)",
			"ingre_unit": "개(g)"
		},
		{
			"ingre_name": "양파",
			"ingre_count": "1/2",
			"ingre_unit": "개"
		},
		{
			"ingre_name": "베이컨",
			"ingre_count": "5",
			"ingre_unit": "장"
		},
		{
			"ingre_name": "피자소스",
			"ingre_count": "80",
			"ingre_unit": "g"
		},
		{
			"ingre_name": "피자치즈",
			"ingre_count": "",
			"ingre_unit": "적당량"
		},
		{
			"ingre_name": "슬라이스치즈",
			"ingre_count": "2",
			"ingre_unit": "장"
		},
		{
			"ingre_name": "파슬리가루",
			"ingre_count": "",
			"ingre_unit": "약간"
		}
	],
	"recipe": [
		"1. 토마토는 갈아 즙을 내어 준비해주시고 우리밀강력분은 한번 체처 준비해주세요.",
		"2. 제빵기에 토마토즙을 따뜻하게 데워 넣어주세요.",
		"3. 포도씨유, 설탕, 소금- 강력분-이스트 순으로 넣어주신후에 반죽합니다.",
		"4. 1차 50분 발효해주세요.",
		"5. 발효가 되는동안 토핑재료를 준비해주세요. 베이컨은 먹기좋게 자르고 감자는 깨끗이 씻어 껍질채 썰은다음 비닐봉투에 넣어 소금을 살짝 넣어 5~6분 돌려 익혀 준비해주세요.",
		"6. 1차 발효된 반죽은 가스를 빼고 둥글리기 해서 15분정도 중간발효해주세요.",
		"7. 덧밀가루를 뿌리면서 밀대로 밀은다음 피자팬에 올려주신후에 포크로 구멍 쏭쏭 뚫어주세요.",
		"8. 피자소스를 바른후에 피자치즈를 올립니다.",
		"9. 양파,베이컨,감자를 올려주세요.",
		"10. 그 위에 피자치즈를 올리고 슬라이스치즈올리고 파슬리가루를 뿌려주세요.",
		"11. 오븐 200도 15분 정도 구워주세요.오븐",
		"12. 토마토색이 너무나 이쁜 토마토포테이토피자 완성입니다."
	],
	"recipe_img": [
		"https://recipe1.ezmember.co.kr/cache/recipe/2015/06/22/c0953e5b4c1f9fbeb11900fce4a425641.jpg",
		"https://recipe1.ezmember.co.kr/cache/recipe/2015/06/22/0725ccd6c36a7a98c621b61887803c3f1.jpg",
		"https://recipe1.ezmember.co.kr/cache/recipe/2015/06/22/ef59e3903f298d4dacd263b9ce5e647b1.jpg",
		"https://recipe1.ezmember.co.kr/cache/recipe/2015/06/22/69ecef495a85914da3c5d2ab048e0ade1.jpg",
		"https://recipe1.ezmember.co.kr/cache/recipe/2015/06/22/436dfa5beb2cd411d441ad3dd9675a031.jpg",
		"https://recipe1.ezmember.co.kr/cache/recipe/2015/06/22/1d3136579de4f5246a4d99d5abbc64ba1.jpg",
		"https://recipe1.ezmember.co.kr/cache/recipe/2015/06/22/f51c90e29a549c8871868ec4f33577a01.jpg",
		"https://recipe1.ezmember.co.kr/cache/recipe/2015/06/22/a30b13c9677ccc3c74a7041facea30751.jpg",
		"https://recipe1.ezmember.co.kr/cache/recipe/2015/06/22/55facd346a347a355f35682dac1998541.jpg",
		"https://recipe1.ezmember.co.kr/cache/recipe/2015/06/22/1fa47cb1d465a0429af3a66fd38a42a71.jpg",
		"https://recipe1.ezmember.co.kr/cache/recipe/2015/06/22/0bb950468f0c4e90545125ce86c385481.jpg",
		"https://recipe1.ezmember.co.kr/cache/recipe/2015/06/22/ea595dd37b01ebd8fdad118a84a8c1201.jpg"
	]
}