{
	"id": "2804031",
	"name": "간단하게 만드는 깻잎 참치 김치 볶음밥",
	"thumbnail": "https://recipe1.ezmember.co.kr/cache/recipe/2015/06/22/bd7b56dae89c1ef3012d412de0a131bb.jpg",
	"url": "https://www.10000recipe.com/recipe/2804031",
	"ingredient_ids": [
		398,
		3,
		497
	],
	"time": "15",
	"ingre_list": [
		{
			"ingre_name": "찬밥",
			"ingre_count": "300",
			"ingre_unit": "g"
		},
		{
			"ingre_name": "배추김치",
			"ingre_count": "150",
			"ingre_unit": "g"
		},
		{
			"ingre_name": "통조림참치",
			"ingre_count": "160",
			"ingre_unit": "g"
		},
		{
			"ingre_name": "양파",
			"ingre_count": "100",
			"ingre_unit": "g"
		},
		{
			"ingre_name": "설탕1+1/2작은술",
			"ingre_count": "1+1/2",
			"ingre_unit": "작은술"
		},
		{
			"ingre_name": "간장1+1/2큰술",
			"ingre_count": "1+1/2",
			"ingre_unit": "큰술"
		},
		{
			"ingre_name": "고춧가루2+1/2작은술",
			"ingre_count": "2+1/2",
			"ingre_unit": "작은술"
		},
		{
			"ingre_name": "소금",
			"ingre_count": "",
			"ingre_unit": "약간"
		}
	],
	"recipe": [
		"1. 배추김치는 작게 썬 뒤 설탕, 간장, 고춧가루를 넣고 버무리세요. 통조림 참치는 국물을 빼고 준비하세요.",
		"2. 팬에 기름을 두르고 찬밥을 넣고 1분간 볶은 다음 그릇에 담으세요. 기름을 두른 팬에 작게 썬 양파를 넣고 투명해질 때까지 볶으세요.",
		"3. 배추김치와 통조림 참치를 넣고 1분 30~2분 정도 볶으세요. 밥을 넣고 1분 정도 볶다가 깻잎을 넣고 더 볶아준 뒤 소금으로 간을 맞추세요.",
		"4. 접시에 밥을 담고 계란프라이를 올리면 완성."
	],
	"recipe_img": [
		"https://recipe1.ezmember.co.kr/cache/recipe/2015/06/22/bf79e903a6959acc6f4ed3991a41d6ff1.jpg",
		"https://recipe1.ezmember.co.kr/cache/recipe/2015/06/22/a58001aed48352ee2340d6851bf694821.jpg",
		"https://recipe1.ezmember.co.kr/cache/recipe/2015/06/22/be72b04ccdf05b63ae06333d24c3bdea1.jpg",
		"https://recipe1.ezmember.co.kr/cache/recipe/2015/06/22/322d2a27029c4e560317b0b65d1483871.jpg"
	]
}