{
	"id": "2806242",
	"name": "견과류 검은콩국수",
	"thumbnail": "https://recipe1.ezmember.co.kr/cache/recipe/2015/07/24/ae885ea01890091aa3c03b7878111ac8.jpg",
	"url": "https://www.10000recipe.com/recipe/2806242",
	"ingredient_ids": [
		194,
		190,
		197,
		8,
		51,
		497
	],
	"time": "60",
	"ingre_list": [
		{
			"ingre_name": "불린검은콩",
			"ingre_count": "1",
			"ingre_unit": "컵"
		},
		{
			"ingre_name": "면",
			"ingre_count": "100",
			"ingre_unit": "g"
		},
		{
			"ingre_name": "우유",
			"ingre_count": "200",
			"ingre_unit": "ml"
		},
		{
			"ingre_name": "호두",
			"ingre_count": "9~10개",
			"ingre_unit": "~개"
		},
		{
			"ingre_name": "호박씨",
			"ingre_count": "1",
			"ingre_unit": "큰술"
		},
		{
			"ingre_name": "해바라기씨",
			"ingre_count": "1",
			"ingre_unit": "큰술"
		},
		{
			"ingre_name": "삶은달걀",
			"ingre_count": "1",
			"ingre_unit": "개"
		},
		{
			"ingre_name": "오이",
			"ingre_count": "1/2",
			"ingre_unit": "개"
		},
		{
			"ingre_name": "토마토",
			"ingre_count": "",
			"ingre_unit": "약간"
		},
		{
			"ingre_name": "소금",
			"ingre_count": "",
			"ingre_unit": "약간"
		}
	],
	"recipe": [
		"1. 불린 검은콩, 오이, 달갈, 면을 준비해주시고 우유, 호두, 해바라기씨, 호박씨 견과류를 준비해주세요.",
		"2. 오이는 씨를 숟가락으로 긁어 어슷썰어 준비해주시고 토마토도 슬라이스해서 준비해주세요.",
		"3. 불린 검은콩은 물을 넉넉히 붓고 콩이 익을때까지 푹 삶아주세요.",
		"4. 검은콩을 체에 거른 후에 믹서기에 넣고 우유 100ml와 함께 갈아주신후에 한번 체에 걸러 주세요.",
		"5. 견과류를 믹서기에 넣고 우유100ml를 넣어 곱게 갈아 주신 후에 검은콩 거른체에 넣고 다시 걸러 주세요 .",
		"6. 면을 삶아서 물에 헹군 후에 그릇에 담고 견과류 검은콩물을 넣어주신 후에 오이,토마토,삶은달걀을 잘라 올려주시면 완성입니다."
	],
	"recipe_img": [
		"https://recipe1.ezmember.co.kr/cache/recipe/2015/07/24/9fe380ad6f2d90d2de7d361f90b4f45e1.jpg",
		"https://recipe1.ezmember.co.kr/cache/recipe/2015/07/24/83b9440ad1046c57be3f79ce99069fdb1.jpg",
		"https://recipe1.ezmember.co.kr/cache/recipe/2015/07/24/62ea55b74eee674a84315fe2fa0cbb711.jpg",
		"https://recipe1.ezmember.co.kr/cache/recipe/2015/07/24/d722f24eb57e653d0aa40d7d93d86b311.jpg",
		"https://recipe1.ezmember.co.kr/cache/recipe/2015/07/24/39b4b8c24aa92a0d62719ebb2610c98e1.jpg",
		"https://recipe1.ezmember.co.kr/cache/recipe/2015/07/24/deb1a21b665e6007b50f88b5eccc54891.jpg"
	]
}