{
	"id": "2821353",
	"name": "쫄면 만들기",
	"thumbnail": "https://recipe1.ezmember.co.kr/cache/recipe/2015/04/01/6967f2c0adf385f312cf9eecaa17fea01.jpg",
	"url": "https://www.10000recipe.com/recipe/2821353",
	"ingredient_ids": [
		900,
		47,
		219,
		9,
		473,
		379,
		231,
		224,
		233,
		660,
		350
	],
	"time": "30",
	"ingre_list": [
		{
			"ingre_name": "쫄면",
			"ingre_count": "300",
			"ingre_unit": "g"
		},
		{
			"ingre_name": "콩나물",
			"ingre_count": "80",
			"ingre_unit": "g"
		},
		{
			"ingre_name": "달걀",
			"ingre_count": "1",
			"ingre_unit": "개"
		},
		{
			"ingre_name": "오이큰것",
			"ingre_count": "1/2",
			"ingre_unit": "개"
		},
		{
			"ingre_name": "당근",
			"ingre_count": "1/4",
			"ingre_unit": "개"
		},
		{
			"ingre_name": "적양배추",
			"ingre_count": "50",
			"ingre_unit": "g"
		},
		{
			"ingre_name": "고추장",
			"ingre_count": "55",
			"ingre_unit": "g"
		},
		{
			"ingre_name": "설탕1+1/3Ts",
			"ingre_count": "1+1/3",
			"ingre_unit": "Ts"
		},
		{
			"ingre_name": "간장",
			"ingre_count": "18~20g",
			"ingre_unit": "~g"
		},
		{
			"ingre_name": "식초",
			"ingre_count": "2~2.5Ts",
			"ingre_unit": "~.Ts"
		},
		{
			"ingre_name": "고춧가루",
			"ingre_count": "2",
			"ingre_unit": "Ts"
		},
		{
			"ingre_name": "다진파",
			"ingre_count": "1",
			"ingre_unit": "Ts"
		},
		{
			"ingre_name": "다진마늘",
			"ingre_count": "1",
			"ingre_unit": "Ts"
		},
		{
			"ingre_name": "참기름",
			"ingre_count": "2/3",
			"ingre_unit": "Ts"
		},
		{
			"ingre_name": "깨소금",
			"ingre_count": "1",
			"ingre_unit": "Ts"
		}
	],
	"recipe": [
		"1. 냄비에 달걀을 넣고, 물을 적당량 부어주고 소금을 조금 넣어 끓여서 달걀을 완숙으로 삶아줍니다. 다 삶아지면 찬물에 담가두었다가 껍질을 까면 잘 까져요.  콩나물도 물과 소금을 넣어 삶아준 다음, 찬물에 헹궈서 물기를 빼서 준비해 주세요.                   ",
		"2. 적양배추와 오이, 당근은 가늘게 채썰어서 준비해 주고, 양념장 재료를 모두 넣어서 고루 섞어서 준비해 줍니다.                   ",
		"3. 쫄면은 가닥가닥 떼어서 끓는물에 넣어 5~6분정도 삶아 주고, 찬물에 헹궈서 물기를 빼서 준비해둡니다.                   ",
		"4. 면을 그릇에 담아 준비해 둔 야채들을 빙 둘러서 얹어준 다음, 달걀을 얹고 양념장을 듬뿍 뿌려 고루 비벼 주면 완성!"
	],
	"recipe_img": [
		"https://recipe1.ezmember.co.kr/cache/recipe/2015/04/01/f5945a3341e9680e4ac49ffa32c60f091.jpg",
		"https://recipe1.ezmember.co.kr/cache/recipe/2015/04/01/53e1fdbed8a20c4592ae538c0148b2361.jpg",
		"https://recipe1.ezmember.co.kr/cache/recipe/2015/04/01/1ad8457a0c7cd8a4243d9075506e0c191.jpg",
		"https://recipe1.ezmember.co.kr/cache/recipe/2015/04/01/41550a43658526122d3d17aeb0c7b17a1.jpg"
	]
}