{
	"id": "2830994",
	"name": "콩나물야채비빔밥 만드는 법",
	"thumbnail": "https://recipe1.ezmember.co.kr/cache/recipe/2015/04/01/b4e558575c345044bb38c9e3ddd3ebd91.jpg",
	"url": "https://www.10000recipe.com/recipe/2830994",
	"ingredient_ids": [
		995,
		47,
		24,
		53,
		9,
		5,
		497,
		379,
		660,
		543
	],
	"time": "90",
	"ingre_list": [
		{
			"ingre_name": "불린쌀",
			"ingre_count": "2",
			"ingre_unit": "컵"
		},
		{
			"ingre_name": "물",
			"ingre_count": "2",
			"ingre_unit": "컵"
		},
		{
			"ingre_name": "콩나물",
			"ingre_count": "200",
			"ingre_unit": "g"
		},
		{
			"ingre_name": "연근",
			"ingre_count": "6",
			"ingre_unit": "조각"
		},
		{
			"ingre_name": "표고버섯",
			"ingre_count": "2",
			"ingre_unit": "개"
		},
		{
			"ingre_name": "당근",
			"ingre_count": "50",
			"ingre_unit": "g"
		},
		{
			"ingre_name": "감자",
			"ingre_count": "2",
			"ingre_unit": "개"
		},
		{
			"ingre_name": "소금",
			"ingre_count": "1",
			"ingre_unit": "작은술"
		},
		{
			"ingre_name": "간장",
			"ingre_count": "3",
			"ingre_unit": "큰술"
		},
		{
			"ingre_name": "참기름",
			"ingre_count": "1",
			"ingre_unit": "큰술"
		},
		{
			"ingre_name": "다진파",
			"ingre_count": "2",
			"ingre_unit": "큰술"
		},
		{
			"ingre_name": "통깨",
			"ingre_count": "1",
			"ingre_unit": "큰술"
		}
	],
	"recipe": [
		"1. 당근, 표고버섯은 채썰어 주시고 감자는 적당히 썰어 주세요~ (야채는 취향껏 이용하셔도 좋아요.)                   ",
		"2. 볼에 표고버섯을 담고 소금을 넣어 섞어 주세요.(선택)",
		"3. 쌀을 1시간이상 불려서 밥솥에 담고 물을 동량으로 넣은후에 연근, 표고버섯, 감자, 당근을 넣고 밥을 해 주세요~ 전 압력밥솥에 밥을 했는데요 센불에서 추가 돌때까지 끓인 후에 약불에서5~10분 뜸들여 주세요.",
		"4. 콩나물은 깨끗이 씻은 후에 냄비에 물을 끓여 끓어 오르면 데쳐 물기를 제거해 준비해 주세요~ (콩나물은 밥솥에 넣어 밥을 해도 좋지만, 이렇게 따로 데치면 더 아삭아삭하니 맛난거 같아요~~)                   ",
		"5. 양념장재료를 모두 섞어 준비해 주시고 밥을 그릇에 담고 콩나물을 올리고 양념장을 넣어 쓱싹 비벼드시면 된답니다~~ 주말 간단 한 끼 식사로 좋아요~~                   ",
		"6. 당근, 표고버섯은 채썰어 주시고 감자는 적당히 썰어 주세요~ (야채는 취향껏 이용하셔도 좋아요.)                   ",
		"7. 볼에 표고버섯을 담고 소금을 넣어 섞어 주세요.(선택)",
		"8. 쌀을 1시간이상 불려서 밥솥에 담고 물을 동량으로 넣은후에 연근, 표고버섯, 감자, 당근을 넣고 밥을 해 주세요~ 전 압력밥솥에 밥을 했는데요 센불에서 추가 돌때까지 끓인 후에 약불에서5~10분 뜸들여 주세요.",
		"9. 콩나물은 깨끗이 씻은 후에 냄비에 물을 끓여 끓어 오르면 데쳐 물기를 제거해 준비해 주세요~ (콩나물은 밥솥에 넣어 밥을 해도 좋지만, 이렇게 따로 데치면 더 아삭아삭하니 맛난거 같아요~~)                   ",
		"10. 양념장재료를 모두 섞어 준비해 주시고 밥을 그릇에 담고 콩나물을 올리고 양념장을 넣어 쓱싹 비벼드시면 된답니다~~ 주말 간단 한 끼 식사로 좋아요~~                   "
	],
	"recipe_img": [
		"https://recipe1.ezmember.co.kr/cache/recipe/2015/04/01/67f0583b0787a851111cd4a035ec02b21.jpg",
		"https://recipe1.ezmember.co.kr/cache/recipe/2015/04/01/a326d694ab2b8da45829739442bda9971.jpg",
		"https://recipe1.ezmember.co.kr/cache/recipe/2015/04/01/0f6dc0d6ea5fdcb694382bef157f45781.jpg",
		"https://recipe1.ezmember.co.kr/cache/recipe/2015/04/01/69ec6390efaacf8b7beff920ddea42341.jpg",
		"https://recipe1.ezmember.co.kr/cache/recipe/2015/04/01/daf878c13300214f06fbbe77c42388b11.jpg",
		"https://recipe1.ezmember.co.kr/cache/recipe/2015/04/01/3292d03548f2ae90d107582eeed4f5a21.jpg",
		"https://recipe1.ezmember.co.kr/cache/recipe/2015/04/01/39fa98e2a304886a82ae3258dc6c2c441.jpg",
		"https://recipe1.ezmember.co.kr/cache/recipe/2015/04/01/15073e403731ba4b99000d673fd57bfc1.jpg",
		"https://recipe1.ezmember.co.kr/cache/recipe/2015/04/01/5288656b55e96bca40efdfef99a6ec6d1.jpg",
		"https://recipe1.ezmember.co.kr/cache/recipe/2015/04/01/5ea58b9e94f4df384c2a018cb42680811.jpg"
	]
}