{
	"id": "2836008",
	"name": "쉬운 요리 돼지고기 김치볶음밥",
	"thumbnail": "https://recipe1.ezmember.co.kr/cache/recipe/2015/07/24/a89b3098888b005dc4adfa6cff1451a8.jpg",
	"url": "https://www.10000recipe.com/recipe/2836008",
	"ingredient_ids": [
		487,
		3,
		953,
		473,
		224,
		379,
		843,
		233,
		457,
		846
	],
	"time": "30",
	"ingre_list": [
		{
			"ingre_name": "돼지고기",
			"ingre_count": "120",
			"ingre_unit": "g"
		},
		{
			"ingre_name": "양파",
			"ingre_count": "1/2",
			"ingre_unit": "개"
		},
		{
			"ingre_name": "김치",
			"ingre_count": "80",
			"ingre_unit": "g"
		},
		{
			"ingre_name": "고추장",
			"ingre_count": "2",
			"ingre_unit": "큰술"
		},
		{
			"ingre_name": "고춧가루",
			"ingre_count": "1",
			"ingre_unit": "큰술"
		},
		{
			"ingre_name": "간장",
			"ingre_count": "1/2",
			"ingre_unit": "큰술"
		},
		{
			"ingre_name": "매실액",
			"ingre_count": "1",
			"ingre_unit": "큰술"
		},
		{
			"ingre_name": "다진마늘",
			"ingre_count": "1",
			"ingre_unit": "큰술"
		},
		{
			"ingre_name": "다진생강",
			"ingre_count": "1",
			"ingre_unit": "작은술"
		},
		{
			"ingre_name": "청주",
			"ingre_count": "1",
			"ingre_unit": "큰술"
		}
	],
	"recipe": [
		"1. 돼지고기를 가로, 세로 1cm 크기로 썰어 줍니다. 그릇에 고추장 2큰술, 고춧가루 1큰술, 간장 1/2큰술, 매실액 1큰술, 다진마늘 1큰술, 다진생강 1작은술, 청주 1큰술과 돼지고기를 넣고 섞어 줍니다. 양념에 잘 배이도록 30분동안 재워 둡니다.",
		"2. 김치와 양파는 가로, 세로 0.7cm정도로 썰어 줍니다.",
		"3. 아주 달군팬에 기름을 두르고 고기를 넣고 볶아 줍니다. 고기는 강불에서 육즙이 나오지 않게 볶아 주세요.",
		"4. 돼지고기가 다 익으면 김치와 양파를 넣고 같이 어우러게 볶아 줍니다. 이때부터는 불을 한단계 낮추어 김치와 양파를 넣고 볶아 주시구요.",
		"5. 양파가 다 익었으면 밥을 넣고 섞어 줍니다. 찬밥일 경우 불을 약불에 넣고 주걱을 세워 밥을 풀어주면서 섞어 줍니다. 색깔이 심심한 듯 하여 마지막에 깻잎을 조금 썰어 섞어 주어 보았답니다. 깻잎과 함께 참기름 넣고 쓱쓱 볶은 다음 마지막에 통깨 뿌려 맛나게 드시면 된답니다. 제 개인적으로 계란을 곁들여 먹는걸 좋아해서 오늘도 역시 계란을 같이 곁들여 보았습니다."
	],
	"recipe_img": [
		"https://recipe1.ezmember.co.kr/cache/recipe/2015/07/24/bf181d890d247b32e0c3312af33d95431.jpg",
		"https://recipe1.ezmember.co.kr/cache/recipe/2015/07/24/e913ff4a6f225b70493674085f6297df1.jpg",
		"https://recipe1.ezmember.co.kr/cache/recipe/2015/07/24/e6a024b3c2ac233763c1b7825f48e79e1.jpg",
		"https://recipe1.ezmember.co.kr/cache/recipe/2015/07/24/12297fb2b35ed4ed7c0687038284d78c1.jpg",
		"https://recipe1.ezmember.co.kr/cache/recipe/2015/07/24/f5249e4de56aa67db762a17ee62c10641.jpg"
	]
}