{
	"id": "2843342",
	"name": "작아도 맛있는 밥새우볶음",
	"thumbnail": "https://recipe1.ezmember.co.kr/cache/recipe/2015/06/08/f047c1977e357ab6ad01e6b4e4b23781.jpg",
	"url": "https://www.10000recipe.com/recipe/2843342",
	"ingredient_ids": [
		967,
		379,
		292,
		226,
		341,
		350
	],
	"time": "15",
	"ingre_list": [
		{
			"ingre_name": "밥새우",
			"ingre_count": "3",
			"ingre_unit": "줌"
		},
		{
			"ingre_name": "오일",
			"ingre_count": "1",
			"ingre_unit": "스푼"
		},
		{
			"ingre_name": "간장",
			"ingre_count": "1",
			"ingre_unit": "스푼"
		},
		{
			"ingre_name": "맛술",
			"ingre_count": "1",
			"ingre_unit": "스푼"
		},
		{
			"ingre_name": "설탕",
			"ingre_count": "0.",
			"ingre_unit": ".스푼"
		},
		{
			"ingre_name": "물엿",
			"ingre_count": "0.",
			"ingre_unit": ".스푼"
		},
		{
			"ingre_name": "깨소금",
			"ingre_count": "",
			"ingre_unit": "적당히"
		}
	],
	"recipe": [
		"1. 마른 팬에 밥새우를 볶아 비린내를 날려 주세요.",
		"2. 오일 두르고 밥새우를 볶다가 간장,맛술,설탕을 넣고 재빨리 섞어 주세요.",
		"3. 골고루 볶아진 밥새우에 물엿, 깨소금 넣고 휘리릭 섞은 후 마무리~"
	],
	"recipe_img": [
		"https://recipe1.ezmember.co.kr/cache/recipe/2015/07/24/9c15c3a962a4f64d091c82dea92bf3671.jpg",
		"https://recipe1.ezmember.co.kr/cache/recipe/2015/07/24/3104a5688ec401e7aeb66e7acaf1d0601.jpg",
		"https://recipe1.ezmember.co.kr/cache/recipe/2015/07/24/5a46de0f680ea4b6ca56106237e6cb771.jpg"
	]
}