{
	"id": "2853400",
	"name": "황태구이",
	"thumbnail": "https://recipe1.ezmember.co.kr/cache/recipe/2015/06/08/ec19e5a1d6111a585293b89f527a92ef.jpg",
	"url": "https://www.10000recipe.com/recipe/2853400",
	"ingredient_ids": [
		527,
		505,
		224,
		473,
		846,
		379,
		226,
		233,
		660,
		843,
		341,
		543,
		574
	],
	"time": "30",
	"ingre_list": [
		{
			"ingre_name": "황태",
			"ingre_count": "1",
			"ingre_unit": "마리"
		},
		{
			"ingre_name": "실파",
			"ingre_count": "",
			"ingre_unit": "조금"
		},
		{
			"ingre_name": "고춧가루",
			"ingre_count": "2",
			"ingre_unit": "큰술"
		},
		{
			"ingre_name": "고추장",
			"ingre_count": "2",
			"ingre_unit": "큰술"
		},
		{
			"ingre_name": "청주",
			"ingre_count": "1",
			"ingre_unit": "큰술"
		},
		{
			"ingre_name": "간장",
			"ingre_count": "1",
			"ingre_unit": "큰술"
		},
		{
			"ingre_name": "설탕",
			"ingre_count": "1",
			"ingre_unit": "큰술"
		},
		{
			"ingre_name": "다진마늘",
			"ingre_count": "1",
			"ingre_unit": "작은술"
		},
		{
			"ingre_name": "참기름",
			"ingre_count": "1",
			"ingre_unit": "작은술"
		},
		{
			"ingre_name": "매실액",
			"ingre_count": "1",
			"ingre_unit": "큰술"
		},
		{
			"ingre_name": "물엿",
			"ingre_count": "1",
			"ingre_unit": "작은술"
		},
		{
			"ingre_name": "통깨",
			"ingre_count": "",
			"ingre_unit": "조금"
		},
		{
			"ingre_name": "올리브유",
			"ingre_count": "1",
			"ingre_unit": "큰술"
		}
	],
	"recipe": [
		"1. 황태는 지져분한것을 잘라내고, 물에 담가 5~10분정도 둡니다.",
		"2. 그런 다음 물기를 꼭 짜주고, 칼등으로 가볍게 두드려 단단해진 부분이 없도록 황태살도 부드러워 지도록 해줍니다.",
		"3. 양념재료를 모두 섞어 준비 합니다.",
		"4. 양념장을 황태살 전체에 골고루 발라줍니다.",
		"5. 오븐에 구워줍니다, 오븐이 없을 경우 후라이팬에 기름을 두르고 뚜껑을 덮어 구워줍니다.오븐"
	],
	"recipe_img": [
		"https://recipe1.ezmember.co.kr/cache/recipe/2015/06/22/235750112e42d6ba0efca9bf4ea99ca11.jpg",
		"https://recipe1.ezmember.co.kr/cache/recipe/2015/06/22/1c347c3e01c07e4ecbd2713f1252d72d1.jpg",
		"https://recipe1.ezmember.co.kr/cache/recipe/2015/06/22/aaa61ac279238e009d6b4f3a159bf20e1.jpg",
		"https://recipe1.ezmember.co.kr/cache/recipe/2015/06/22/b8a4010a1878cf9eae4a407f4aac84fb1.jpg",
		"https://recipe1.ezmember.co.kr/cache/recipe/2015/06/22/4d41d3435ed8f312bedf2cb955a688101.jpg"
	]
}