{
	"id": "2853361",
	"name": "매운 청양고추볶음",
	"thumbnail": "https://recipe1.ezmember.co.kr/cache/recipe/2015/06/08/031daf3da9fea61dfd6c505b2de6e174.jpg",
	"url": "https://www.10000recipe.com/recipe/2853361",
	"ingredient_ids": [
		295,
		320,
		291,
		995,
		432,
		327,
		233,
		575
	],
	"time": "30",
	"ingre_list": [
		{
			"ingre_name": "청양고추",
			"ingre_count": "",
			"ingre_unit": ""
		},
		{
			"ingre_name": "건꼴뚜기",
			"ingre_count": "1",
			"ingre_unit": "줌"
		},
		{
			"ingre_name": "멸치",
			"ingre_count": "1",
			"ingre_unit": "줌"
		},
		{
			"ingre_name": "맛소금",
			"ingre_count": "1",
			"ingre_unit": "작은술"
		},
		{
			"ingre_name": "물",
			"ingre_count": "1/3",
			"ingre_unit": "컵"
		},
		{
			"ingre_name": "포도씨유",
			"ingre_count": "1",
			"ingre_unit": "큰술"
		},
		{
			"ingre_name": "들기름",
			"ingre_count": "1",
			"ingre_unit": "큰술"
		},
		{
			"ingre_name": "진강장1+1/2큰술",
			"ingre_count": "1+1/2",
			"ingre_unit": "큰술"
		},
		{
			"ingre_name": "다진마늘",
			"ingre_count": "1",
			"ingre_unit": "작은술"
		},
		{
			"ingre_name": "올리고당",
			"ingre_count": "1",
			"ingre_unit": "큰술"
		},
		{
			"ingre_name": "후추",
			"ingre_count": "",
			"ingre_unit": "조금"
		},
		{
			"ingre_name": "고춧가루를",
			"ingre_count": "1~3작은술",
			"ingre_unit": "~작은술"
		}
	],
	"recipe": [
		"1. 청양고추는 깨끗히 씻은후에 꼭지를 따내고 2~3cm 정도 칼집을 깊숙히 넣어줍니다.",
		"2. 건 꼴뚜기 1줌은 물에 30분정도 불린후에 물기를 빼주세요.",
		"3. 멸치도 1줌 준비해 주세요.",
		"4. 달궈진 후라이팬에 청양고추와 맛소금 1작은술,물 1/3컵을 넣고 센불에서 끓이듯 졸여줍니다. 꽈리고추에 비해 청양고추는 갓이 두꺼워 익히는게 시간이 좀 걸립니다. 가끔씩 스푼으로 뒤적걸이며 고추를 무르도록 익혀줍니다. 고추가 익기도 전에 물이 졸아들면 조금 더 넣어주세요~",
		"5. 고추가 무르고 나니 그안에서 제법 씨들이 많이 나와요. 접시에 살짝 고추를 덜어낸후 후라이팬에 남은 고추씨를 덜어내 주세요.",
		"6. 후라이팬에 포도씨유 1큰술. 들기름 1큰술을 넣고 꼴뚜기를 볶아주세요. 들기름을 처음부터 넣고 볶아야 더욱 고소한듯 하더라고요. 꼴뚜기가 살짝 볶아지면 멸치를 넣고 볶아주세요. 멸치를 볶다가 볶아놓은 청양고추 넣으시고 뒤적인 후에 진강장 1큰술 반,다진마늘 1작은술,올리고당 1큰술,후추 조금을 넣고 볶아줍니다.",
		"7. 고춧가루를 1작은술~ 1큰술 정도 넣어 볶아내도 색이 이쁜것 같아요. 마무리는 깨를 조금 넣어주시면 되고요."
	],
	"recipe_img": [
		"https://recipe1.ezmember.co.kr/cache/recipe/2015/07/24/1d45063d236863dbc80045cd3b41edb41.jpg",
		"https://recipe1.ezmember.co.kr/cache/recipe/2015/07/24/2d5408cc286f53c6fff35596d1cb48441.jpg",
		"https://recipe1.ezmember.co.kr/cache/recipe/2015/07/24/86c9dc1178db6192b700092a91a196f31.jpg",
		"https://recipe1.ezmember.co.kr/cache/recipe/2015/07/24/f46429b3a8381dee2d25d458b891ec5b1.jpg",
		"https://recipe1.ezmember.co.kr/cache/recipe/2015/07/24/5d0335128fdfa9bfb565981942f1e77f1.jpg",
		"https://recipe1.ezmember.co.kr/cache/recipe/2015/07/24/ecd037b365518e57908ca39de97243b21.jpg",
		"https://recipe1.ezmember.co.kr/cache/recipe/2015/07/24/583013a6dd00bb50199b9c5efa19b8821.jpg"
	]
}