{
	"id": "2883480",
	"name": "오징어 젓갈무침",
	"thumbnail": "https://recipe1.ezmember.co.kr/cache/recipe/2015/06/08/800288d1fc8c499e9ce9fc1f7d7ef586.jpg",
	"url": "https://www.10000recipe.com/recipe/2883480",
	"ingredient_ids": [
		19,
		29,
		295,
		226,
		938,
		660,
		543
	],
	"time": "2이상",
	"ingre_list": [
		{
			"ingre_name": "오징어젓갈",
			"ingre_count": "250",
			"ingre_unit": "g"
		},
		{
			"ingre_name": "무",
			"ingre_count": "1",
			"ingre_unit": "줌"
		},
		{
			"ingre_name": "마늘",
			"ingre_count": "3",
			"ingre_unit": "톨"
		},
		{
			"ingre_name": "청양고추",
			"ingre_count": "2",
			"ingre_unit": "개"
		},
		{
			"ingre_name": "고추가루1+1/2T",
			"ingre_count": "1+1/2",
			"ingre_unit": "T"
		},
		{
			"ingre_name": "설탕",
			"ingre_count": "1/2",
			"ingre_unit": "T"
		},
		{
			"ingre_name": "매실청",
			"ingre_count": "1/2",
			"ingre_unit": "T"
		},
		{
			"ingre_name": "참기름",
			"ingre_count": "1/2",
			"ingre_unit": "T"
		},
		{
			"ingre_name": "통깨",
			"ingre_count": "",
			"ingre_unit": "약간"
		}
	],
	"recipe": [
		"1. 1. 무는 얇게 채썰어서 채반에 널어 최소 반나절은 말려줍니다.",
		"2. 2. 마늘 3톨과 청양고추 2개를 편썰어 줍니다.",
		"3. 오징어 젓에 분량의 양념과 무, 마늘, 고추를 넣고 비벼줍니다."
	],
	"recipe_img": [
		"https://recipe1.ezmember.co.kr/cache/recipe/2015/06/22/ca67d5f07566ac37d207ba17855547f61.jpg",
		"https://recipe1.ezmember.co.kr/cache/recipe/2015/06/22/da092ba124cb94b49202f755f038f6291.jpg",
		"https://recipe1.ezmember.co.kr/cache/recipe/2015/06/22/89f1d0541891008e1d38d5e143bfb4d51.jpg"
	]
}