{
	"id": "2884843",
	"name": "석류소스 곁들인 연어말이",
	"thumbnail": "https://recipe1.ezmember.co.kr/cache/recipe/2015/06/08/a57efd39044849dae30a175d683dccd6.jpg",
	"url": "https://www.10000recipe.com/recipe/2884843",
	"ingredient_ids": [
		250,
		574,
		497
	],
	"time": "30",
	"ingre_list": [
		{
			"ingre_name": "다진양파",
			"ingre_count": "4",
			"ingre_unit": "큰술"
		},
		{
			"ingre_name": "석류청(혹은유자청)",
			"ingre_count": "3",
			"ingre_unit": "큰술"
		},
		{
			"ingre_name": "레몬즙",
			"ingre_count": "1",
			"ingre_unit": "큰술"
		},
		{
			"ingre_name": "올리브유",
			"ingre_count": "1",
			"ingre_unit": "작은술"
		},
		{
			"ingre_name": "소금",
			"ingre_count": "",
			"ingre_unit": "조금"
		}
	],
	"recipe": [
		"1. 다진 양파 4큰술, 석류청(혹은 유자청) 3큰술, 레몬즙 1큰술, 올리브유 1작은술, 소금 조금 넣어 석류소스 만들어주세요.",
		"2. 접시에 찬물에 담궈 물기를 뺀 아삭한 양상추를 깔아주세요.",
		"3. 훈제연어는 사용하시기 전에 미리 자연해동 하시어 사용하기 직전에 키친타올로 꾸욱~ 눌러 기름기를 살짝 제거해 주세요. 연어가 기름기가 살짝 많아 부담스러워 하시는 분들이 많더라고요.",
		"4. 슬라이스된 훈제연어에 무순을 조금씩 올리고 돌돌 말아 접시에 담으면 되요. 간단하죠?",
		"5. 연어말이 위에 석류소스를 살짝 뿌려주면 끝~"
	],
	"recipe_img": [
		"https://recipe1.ezmember.co.kr/cache/recipe/2015/07/24/91d847b360cc277627249beda37cf64a1.jpg",
		"https://recipe1.ezmember.co.kr/cache/recipe/2015/07/24/aa9737d3508ed0f926b0dde8dbae15d11.jpg",
		"https://recipe1.ezmember.co.kr/cache/recipe/2015/07/24/98e56502bca8021f770f9586fbebd0121.jpg",
		"https://recipe1.ezmember.co.kr/cache/recipe/2015/07/24/e45582d0bef142a5ae6a92d6a13d0ac71.jpg",
		"https://recipe1.ezmember.co.kr/cache/recipe/2015/07/24/b83beed10f27f97f32126ac1a14253551.jpg"
	]
}